{
  "type": "Filesystem",
  "managed": true,
  "description": "### Contents\nThis dataset contains all known informations on historical customers.\n\n### Usage\n#### Business Intelligence\n\n- We use this dataset to produce some statistics on customers / revenue / country, etc.\n- See some results made public on __Customers analysis__ section on the [dashboard](/projects/DATAIKU_TSHIRTS/pinboard/).\n\n#### Audit the quality of Dataiku Tshirts CRM policy\n\n- What are the __key informations__ the company need to gather about customers ? Preditive analytics helps understanding the how much gathered informations worth the effort.\n- Check out what are the most important variables looking at the best model (it\u0027s set a favorite model) in the Analysis [Audit CRM by predicting revenue on all data](/projects/DATAIKU_TSHIRTS/analysis/xXTYPWEJ/ml/p/r3Jhr1Jr/).",
  "formatType": "csv",
  "checklists": {
    "checklists": []
  },
  "checks": [],
  "customMeta": {
    "kv": {}
  },
  "flowOptions": {
    "virtualizable": false,
    "rebuildBehavior": "NORMAL",
    "crossProjectBuildBehavior": "DEFAULT"
  },
  "readWriteOptions": {
    "preserveOrder": false,
    "writeBuckets": 1,
    "forceSingleOutputFile": false,
    "defaultReadOrdering": {
      "enabled": false,
      "rules": []
    }
  },
  "formatParams": {
    "style": "unix",
    "charset": "utf8",
    "separator": "\t",
    "quoteChar": "\"",
    "escapeChar": "\\",
    "dateSerializationFormat": "ISO",
    "arrayMapFormat": "json",
    "hiveSeparators": [
      "\u0002",
      "\u0003",
      "\u0004",
      "\u0005",
      "\u0006",
      "\u0007",
      "\b"
    ],
    "skipRowsBeforeHeader": 0,
    "parseHeaderRow": false,
    "skipRowsAfterHeader": 0,
    "probableNumberOfRecords": 0,
    "normalizeBooleans": false,
    "normalizeDoubles": false,
    "readAdditionalColumnsBehavior": "INSERT_IN_DATA_WARNING",
    "readMissingColumnsBehavior": "DISCARD_SILENT",
    "readDataTypeMismatchBehavior": "DISCARD_WARNING",
    "writeDataTypeMismatchBehavior": "DISCARD_WARNING",
    "fileReadFailureBehavior": "FAIL",
    "compress": "gz"
  },
  "partitioning": {
    "ignoreNonMatchingFile": false,
    "considerMissingRequestedPartitionsAsEmpty": false,
    "dimensions": []
  },
  "versionTag": {
    "versionNumber": 3,
    "lastModifiedBy": {
      "login": "admin"
    },
    "lastModifiedOn": 1461148470735
  },
  "tags": [],
  "params": {
    "connection": "filesystem_managed",
    "path": "/DKU_TSHIRTS.crm_and_web_history_enriched",
    "notReadyIfEmpty": false,
    "filesSelectionRules": {
      "mode": "ALL",
      "excludeRules": [],
      "includeRules": [],
      "explicitFiles": []
    }
  },
  "schema": {
    "columns": [
      {
        "name": "customer_id",
        "type": "string",
        "maxLength": 1000
      },
      {
        "name": "age",
        "type": "double",
        "maxLength": 1000
      },
      {
        "name": "price_first_item_purchased",
        "type": "double",
        "maxLength": 1000
      },
      {
        "name": "gender",
        "type": "string",
        "maxLength": 1000
      },
      {
        "name": "revenue",
        "type": "double",
        "maxLength": 1000
      },
      {
        "name": "ip_country",
        "type": "string",
        "maxLength": 1000
      },
      {
        "name": "pages_visited",
        "type": "double",
        "maxLength": 1000
      },
      {
        "name": "campain",
        "type": "boolean",
        "maxLength": 1000
      }
    ],
    "userModified": false
  },
  "metrics": {
    "probes": []
  },
  "metricsChecks": {
    "runOnBuild": false,
    "checks": [],
    "displayedState": {
      "checks": []
    }
  }
}