{
  "projectKey": "DKU_TSHIRTS",
  "id": "Rebuild_for_DTS",
  "type": "step_based",
  "name": "Rebuild for DTS",
  "active": true,
  "versionTag": {
    "versionNumber": 2,
    "lastModifiedBy": {
      "login": "itrivedi"
    },
    "lastModifiedOn": 1545162825710
  },
  "checklists": {
    "checklists": []
  },
  "delayedTriggersBehavior": {
    "delayWhileRunning": true,
    "squashDelayedTriggers": true,
    "suppressTriggersWhileRunning": true
  },
  "tags": [],
  "triggers": [
    {
      "id": "6CaMB01b",
      "type": "temporal",
      "name": "DTS15mins",
      "delay": 5,
      "active": true,
      "params": {
        "frequency": "Minutely",
        "daysOfWeek": [
          "Saturday"
        ],
        "dayOfMonth": 1,
        "minute": 0,
        "hour": 2,
        "count": 45
      }
    }
  ],
  "reporters": [],
  "params": {
    "steps": [
      {
        "id": "build_0_true_d_revenue_prediction",
        "type": "build_flowitem",
        "name": "Step #1",
        "runConditionType": "RUN_IF_STATUS_MATCH",
        "runConditionStatuses": [
          "SUCCESS",
          "WARNING"
        ],
        "runConditionExpression": "",
        "resetScenarioStatus": false,
        "params": {
          "builds": [
            {
              "type": "DATASET",
              "itemId": "revenue_prediction",
              "partitionsSpec": ""
            }
          ],
          "jobType": "RECURSIVE_BUILD",
          "refreshHiveMetastore": true,
          "proceedOnFailure": false
        }
      }
    ]
  },
  "automationLocal": false
}