{"cluster_description" : [{"variable" : "line_item_paid_amount", "var" : 0.0, "values" : [{"cluster" : "anomalies", "col" : 0, "value" : 0.0}, {"cluster" : "regular", "col" : 1, "value" : 0.0}]}, {"variable" : "provider_specialty", "var" : 0.0, "values" : [{"cluster" : "anomalies", "col" : 0, "value" : 0.0}, {"cluster" : "regular", "col" : 1, "value" : 0.0}]}, {"variable" : "lineitem_units_charged", "var" : 0.0, "values" : [{"cluster" : "anomalies", "col" : 0, "value" : 0.0}, {"cluster" : "regular", "col" : 1, "value" : 0.0}]}, {"variable" : "clcl_input_dt", "var" : 0.0, "values" : [{"cluster" : "anomalies", "col" : 0, "value" : 0.0}, {"cluster" : "regular", "col" : 1, "value" : 0.0}]}, {"variable" : "line_item_amount_charged", "var" : 0.0, "values" : [{"cluster" : "anomalies", "col" : 0, "value" : 0.0}, {"cluster" : "regular", "col" : 1, "value" : 0.0}]}, {"variable" : "dummy:claim_current_status:02", "var" : 0.0, "values" : [{"cluster" : "anomalies", "col" : 0, "value" : 0.0}, {"cluster" : "regular", "col" : 1, "value" : 0.0}]}, {"variable" : "dummy:claim_current_status:01", "var" : 0.0, "values" : [{"cluster" : "anomalies", "col" : 0, "value" : 0.0}, {"cluster" : "regular", "col" : 1, "value" : 0.0}]}, {"variable" : "dummy:claim_current_status:91", "var" : 0.0, "values" : [{"cluster" : "anomalies", "col" : 0, "value" : 0.0}, {"cluster" : "regular", "col" : 1, "value" : 0.0}]}, {"variable" : "dummy:claim_current_status:N\/A", "var" : 0.0, "values" : [{"cluster" : "anomalies", "col" : 0, "value" : 0.0}, {"cluster" : "regular", "col" : 1, "value" : 0.0}]}, {"variable" : "dummy:claim_current_status:__Others__", "var" : 0.0, "values" : [{"cluster" : "anomalies", "col" : 0, "value" : 0.0}, {"cluster" : "regular", "col" : 1, "value" : 0.0}]}, {"variable" : "dummy:procedure_code:X123", "var" : 0.0, "values" : [{"cluster" : "anomalies", "col" : 0, "value" : 0.0}, {"cluster" : "regular", "col" : 1, "value" : 0.0}]}, {"variable" : "dummy:procedure_code:NSZKA", "var" : 0.0, "values" : [{"cluster" : "anomalies", "col" : 0, "value" : 0.0}, {"cluster" : "regular", "col" : 1, "value" : 0.0}]}, {"variable" : "dummy:procedure_code:NYH4O", "var" : 0.0, "values" : [{"cluster" : "anomalies", "col" : 0, "value" : 0.0}, {"cluster" : "regular", "col" : 1, "value" : 0.0}]}, {"variable" : "dummy:procedure_code:  23SDS", "var" : 0.0, "values" : [{"cluster" : "anomalies", "col" : 0, "value" : 0.0}, {"cluster" : "regular", "col" : 1, "value" : 0.0}]}, {"variable" : "dummy:procedure_code:   SN32K", "var" : 0.0, "values" : [{"cluster" : "anomalies", "col" : 0, "value" : 0.0}, {"cluster" : "regular", "col" : 1, "value" : 0.0}]}, {"variable" : "dummy:procedure_code:S2GJ3", "var" : 0.0, "values" : [{"cluster" : "anomalies", "col" : 0, "value" : 0.0}, {"cluster" : "regular", "col" : 1, "value" : 0.0}]}, {"variable" : "dummy:procedure_code:43IXK", "var" : 0.0, "values" : [{"cluster" : "anomalies", "col" : 0, "value" : 0.0}, {"cluster" : "regular", "col" : 1, "value" : 0.0}]}, {"variable" : "dummy:procedure_code:3P29S", "var" : 0.0, "values" : [{"cluster" : "anomalies", "col" : 0, "value" : 0.0}, {"cluster" : "regular", "col" : 1, "value" : 0.0}]}, {"variable" : "dummy:procedure_code:XSMJH   ", "var" : 0.0, "values" : [{"cluster" : "anomalies", "col" : 0, "value" : 0.0}, {"cluster" : "regular", "col" : 1, "value" : 0.0}]}, {"variable" : "dummy:procedure_code:9979", "var" : 0.0, "values" : [{"cluster" : "anomalies", "col" : 0, "value" : 0.0}, {"cluster" : "regular", "col" : 1, "value" : 0.0}]}, {"variable" : "dummy:procedure_code:N\/A", "var" : 0.0, "values" : [{"cluster" : "anomalies", "col" : 0, "value" : 0.0}, {"cluster" : "regular", "col" : 1, "value" : 0.0}]}, {"variable" : "dummy:procedure_code:32WSS  ", "var" : 0.0, "values" : [{"cluster" : "anomalies", "col" : 0, "value" : 0.0}, {"cluster" : "regular", "col" : 1, "value" : 0.0}]}, {"variable" : "dummy:procedure_code:S3DSHJ", "var" : 0.0, "values" : [{"cluster" : "anomalies", "col" : 0, "value" : 0.0}, {"cluster" : "regular", "col" : 1, "value" : 0.0}]}, {"variable" : "dummy:procedure_code:S3I46", "var" : 0.0, "values" : [{"cluster" : "anomalies", "col" : 0, "value" : 0.0}, {"cluster" : "regular", "col" : 1, "value" : 0.0}]}, {"variable" : "dummy:procedure_code:23KSWA", "var" : 0.0, "values" : [{"cluster" : "anomalies", "col" : 0, "value" : 0.0}, {"cluster" : "regular", "col" : 1, "value" : 0.0}]}, {"variable" : "dummy:procedure_code:NULL", "var" : 0.0, "values" : [{"cluster" : "anomalies", "col" : 0, "value" : 0.0}, {"cluster" : "regular", "col" : 1, "value" : 0.0}]}, {"variable" : "dummy:procedure_code:9N278", "var" : 0.0, "values" : [{"cluster" : "anomalies", "col" : 0, "value" : 0.0}, {"cluster" : "regular", "col" : 1, "value" : 0.0}]}, {"variable" : "dummy:procedure_code:D4578", "var" : 0.0, "values" : [{"cluster" : "anomalies", "col" : 0, "value" : 0.0}, {"cluster" : "regular", "col" : 1, "value" : 0.0}]}, {"variable" : "dummy:procedure_code:3K2US", "var" : 0.0, "values" : [{"cluster" : "anomalies", "col" : 0, "value" : 0.0}, {"cluster" : "regular", "col" : 1, "value" : 0.0}]}, {"variable" : "dummy:procedure_code:3272D", "var" : 0.0, "values" : [{"cluster" : "anomalies", "col" : 0, "value" : 0.0}, {"cluster" : "regular", "col" : 1, "value" : 0.0}]}, {"variable" : "dummy:procedure_code:C4391", "var" : 0.0, "values" : [{"cluster" : "anomalies", "col" : 0, "value" : 0.0}, {"cluster" : "regular", "col" : 1, "value" : 0.0}]}, {"variable" : "dummy:procedure_code:VCGHD", "var" : 0.0, "values" : [{"cluster" : "anomalies", "col" : 0, "value" : 0.0}, {"cluster" : "regular", "col" : 1, "value" : 0.0}]}, {"variable" : "dummy:procedure_code:WSQQS", "var" : 0.0, "values" : [{"cluster" : "anomalies", "col" : 0, "value" : 0.0}, {"cluster" : "regular", "col" : 1, "value" : 0.0}]}, {"variable" : "dummy:procedure_code:__Others__", "var" : 0.0, "values" : [{"cluster" : "anomalies", "col" : 0, "value" : 0.0}, {"cluster" : "regular", "col" : 1, "value" : 0.0}]}, {"variable" : "dummy:diagnosis_code:654GB", "var" : 0.0, "values" : [{"cluster" : "anomalies", "col" : 0, "value" : 0.0}, {"cluster" : "regular", "col" : 1, "value" : 0.0}]}, {"variable" : "dummy:diagnosis_code:HSGZ21", "var" : 0.0, "values" : [{"cluster" : "anomalies", "col" : 0, "value" : 0.0}, {"cluster" : "regular", "col" : 1, "value" : 0.0}]}, {"variable" : "dummy:diagnosis_code:3SDB2   ", "var" : 0.0, "values" : [{"cluster" : "anomalies", "col" : 0, "value" : 0.0}, {"cluster" : "regular", "col" : 1, "value" : 0.0}]}, {"variable" : "dummy:diagnosis_code:2SAGH", "var" : 0.0, "values" : [{"cluster" : "anomalies", "col" : 0, "value" : 0.0}, {"cluster" : "regular", "col" : 1, "value" : 0.0}]}, {"variable" : "dummy:diagnosis_code:G654R", "var" : 0.0, "values" : [{"cluster" : "anomalies", "col" : 0, "value" : 0.0}, {"cluster" : "regular", "col" : 1, "value" : 0.0}]}, {"variable" : "dummy:diagnosis_code:LIG5UG", "var" : 0.0, "values" : [{"cluster" : "anomalies", "col" : 0, "value" : 0.0}, {"cluster" : "regular", "col" : 1, "value" : 0.0}]}, {"variable" : "dummy:diagnosis_code:,DIU3Y   ", "var" : 0.0, "values" : [{"cluster" : "anomalies", "col" : 0, "value" : 0.0}, {"cluster" : "regular", "col" : 1, "value" : 0.0}]}, {"variable" : "dummy:diagnosis_code:FD3R2", "var" : 0.0, "values" : [{"cluster" : "anomalies", "col" : 0, "value" : 0.0}, {"cluster" : "regular", "col" : 1, "value" : 0.0}]}, {"variable" : "dummy:diagnosis_code:4JKY5", "var" : 0.0, "values" : [{"cluster" : "anomalies", "col" : 0, "value" : 0.0}, {"cluster" : "regular", "col" : 1, "value" : 0.0}]}, {"variable" : "dummy:diagnosis_code:NULL", "var" : 0.0, "values" : [{"cluster" : "anomalies", "col" : 0, "value" : 0.0}, {"cluster" : "regular", "col" : 1, "value" : 0.0}]}, {"variable" : "dummy:diagnosis_code:65P3E", "var" : 0.0, "values" : [{"cluster" : "anomalies", "col" : 0, "value" : 0.0}, {"cluster" : "regular", "col" : 1, "value" : 0.0}]}, {"variable" : "dummy:diagnosis_code:  21SHJ", "var" : 0.0, "values" : [{"cluster" : "anomalies", "col" : 0, "value" : 0.0}, {"cluster" : "regular", "col" : 1, "value" : 0.0}]}, {"variable" : "dummy:diagnosis_code:S1MHQV", "var" : 0.0, "values" : [{"cluster" : "anomalies", "col" : 0, "value" : 0.0}, {"cluster" : "regular", "col" : 1, "value" : 0.0}]}, {"variable" : "dummy:diagnosis_code:231YQ", "var" : 0.0, "values" : [{"cluster" : "anomalies", "col" : 0, "value" : 0.0}, {"cluster" : "regular", "col" : 1, "value" : 0.0}]}, {"variable" : "dummy:diagnosis_code:43KJJ", "var" : 0.0, "values" : [{"cluster" : "anomalies", "col" : 0, "value" : 0.0}, {"cluster" : "regular", "col" : 1, "value" : 0.0}]}, {"variable" : "dummy:diagnosis_code:  43EDDS", "var" : 0.0, "values" : [{"cluster" : "anomalies", "col" : 0, "value" : 0.0}, {"cluster" : "regular", "col" : 1, "value" : 0.0}]}, {"variable" : "dummy:diagnosis_code:XENW2K", "var" : 0.0, "values" : [{"cluster" : "anomalies", "col" : 0, "value" : 0.0}, {"cluster" : "regular", "col" : 1, "value" : 0.0}]}, {"variable" : "dummy:diagnosis_code:SO22S", "var" : 0.0, "values" : [{"cluster" : "anomalies", "col" : 0, "value" : 0.0}, {"cluster" : "regular", "col" : 1, "value" : 0.0}]}, {"variable" : "dummy:diagnosis_code:ABVCH", "var" : 0.0, "values" : [{"cluster" : "anomalies", "col" : 0, "value" : 0.0}, {"cluster" : "regular", "col" : 1, "value" : 0.0}]}, {"variable" : "dummy:diagnosis_code:SG2IS", "var" : 0.0, "values" : [{"cluster" : "anomalies", "col" : 0, "value" : 0.0}, {"cluster" : "regular", "col" : 1, "value" : 0.0}]}, {"variable" : "dummy:diagnosis_code:PJO7Y", "var" : 0.0, "values" : [{"cluster" : "anomalies", "col" : 0, "value" : 0.0}, {"cluster" : "regular", "col" : 1, "value" : 0.0}]}, {"variable" : "dummy:diagnosis_code:0", "var" : 0.0, "values" : [{"cluster" : "anomalies", "col" : 0, "value" : 0.0}, {"cluster" : "regular", "col" : 1, "value" : 0.0}]}, {"variable" : "dummy:diagnosis_code:SJ3YH", "var" : 0.0, "values" : [{"cluster" : "anomalies", "col" : 0, "value" : 0.0}, {"cluster" : "regular", "col" : 1, "value" : 0.0}]}, {"variable" : "dummy:diagnosis_code:796IO", "var" : 0.0, "values" : [{"cluster" : "anomalies", "col" : 0, "value" : 0.0}, {"cluster" : "regular", "col" : 1, "value" : 0.0}]}, {"variable" : "dummy:diagnosis_code:SI2U3", "var" : 0.0, "values" : [{"cluster" : "anomalies", "col" : 0, "value" : 0.0}, {"cluster" : "regular", "col" : 1, "value" : 0.0}]}, {"variable" : "dummy:diagnosis_code:__Others__", "var" : 0.0, "values" : [{"cluster" : "anomalies", "col" : 0, "value" : 0.0}, {"cluster" : "regular", "col" : 1, "value" : 0.0}]}], "train_nb_features" : 60, "reduce_vars" : [], "train_nb_records" : 10000, "metrics" : {"nbClusters" : 2, "silhouette" : -1.0, "inertia" : 1.8283413358595255E8}, "variables_importance" : {"variables" : ["dummy:claim_current_status:02", "dummy:procedure_code:   SN32K", "dummy:procedure_code:X123", "dummy:diagnosis_code:65P3E", "dummy:claim_current_status:01", "dummy:diagnosis_code:4JKY5", "dummy:procedure_code:23KSWA", "dummy:claim_current_status:91", "dummy:diagnosis_code:796IO", "dummy:procedure_code:N\/A", "dummy:procedure_code:S2GJ3", "dummy:procedure_code:9N278", "dummy:diagnosis_code:S1MHQV", "dummy:diagnosis_code:ABVCH", "dummy:diagnosis_code:  21SHJ", "line_item_paid_amount", "dummy:procedure_code:9979", "dummy:diagnosis_code:G654R", "dummy:diagnosis_code:LIG5UG", "dummy:diagnosis_code:2SAGH", "provider_specialty", "dummy:claim_current_status:N\/A", "dummy:diagnosis_code:0", "lineitem_units_charged", "dummy:diagnosis_code:654GB", "dummy:procedure_code:WSQQS", "dummy:diagnosis_code:SI2U3", "dummy:procedure_code:S3I46", "dummy:diagnosis_code:,DIU3Y   ", "dummy:diagnosis_code:  43EDDS", "dummy:diagnosis_code:XENW2K", "dummy:diagnosis_code:SO22S", "dummy:diagnosis_code:FD3R2", "dummy:diagnosis_code:SJ3YH", "dummy:procedure_code:  23SDS", "dummy:diagnosis_code:HSGZ21", "dummy:diagnosis_code:3SDB2   ", "clcl_input_dt", "dummy:procedure_code:3K2US", "dummy:diagnosis_code:PJO7Y", "dummy:diagnosis_code:__Others__", "dummy:procedure_code:C4391", "dummy:procedure_code:NYH4O", "dummy:diagnosis_code:231YQ", "dummy:procedure_code:32WSS  ", "dummy:diagnosis_code:NULL", "dummy:procedure_code:3P29S", "dummy:procedure_code:NULL", "dummy:diagnosis_code:43KJJ", "dummy:procedure_code:43IXK", "dummy:procedure_code:3272D", "dummy:procedure_code:NSZKA", "dummy:procedure_code:S3DSHJ", "dummy:diagnosis_code:SG2IS", "dummy:procedure_code:__Others__", "dummy:procedure_code:D4578", "dummy:procedure_code:VCGHD", "dummy:procedure_code:XSMJH   ", "dummy:claim_current_status:__Others__", "line_item_amount_charged"], "importances" : [0.025286105307634907, 9.272939181452247E-4, 9.501905202298207E-4, 0.0016253349300780267, 0.025785019649559236, 4.795479058762007E-4, 0.017272132506689034, 0.019374565884441936, 0.0031958044063606673, 6.666281285210806E-4, 0.0037506333634772914, 0.0010876267045121758, 9.243366637342548E-4, 8.199163830171811E-4, 6.707413709428254E-4, 0.11208333351634776, 0.00238245390953667, 0.10796148660022879, 9.059299986221099E-4, 0.0019434033645753328, 0.09508519654608845, 0.23136994494564034, 0.0024096463854670837, 0.03202035796227954, 0.1771575290429181, 0.0012850816498466045, 0.0012544217156908919, 0.0015493505008089994, 0.004619354329100385, 5.850755579731173E-4, 2.5183842292751023E-4, 6.970226540656105E-4, 0.0019704902672788857, 0.0023068751698260533, 6.105826574664183E-4, 3.7448970562778026E-4, 0.0016766463386404188, 0.020085359577837518, 7.805910965516416E-4, 0.002565442777081053, 0.0, 0.00479644751060223, 0.0023523299046788715, 0.0014111610679428226, 0.002835061970676506, 9.852817318886042E-4, 0.0011268486771576053, 5.917432806844376E-4, 3.8308489795331246E-5, 0.002115842592965873, 6.262225822765875E-4, 0.002399981311973192, 0.001010342028327915, 0.001457755538293784, 0.0, 0.0015195937976734668, 0.0021600797951303696, 0.0012329525195193458, 0.0, 0.06659226486476624]}}