Date,Description,Original Description,Amount,Transaction Type,Category,Account Name,Labels,Notes
1/31/2015,Kroger,KROGER,46,debit,Groceries,Costco TrueEarnings Card,,
1/30/2015,Kroger,KROGER #509 000000508008533033999999950298008533033 320150300839903975,22.1,debit,Groceries,Costco TrueEarnings Card,,
1/28/2015,Kroger,KROGER #509 000000508008533033999999950278008533033 320150280810056647,39.65,debit,Groceries,Costco TrueEarnings Card,,
1/26/2015,Costco,COSTCO WHSE #0205 00GLEN ALLEN012644000   8042730425 320150260777756433,63.28,debit,Groceries,Costco TrueEarnings Card,,
1/25/2015,Kroger,KROGER #509 000000508008533033999999950248008533033 320150250767149799,39.83,debit,Groceries,Costco TrueEarnings Card,,
1/25/2015,Glen's,MAPCO-EXPRESS #4059 GLEN ALLEN28144059008 8047470750 320150250756906905,31.38,debit,Groceries,Costco TrueEarnings Card,,
1/22/2015,Kroger,KROGER #509 000000508008533033999999950218008533033 320150220722582863,26.78,debit,Groceries,Costco TrueEarnings Card,,
1/19/2015,Kroger,KROGER #509 000000508008533033999999950188008533033 320150190674388837,5.95,debit,Groceries,Costco TrueEarnings Card,,
1/18/2015,Kroger,KROGER #509 000000508008533033999999950178008533033 320150180660805292,42.61,debit,Groceries,Costco TrueEarnings Card,,
1/17/2015,Kroger,KROGER #509 000000508008533033999999950168008533033 320150170647148862,15.85,debit,Groceries,Costco TrueEarnings Card,,
1/13/2015,Costco,COSTCO WHSE #0205 00GLEN ALLEN018727000   8042730425 320150130580300118,20,debit,Groceries,Costco TrueEarnings Card,,
1/13/2015,Costco,COSTCO WHSE #0205 00GLEN ALLEN018684000   8042730425 320150130579317074,26.31,credit,Groceries,Costco TrueEarnings Card,,
1/11/2015,Whole Foods,WHOLEFDS SPP 10257 0GLEN ALLEN04200066008 8043646490 320150110553472818,33.87,debit,Groceries,Costco TrueEarnings Card,,
1/11/2015,Costco,COSTCO WHSE #0205 00GLEN ALLEN013082000   8042730425 320150110551658328,51.16,debit,Groceries,Costco TrueEarnings Card,,
1/10/2015,Kroger,KROGER #509 000000508008533033999999950098008533033 320150100541975352,9.61,debit,Groceries,Costco TrueEarnings Card,,
1/05/2015,Costco,COSTCO WHSE #0205 00GLEN ALLEN038999000   8042730425 320150050461016218,98.93,debit,Groceries,Costco TrueEarnings Card,,
1/01/2015,Kroger,KROGER #509 000000508008533033999999943658008533033 320150010408908763,27.7,debit,Groceries,Costco TrueEarnings Card,,
12/30/2014,Kroger,KROGER #509 000000508008533033999999943638008533033 320143640375317243,3.97,debit,Groceries,Costco TrueEarnings Card,,
12/29/2014,Costco,COSTCO WHSE #0205 00GLEN ALLEN014803000   8042730425 320143630357318658,86.8,debit,Groceries,Costco TrueEarnings Card,,
12/29/2014,Costco,COSTCO WHSE #0205 00GLEN ALLEN014613000   8042730425 320143630353930784,11.26,credit,Groceries,Costco TrueEarnings Card,,
12/29/2014,Costco,COSTCO WHSE #0205 00GLEN ALLEN014624000   8042730425 320143630355694410,3.67,debit,Groceries,Costco TrueEarnings Card,,
12/28/2014,Kroger,KROGER #509 000000508008533033999999943618008533033 320143620345220344,16.88,debit,Groceries,Costco TrueEarnings Card,,
12/25/2014,Kroger,KROGER #509 000000508008533033999999943588008533033 320143590310539952,18.18,debit,Groceries,Costco TrueEarnings Card,,
12/23/2014,Kroger,KROGER #509 000000508008533033999999943568008533033 320143570272554052,26.85,debit,Groceries,Costco TrueEarnings Card,,
12/22/2014,Costco,COSTCO WHSE #0205 00GLEN ALLEN038697000   8042730425 320143560243235579,33.5,debit,Groceries,Costco TrueEarnings Card,,
12/22/2014,Costco,COSTCO WHSE #0205 00GLEN ALLEN038701000   8042730425 320143560243560943,63.15,debit,Groceries,Costco TrueEarnings Card,,
12/21/2014,Kroger,KROGER #504 000000508008533033999999943548008533033 320143550235246323,34.8,debit,Groceries,Costco TrueEarnings Card,,
12/18/2014,Kroger,KROGER #504 000000508008533033999999943518008533033 320143520179760004,24.85,debit,Groceries,Costco TrueEarnings Card,,
12/15/2014,Costco,COSTCO WHSE #0205 00GLEN ALLEN010865000   8042730425 320143490121627272,98.74,debit,Groceries,Costco TrueEarnings Card,,
12/12/2014,Kroger,KROGER #509 000000508008533033999999943458008533033 320143460071226372,49.89,debit,Groceries,Costco TrueEarnings Card,,
12/07/2014,Costco,COSTCO WHSE #0205 00GLEN ALLEN028309000   8042730425 320143410978970131,95.81,debit,Groceries,Costco TrueEarnings Card,,
12/07/2014,Kroger,KROGER #509 000000508008533033999999943408008533033 320143410982842011,28.23,debit,Groceries,Costco TrueEarnings Card,,
12/07/2014,Kroger,KROGER #509 000000508008533033999999943408008533033 320143410981337289,9.2,debit,Groceries,Costco TrueEarnings Card,,
12/06/2014,Kroger,KROGER #509 000000508008533033999999943398008533033 320143400967735863,13.28,debit,Groceries,Costco TrueEarnings Card,,
11/28/2014,Kroger,KROGER #509 000000508008533033999999943318008533033 320143320824578565,2.11,debit,Groceries,Costco TrueEarnings Card,,
11/28/2014,Kroger,KROGER #509 000000508008533033999999943318008533033 320143320824573803,14.99,debit,Groceries,Costco TrueEarnings Card,,
11/23/2014,Costco,COSTCO WHSE #0205 00GLEN ALLEN022794000   8042730425 320143270746027925,161.97,debit,Groceries,Costco TrueEarnings Card,,
11/23/2014,Whole Foods,WHOLEFDS SPP 10257 08043646490042200660068043646490 320143270743246235,29.21,debit,Groceries,Costco TrueEarnings Card,,
11/22/2014,Martin Richmond Grocery,MARTIN'S 6439       RICHMOND500773      GROCERY STORE 320143260721384772,4.4,debit,Groceries,Costco TrueEarnings Card,,
11/21/2014,Kroger,KROGER #509 000000508008533033999999943248008533033 320143250715508643,17.37,debit,Groceries,Costco TrueEarnings Card,,
11/15/2014,Kroger,KROGER #509 000000508008533033999999943188008533033 320143190622385629,19.73,debit,Groceries,Costco TrueEarnings Card,,
11/12/2014,Kroger,KROGER #509 000000508008533033999999943158008533033 320143160567968297,27.05,debit,Groceries,Costco TrueEarnings Card,,
11/09/2014,Giant Food,GIANT FOOD INC #770 FREDERICKSB544783      GROCERY STORE 320143130524951349,14.49,debit,Groceries,Costco TrueEarnings Card,,
11/04/2014,Kroger,KROGER #509 000000508008533033999999943078008533033 320143080447427453,20.98,debit,Groceries,Costco TrueEarnings Card,,
11/03/2014,Costco,COSTCO WHSE #0205 00GLEN ALLEN002191000   8042730425 320143070428681992,155.01,debit,Groceries,Costco TrueEarnings Card,,
11/01/2014,Kroger,KROGER #509 000000508008533033999999943048008533033 320143050400530368,46.27,debit,Groceries,Costco TrueEarnings Card,,
10/31/2014,Kroger,KROGER #509 000000508008533033999999943038008533033 320143040386002595,5.78,debit,Groceries,Costco TrueEarnings Card,,
10/31/2014,Kroger,KROGER #509 000000508008533033999999943038008533033 320143040382375978,6.6,debit,Groceries,Costco TrueEarnings Card,,
10/25/2014,Kroger,KROGER #509 000000508008533033999999942978008533033 320142980290788597,11.28,debit,Groceries,Costco TrueEarnings Card,,
10/23/2014,Kroger,KROGER #509 000000508008533033999999942958008533033 320142960263152523,9.81,debit,Groceries,Costco TrueEarnings Card,,
10/21/2014,Fas Mart 7,Debit Card Purchase - FAS MART 7,42.18,debit,Groceries,Jamie Account,,
10/13/2014,Costco,COSTCO WHSE #0205 00GLEN ALLEN028960000   8042730425 320142860105946993,124.03,debit,Groceries,Costco TrueEarnings Card,,
10/12/2014,Wal-Mart,WAL-MART SUPERCENTERRICHMOND87692791    DISCOUNT STORE 320142850093062585,2,debit,Groceries,Costco TrueEarnings Card,,
10/12/2014,Wal-Mart,WAL-MART SUPERCENTERRICHMOND87692791    DISCOUNT STORE 320142850093062585,36.95,debit,Groceries,Costco TrueEarnings Card,,
10/10/2014,Kroger,KROGER #509 000000508008533033999999942828008533033 320142830061476240,41.59,debit,Groceries,Costco TrueEarnings Card,,
10/06/2014,Kroger,KROGER #509 000000508008533033999999942788008533033 320142790998487441,25.61,debit,Groceries,Costco TrueEarnings Card,,
10/05/2014,Kroger,KROGER #509 000000508008533033999999942778008533033 320142780985533598,22.19,debit,Groceries,Costco TrueEarnings Card,,
10/04/2014,Whole Foods,WHOLEFDS SPP 10257 08043646490042300660158043646490 320142770976159896,29.63,debit,Groceries,Costco TrueEarnings Card,,
10/04/2014,Wal-Mart,WAL-MART SUPERCENTERRICHMOND77953427    DISCOUNT STORE 320142770964432939,59.48,debit,Groceries,Costco TrueEarnings Card,,
9/29/2014,Kroger,KROGER #509 000000508008533033999999942718008533033 320142720894609647,5.77,debit,Groceries,Costco TrueEarnings Card,,
9/28/2014,Costco,COSTCO WHSE #0205 00GLEN ALLEN027741000   8042730425 320142710878196482,77.42,debit,Groceries,Costco TrueEarnings Card,,
9/28/2014,Kroger,KROGER #509 000000508008533033999999942708008533033 320142710878725201,32.4,debit,Groceries,Costco TrueEarnings Card,,
9/20/2014,Whole Foods,WHOLEFDS SPP 10257 0GLEN ALLEN04290066006 8043646490 320142630761805158,11.53,debit,Groceries,Costco TrueEarnings Card,,
9/19/2014,Costco,COSTCO WHSE #0205 00GLEN ALLEN046420000   8042730425 320142620745297996,3.05,debit,Groceries,Costco TrueEarnings Card,,
9/19/2014,Costco,COSTCO WHSE #0205 00GLEN ALLEN046417000   8042730425 320142620744772048,64.84,debit,Groceries,Costco TrueEarnings Card,,
9/19/2014,Kroger,KROGER #509 000000508008533033999999942618008533033 320142620746040193,11.17,debit,Groceries,Costco TrueEarnings Card,,
9/16/2014,Kroger,KROGER #509 000000508008533033999999942588008533033 320142590699835898,15.85,debit,Groceries,Costco TrueEarnings Card,,
9/14/2014,Costco,COSTCO WHSE #0205 00GLEN ALLEN028821000   8042730425 320142570665350097,40.85,debit,Groceries,Costco TrueEarnings Card,,
9/14/2014,Kroger,KROGER #509 000000508008533033999999942568008533033 320142570668989774,2.74,debit,Groceries,Costco TrueEarnings Card,,
9/13/2014,Whole Foods,WHOLEFDS SPP 10257 08043646490042200660058043646490 320142560653263659,26.27,debit,Groceries,Costco TrueEarnings Card,,
9/11/2014,Kroger,KROGER #509 000000508008533033999999942538008533033 320142540621787767,14.45,debit,Groceries,Costco TrueEarnings Card,,
9/09/2014,Costco,COSTCO WHSE #0205 00GLEN ALLEN012886000   8042730425 320142520589102767,39.98,debit,Groceries,Costco TrueEarnings Card,,
9/08/2014,Kroger,KROGER #509 000000508008533033999999942498008533033 320142510574729905,13.67,debit,Groceries,Costco TrueEarnings Card,,
9/05/2014,Costco,COSTCO WHSE #0205 00GLEN ALLEN048729000   8042730425 320142480533089405,16,debit,Groceries,Costco TrueEarnings Card,,
9/05/2014,Costco,COSTCO WHSE #0205 00GLEN ALLEN048684000   8042730425 320142480528497407,20,credit,Groceries,Costco TrueEarnings Card,,
9/01/2014,Kroger,KROGER #509 000000508008533033999999942438008533033 320142440466771846,20.24,debit,Groceries,Costco TrueEarnings Card,,
8/31/2014,Costco,COSTCO WHSE #0205 00GLEN ALLEN035849000   8042730425 320142430455974876,213.11,debit,Groceries,Costco TrueEarnings Card,,
8/29/2014,Kroger,KROGER #509 000000508008533033999999942408008533033 320142410424904578,27.17,debit,Groceries,Costco TrueEarnings Card,,
8/25/2014,Kroger,KROGER #509 000000508008533033999999942368008533033 320142370362956412,10.21,debit,Groceries,Costco TrueEarnings Card,,
8/23/2014,Kroger,KROGER #509 000000508008533033999999942348008533033 320142350335600687,24.65,debit,Groceries,Costco TrueEarnings Card,,
8/23/2014,The Grocery Store,MARTIN'S 6439       RICHMOND585747      GROCERY STORE 320142350327143125,28.33,debit,Groceries,Costco TrueEarnings Card,,
8/21/2014,Kroger,KROGER #509 000000508008533033999999942328008533033 320142330304978940,32.87,debit,Groceries,Costco TrueEarnings Card,,
8/19/2014,Kroger,KROGER #509 000000508008533033999999942308008533033 320142310269953179,11.84,debit,Groceries,Costco TrueEarnings Card,,
8/15/2014,Kroger,KROGER #509 000000508008533033999999942268008533033 320142270208777871,39.87,debit,Groceries,Costco TrueEarnings Card,,
8/06/2014,Whole Foods,WHOLEFDS SPP 10257 08043646490042500660308043646490 320142180072689724,2.19,debit,Groceries,Costco TrueEarnings Card,,
8/06/2014,Whole Foods,WHOLEFDS SPP 10257 08043646490042500660058043646490 320142180074575356,23.49,debit,Groceries,Costco TrueEarnings Card,,
8/06/2014,Kroger,KROGER #509 000000508008533033999999942178008533033 320142180071169883,12.34,debit,Groceries,Costco TrueEarnings Card,,
8/05/2014,Kroger,KROGER #509 000000508008533033999999942168008533033 320142170055540010,2.63,debit,Groceries,Costco TrueEarnings Card,,
8/04/2014,Costco,COSTCO WHSE #0205 00GLEN ALLEN044672000   8042730425 320142160042428102,172.41,debit,Groceries,Costco TrueEarnings Card,,
8/03/2014,Whole Foods,WHOLEFDS SPP 10257 08043646490042200660158043646490 320142150020100767,11.57,debit,Groceries,Costco TrueEarnings Card,,
7/29/2014,Kroger,KROGER #509 000000508008533033999999942098008533033 320142100947151400,45.46,debit,Groceries,Costco TrueEarnings Card,,
7/28/2014,Kroger,KROGER #509 000000508008533033999999942088008533033 320142090932828635,67.22,debit,Groceries,Costco TrueEarnings Card,,
7/26/2014,Whole Foods,WHOLEFDS SPP 10257 0GLEN ALLEN04250066005 8043646490 320142070903881948,22.55,debit,Groceries,Costco TrueEarnings Card,,
7/26/2014,Whole Foods,WHOLEFDS SPP 10257 08043646490042500660158043646490 320142070908194009,11.57,debit,Groceries,Costco TrueEarnings Card,,
7/25/2014,Kroger,KROGER #509 000000508008533033999999942058008533033 320142060892482327,22.63,debit,Groceries,Costco TrueEarnings Card,,
7/24/2014,Kroger,KROGER #509 000000508008533033999999942048008533033 320142050876528193,14.59,debit,Groceries,Costco TrueEarnings Card,,
7/15/2014,Costco,COSTCO WHSE #0205 00GLEN ALLEN030011000   8042730425 320141960734928300,175.97,debit,Groceries,Costco TrueEarnings Card,,
7/10/2014,Kroger,KROGER #509 00000050RICHMOND99999994190 8008533033 320141910658504787,23.01,credit,Groceries,Costco TrueEarnings Card,,
7/10/2014,Kroger,KROGER #509 000000508008533033999999941908008533033 320141910659888705,15.85,debit,Groceries,Costco TrueEarnings Card,,
7/07/2014,Costco,COSTCO WHSE #0205 00GLEN ALLEN004719000   8042730425 320141880613612475,192.21,debit,Groceries,Costco TrueEarnings Card,,
7/05/2014,Whole Foods,Debit Card Purchase - WHOLE FOOD,44.55,debit,Groceries,Jamie Account,,
7/04/2014,Kroger,Debit Card Purchase - KROGER 160,38.91,debit,Groceries,Jamie Account,,
7/01/2014,Kroger,KROGER #509 000000508008533033999999941818008533033 320141820527685381,55.24,debit,Groceries,Costco TrueEarnings Card,,
6/26/2014,Kroger,Debit Card Purchase - KROGER 160,65.31,debit,Groceries,Jamie Account,,
6/18/2014,Kroger,KROGER #509 000000508008533033999999941688008533033 320141690330117935,16.71,debit,Groceries,Costco TrueEarnings Card,,
6/18/2014,Costco,COSTCO WHSE #0205 00GLEN ALLEN040195000   8042730425 320141690328460126,36.06,debit,Groceries,Costco TrueEarnings Card,,
6/18/2014,Costco,COSTCO WHSE #0205 00GLEN ALLEN040181000   8042730425 320141690329077945,59.47,debit,Groceries,Costco TrueEarnings Card,,
6/18/2014,Costco,COSTCO WHSE #0205 00GLEN ALLEN040126000   8042730425 320141690326963726,31.58,credit,Groceries,Costco TrueEarnings Card,,
6/15/2014,Whole Foods,WHOLEFDS SPP 10257 08043646490042400660158043646490 320141660282998656,11.57,debit,Groceries,Costco TrueEarnings Card,,
6/13/2014,Kroger,KROGER #509 000000508008533033999999941638008533033 320141640251187903,31.59,debit,Groceries,Costco TrueEarnings Card,,
6/08/2014,Costco,COSTCO WHSE #0205 00GLEN ALLEN007981000   8042730425 320141590177723082,85.25,debit,Groceries,Costco TrueEarnings Card,,
6/08/2014,Costco,COSTCO WHSE #0205 00GLEN ALLEN007976000   8042730425 320141590176720480,222.35,debit,Groceries,Costco TrueEarnings Card,,
6/08/2014,Costco,COSTCO WHSE #0205 00GLEN ALLEN007527000   8042730425 320141590174015195,6.69,credit,Groceries,Costco TrueEarnings Card,,
6/01/2014,Whole Foods,WHOLEFDS SPP 10257 08043646490042100660158043646490 320141520066364912,17.44,debit,Groceries,Costco TrueEarnings Card,,
5/31/2014,Kroger,KROGER #509 000000508008533033999999941508008533033 320141510055061870,29.37,debit,Groceries,Costco TrueEarnings Card,,
5/26/2014,Wal-Mart,WAL-MART SUPERCENTERRICHMOND90704926    DISCOUNT STORE 320141460970232861,117.66,debit,Groceries,Costco TrueEarnings Card,,
5/26/2014,Kroger,KROGER #509 000000508008533033999999941458008533033 320141460977184950,26.52,debit,Groceries,Costco TrueEarnings Card,,
5/25/2014,Kroger,KROGER #509 000000508008533033999999941448008533033 320141450964071725,42.46,debit,Groceries,Costco TrueEarnings Card,,
5/24/2014,Whole Foods,WHOLEFDS SPP 10257 08043646490042300660158043646490 320141440949716783,25.43,debit,Groceries,Costco TrueEarnings Card,,
5/22/2014,Costco,COSTCO WHSE #0205 00GLEN ALLEN002528000   8042730425 320141420919671645,120.5,debit,Groceries,Costco TrueEarnings Card,,
5/22/2014,Costco,COSTCO WHSE #0205 00GLEN ALLEN002374000   8042730425 320141420915242799,53.67,credit,Groceries,Costco TrueEarnings Card,,
5/18/2014,Kroger,KROGER #509 000000508008533033999999941378008533033 320141380855769278,15.78,debit,Groceries,Costco TrueEarnings Card,,
5/12/2014,Kroger,KROGER #509 000000508008533033999999941318008533033 320141320764318922,53.18,debit,Groceries,Costco TrueEarnings Card,,
5/11/2014,Whole Foods,WHOLEFDS SPP 10257 08043646490042000660158043646490 320141310747501265,5.63,debit,Groceries,Costco TrueEarnings Card,,
5/08/2014,Kroger,KROGER #509 000000508008533033999999941278008533033 320141280703795829,2.83,debit,Groceries,Costco TrueEarnings Card,,
5/06/2014,Kroger,KROGER #509 000000508008533033999999941258008533033 320141260668453181,2.04,debit,Groceries,Costco TrueEarnings Card,,
5/05/2014,Costco,COSTCO WHSE #0205 00GLEN ALLEN045325000   8042730425 320141250653471825,115.46,debit,Groceries,Costco TrueEarnings Card,,
5/05/2014,Kroger,KROGER #509 000000508008533033999999941248008533033 320141250655937010,11.26,debit,Groceries,Costco TrueEarnings Card,,
5/04/2014,Kroger,KROGER #509 000000508008533033999999941238008533033 320141240640044783,19.68,debit,Groceries,Costco TrueEarnings Card,,
5/03/2014,Kroger,KROGER #509 000000508008533033999999941228008533033 320141230626510867,30.85,debit,Groceries,Costco TrueEarnings Card,,
4/28/2014,Costco,COSTCO WHSE #0205 00GLEN ALLEN022260000   8042730425 320141180550749117,96.98,debit,Groceries,Costco TrueEarnings Card,,
4/26/2014,Kroger,KROGER #509 000000508008533033999999941158008533033 320141160524344990,30.48,debit,Groceries,Costco TrueEarnings Card,,
4/26/2014,Kroger,KROGER #509 000000508008533033999999941158008533033 320141160523135994,16.26,debit,Groceries,Costco TrueEarnings Card,,
4/23/2014,Kroger,KROGER #509 000000508008533033999999941128008533033 320141130473764429,14.65,debit,Groceries,Costco TrueEarnings Card,,
4/22/2014,Kroger,KROGER #509 000000508008533033999999941118008533033 320141120461604863,54.98,debit,Groceries,Costco TrueEarnings Card,,
4/20/2014,Kroger,KROGER #509 000000508008533033999999941098008533033 320141100434953949,24.44,debit,Groceries,Costco TrueEarnings Card,,
4/20/2014,Kroger,KROGER #509 000000508008533033999999941098008533033 320141100436431974,19.43,debit,Groceries,Costco TrueEarnings Card,,
4/19/2014,Kroger,KROGER #509 000000508008533033999999941088008533033 320141090419400907,24.92,debit,Groceries,Costco TrueEarnings Card,,
4/15/2014,Kroger,KROGER #509 000000508008533033999999941048008533033 320141050359269491,10.96,debit,Groceries,Costco TrueEarnings Card,,
4/15/2014,Kroger,KROGER #509 000000508008533033999999941048008533033 320141050356596630,7.56,debit,Groceries,Costco TrueEarnings Card,,
4/12/2014,Martin Richmond Grocery,MARTIN'S 6439       RICHMOND523074      GROCERY STORE 320141020305475330,16.06,debit,Groceries,Costco TrueEarnings Card,,
4/10/2014,Costco,COSTCO WHSE #0205 00GLEN ALLEN011102000   8042730425 320141000283178274,2.94,debit,Groceries,Costco TrueEarnings Card,,
4/10/2014,Costco,COSTCO WHSE #0205 00GLEN ALLEN011081000   8042730425 320141000281328817,319.07,credit,Groceries,Costco TrueEarnings Card,,
4/10/2014,Costco,COSTCO WHSE #0205 00GLEN ALLEN011097000   8042730425 320141000282103503,31.75,debit,Groceries,Costco TrueEarnings Card,,
4/07/2014,Kroger,KROGER #509 000000508008533033999999940968008533033 320140970235742187,25.5,debit,Groceries,Costco TrueEarnings Card,,
4/07/2014,Costco,COSTCO WHSE #0205 00GLEN ALLEN003868000   8042730425 320140970239210082,2.94,debit,Groceries,Costco TrueEarnings Card,,
4/07/2014,Costco,COSTCO WHSE #0205 00GLEN ALLEN004108000   8042730425 320140970235661925,354.09,debit,Groceries,Costco TrueEarnings Card,,
4/06/2014,Kroger,KROGER #509 000000508008533033999999940958008533033 320140960224175927,33.1,debit,Groceries,Costco TrueEarnings Card,,
4/04/2014,Kroger,KROGER #509 000000508008533033999999940938008533033 320140940194427424,28.45,debit,Groceries,Costco TrueEarnings Card,,
4/01/2014,Costco,COSTCO WHSE #0205 00GLEN ALLEN035141000   8042730425 320140910147612925,2.94,debit,Groceries,Costco TrueEarnings Card,,
4/01/2014,Kroger,KROGER #509 000000508008533033999999940908008533033 320140910145789381,15.3,debit,Groceries,Costco TrueEarnings Card,,
4/01/2014,Costco,COSTCO #2           1-800-774-2COSTCO MEMBER RENEWAL 320140910137771068,110,debit,Groceries,Costco TrueEarnings Card,,
4/01/2014,Costco,COSTCO WHSE #0205 00GLEN ALLEN035362000   8042730425 320140910147688696,60.75,debit,Groceries,Costco TrueEarnings Card,,
3/29/2014,Kroger,KROGER #509 000000508008533033999999940878008533033 320140880108531925,19.66,debit,Groceries,Costco TrueEarnings Card,,
3/23/2014,Costco,COSTCO WHSE #0205 00GLEN ALLEN006773000   8042730425 320140820018281245,74.58,debit,Groceries,Costco TrueEarnings Card,,
3/22/2014,Whole Foods,WHOLEFDS SPP 10257 08043646490042100660568043646490 320140810007036684,2.11,debit,Groceries,Costco TrueEarnings Card,,
3/22/2014,Whole Foods,WHOLEFDS SPP 10257 08043646490042100660018043646490 320140810004718558,20.02,debit,Groceries,Costco TrueEarnings Card,,
3/22/2014,Whole Foods,WHOLEFDS SPP 10257 08043646490042100660038043646490 320140810005930749,4,debit,Groceries,Costco TrueEarnings Card,,
3/22/2014,Whole Foods,WHOLEFDS SPP 10257 08043646490042100660088043646490 320140810003782401,11.98,debit,Groceries,Costco TrueEarnings Card,,
3/21/2014,Kroger,KROGER #509 000000508008533033999999940798008533033 320140800990490561,8.03,debit,Groceries,Costco TrueEarnings Card,,
3/20/2014,Fas Mart,FAS MART 74 00000000RICHMOND000287423   8043534656 320140790972174320,25.44,debit,Groceries,Costco TrueEarnings Card,,
3/19/2014,Kroger,KROGER #509 000000508008533033999999940778008533033 320140780962099809,22.95,debit,Groceries,Costco TrueEarnings Card,,
3/16/2014,Kroger,KROGER #509 000000508008533033999999940748008533033 320140750917238817,6.07,debit,Groceries,Costco TrueEarnings Card,,
3/15/2014,Kroger,KROGER #509 000000508008533033999999940738008533033 320140740905704632,10.53,debit,Groceries,Costco TrueEarnings Card,,
3/14/2014,Whole Foods,WHOLEFDS SPP 10257 08043646490042300660058043646490 320140730885955790,2.55,debit,Groceries,Costco TrueEarnings Card,,
3/14/2014,Whole Foods,WHOLEFDS SPP 10257 08043646490042300660068043646490 320140730885945979,12.7,debit,Groceries,Costco TrueEarnings Card,,
3/13/2014,Whole Foods,WHOLEFDS SPP 10257 08043646490042200660308043646490 320140720870026694,4.05,debit,Groceries,Costco TrueEarnings Card,,
3/13/2014,Whole Foods,WHOLEFDS SPP 10257 08043646490042200660088043646490 320140720869338289,13.07,debit,Groceries,Costco TrueEarnings Card,,
3/11/2014,Whole Foods,WHOLEFDS SPP 10257 08043646490042000660068043646490 320140700844923400,12.26,debit,Groceries,Costco TrueEarnings Card,,
3/10/2014,Kroger,KROGER #509 000000508008533033999999940688008533033 320140690827822896,10,debit,Groceries,Costco TrueEarnings Card,,
3/01/2014,Kroger,KROGER #509 000000508008533033999999940598008533033 320140600700115900,24.11,debit,Groceries,Costco TrueEarnings Card,,
2/26/2014,Whole Foods,WHOLEFDS SPP 10257 08043646490042500660098043646490 320140570653427672,22.91,debit,Groceries,Costco TrueEarnings Card,,
2/26/2014,Whole Foods,WHOLEFDS SPP 10257 08043646490042500660058043646490 320140570654160615,9.74,debit,Groceries,Costco TrueEarnings Card,,
2/25/2014,Whole Foods,WHOLEFDS SPP 10257 08043646490042400660068043646490 320140560639808618,8.14,debit,Groceries,Costco TrueEarnings Card,,
2/25/2014,Kroger,KROGER #509 000000508008533033999999940558008533033 320140560636357982,16.83,debit,Groceries,Costco TrueEarnings Card,,
2/24/2014,Whole Foods,WHOLEFDS SPP 10257 08043646490042300660568043646490 320140550625791321,2.11,debit,Groceries,Costco TrueEarnings Card,,
2/24/2014,Whole Foods,WHOLEFDS SPP 10257 08043646490042300660158043646490 320140550627191047,26.15,debit,Groceries,Costco TrueEarnings Card,,
2/23/2014,Whole Foods,WHOLEFDS SPP 10257 08043646490042200660058043646490 320140540612509776,15.76,debit,Groceries,Costco TrueEarnings Card,,
2/23/2014,Whole Foods,WHOLEFDS SPP 10257 08043646490042200660568043646490 320140540610777416,6.72,debit,Groceries,Costco TrueEarnings Card,,
2/22/2014,Whole Foods,WHOLEFDS SPP 10257 08043646490042100660048043646490 320140530597451987,23.14,debit,Groceries,Costco TrueEarnings Card,,
2/21/2014,Whole Foods,WHOLEFDS SPP 10257 08043646490042000660048043646490 320140520582370745,29.85,debit,Groceries,Costco TrueEarnings Card,,
2/20/2014,Whole Foods,WHOLEFDS SPP 10257 08043646490042900660068043646490 320140510569589259,26.13,debit,Groceries,Costco TrueEarnings Card,,
2/19/2014,Whole Foods,WHOLEFDS SPP 10257 08043646490042800660058043646490 320140500554362403,12.7,debit,Groceries,Costco TrueEarnings Card,,
2/19/2014,Whole Foods,WHOLEFDS SPP 10257 08043646490042800660568043646490 320140500555526845,2.11,debit,Groceries,Costco TrueEarnings Card,,
2/18/2014,Whole Foods,WHOLEFDS SPP 10257 08043646490042700660088043646490 320140490538511656,8.76,debit,Groceries,Costco TrueEarnings Card,,
2/18/2014,Whole Foods,WHOLEFDS SPP 10257 08043646490042700660568043646490 320140490538875877,2.11,debit,Groceries,Costco TrueEarnings Card,,
2/17/2014,Whole Foods,WHOLEFDS SPP 10257 08043646490042600660568043646490 320140480524752396,2.11,debit,Groceries,Costco TrueEarnings Card,,
2/17/2014,Whole Foods,WHOLEFDS SPP 10257 08043646490042600660568043646490 320140480527084126,1.05,debit,Groceries,Costco TrueEarnings Card,,
2/17/2014,Whole Foods,WHOLEFDS SPP 10257 08043646490042600660158043646490 320140480525651853,22.48,debit,Groceries,Costco TrueEarnings Card,,
2/13/2014,Kroger,KROGER #509 000000508008533033999999940438008533033 320140440468552356,42.89,debit,Groceries,Costco TrueEarnings Card,,
2/12/2014,Kroger,KROGER #509 000000508008533033999999940428008533033 320140430458263103,8.23,debit,Groceries,Costco TrueEarnings Card,,
2/10/2014,Whole Foods,WHOLEFDS SPP 10257 08043646490042900660568043646490 320140410425235956,1.58,debit,Groceries,Costco TrueEarnings Card,,
2/10/2014,Glen's,PETER CHANG CAFE    GLEN ALLEN85101594040 804-364-1688 320140410427975092,56.96,debit,Groceries,Costco TrueEarnings Card,,
2/10/2014,Whole Foods,WHOLEFDS SPP 10257 08043646490042900660068043646490 320140410426025793,14.67,debit,Groceries,Costco TrueEarnings Card,,
2/09/2014,Whole Foods,WHOLEFDS SPP 10257 08043646490042800660018043646490 320140400412490934,9.38,debit,Groceries,Costco TrueEarnings Card,,
2/09/2014,Whole Foods,WHOLEFDS SPP 10257 08043646490042800660058043646490 320140400412891231,20.76,debit,Groceries,Costco TrueEarnings Card,,
2/05/2014,Kroger,KROGER #509 000000508008533033999999940358008533033 320140360358792893,11.37,debit,Groceries,Costco TrueEarnings Card,,
2/04/2014,Whole Foods,WHOLEFDS SPP 10257 08043646490042300660028043646490 320140350341864549,4.51,debit,Groceries,Costco TrueEarnings Card,,
2/04/2014,Whole Foods,WHOLEFDS SPP 10257 08043646490042300660048043646490 320140350341463467,11.75,debit,Groceries,Costco TrueEarnings Card,,
2/03/2014,Kroger,KROGER #504 000000508008533033999999940338008533033 320140340330248638,6.64,debit,Groceries,Costco TrueEarnings Card,,
2/02/2014,Whole Foods,WHOLEFDS SPP 10257 08043646490042100660058043646490 320140330314727606,21.56,debit,Groceries,Costco TrueEarnings Card,,
2/01/2014,Whole Foods,WHOLEFDS SPP 10257 08043646490042100660018043646490 320140320299369811,5.82,debit,Groceries,Costco TrueEarnings Card,,
2/01/2014,Whole Foods,WHOLEFDS SPP 10257 08043646490042100660568043646490 320140320299302768,2.11,debit,Groceries,Costco TrueEarnings Card,,
1/26/2014,Kroger,KROGER #509 000000508008533033999999940258008533033 320140260219171177,34.01,debit,Groceries,Costco TrueEarnings Card,,
1/24/2014,Kroger,KROGER #509 000000508008533033999999940238008533033 320140240191287500,8.48,debit,Groceries,Costco TrueEarnings Card,,
1/22/2014,Whole Foods,WHOLEFDS SPP 10257 08043646490042100660058043646490 320140220162055499,5.36,debit,Groceries,Costco TrueEarnings Card,,
1/22/2014,Costco,COSTCO WHSE #0205 00GLEN ALLEN022444000   8042730425 320140220162061956,9.21,debit,Groceries,Costco TrueEarnings Card,,
1/21/2014,Costco,COSTCO WHSE #0205 00GLEN ALLEN018725000   8042730425 320140210148494323,44.68,debit,Groceries,Costco TrueEarnings Card,,
1/18/2014,Whole Foods,WHOLEFDS SPP 10257 08043646490042700660048043646490 320140180107859592,10.75,debit,Groceries,Costco TrueEarnings Card,,
1/18/2014,Whole Foods,WHOLEFDS SPP 10257 08043646490042700660158043646490 320140180109108051,11.09,debit,Groceries,Costco TrueEarnings Card,,
1/17/2014,Kroger,KROGER #509 000000508008533033999999940168008533033 320140170093581631,13.87,debit,Groceries,Costco TrueEarnings Card,,
1/14/2014,Kroger,KROGER #509 000000508008533033999999940138008533033 320140140051120618,25.79,debit,Groceries,Costco TrueEarnings Card,,
1/12/2014,Whole Foods,WHOLEFDS SPP 10257 08043646490042100660158043646490 320140120023291611,9.38,debit,Groceries,Costco TrueEarnings Card,,
1/12/2014,Whole Foods,WHOLEFDS SPP 10257 08043646490042100660028043646490 320140120023291612,4.5,debit,Groceries,Costco TrueEarnings Card,,
1/10/2014,Kroger,KROGER #509 000000508008533033999999940098008533033 320140100442709113,22.34,debit,Groceries,Costco TrueEarnings Card,,
1/06/2014,Kroger,KROGER #509 000000508008533033999999940058008533033 320140060389118581,24.81,debit,Groceries,Costco TrueEarnings Card,,
1/06/2014,Farm Fresh,FARM FRESH 000000000RICHMOND000076905   8045653838 320140060389118580,26.25,debit,Groceries,Costco TrueEarnings Card,,
1/05/2014,Wegman's,WEGMANS #41 000000045854644600249520996005854644600 320140050376797057,1.9,debit,Groceries,Costco TrueEarnings Card,,
1/04/2014,Whole Foods,WHOLEFDS SPP 10257 08043646490042300660158043646490 320140040364782059,17.52,debit,Groceries,Costco TrueEarnings Card,,
1/04/2014,Giant Food,GIANT FOOD INC #770 FREDERICKSB509975      GROCERY STORE 320140040364782058,6.13,debit,Groceries,Costco TrueEarnings Card,,
1/04/2014,Whole Foods,WHOLEFDS SPP 10257 08043646490042300660078043646490 320140040364782060,4,debit,Groceries,Costco TrueEarnings Card,,
1/03/2014,Costco,COSTCO WHSE #0205 00GLEN ALLEN010138000   8042730425 320140030350991574,24.7,debit,Groceries,Costco TrueEarnings Card,,
1/02/2014,Kroger,KROGER #509 000000508008533033999999940018008533033 320140020336879183,24.52,debit,Groceries,Costco TrueEarnings Card,,
12/31/2013,Costco,COSTCO WHSE #0205 00GLEN ALLEN003280000   8042730425 320133650310529887,212.71,debit,Groceries,Costco TrueEarnings Card,,
12/28/2013,Costco,COSTCO WHSE #0205 00GLEN ALLEN043934000   8042730425 320133620271606505,847.69,debit,Groceries,Costco TrueEarnings Card,,
12/24/2013,Whole Foods,WHOLEFDS SPP 10257 08043646490042300660568043646490 320133580222877799,2.63,debit,Groceries,Costco TrueEarnings Card,,
12/24/2013,Whole Foods,WHOLEFDS SPP 10257 08043646490042300660128043646490 320133580222877798,10.91,debit,Groceries,Costco TrueEarnings Card,,
12/24/2013,Kroger,KROGER #509 000000508008533033999999933578008533033 320133580222877797,30.24,debit,Groceries,Costco TrueEarnings Card,,
12/24/2013,Kroger,KROGER #509 000000508008533033999999933578008533033 320133580222877796,3.06,debit,Groceries,Costco TrueEarnings Card,,
12/24/2013,Costco,COSTCO WHSE #0205 00GLEN ALLEN030073000   8042730425 320133580222877795,117.85,debit,Groceries,Costco TrueEarnings Card,,
12/21/2013,Costco,COSTCO WHSE #0205 00GLEN ALLEN019041000   8042730425 320133550173820803,106.46,debit,Groceries,Costco TrueEarnings Card,,
12/18/2013,Kroger,Debit Card Purchase - KROGER 160,19.87,debit,Groceries,Jamie Account,,
12/15/2013,Kroger,KROGER #509 000000508008533033999999933488008533033 320133490071653547,34.53,debit,Groceries,Costco TrueEarnings Card,,
12/14/2013,Whole Foods,WHOLEFDS SPP 10257 08043646490042300660158043646490 320133480057358284,8.86,debit,Groceries,Costco TrueEarnings Card,,
12/14/2013,Whole Foods,WHOLEFDS SPP 10257 08043646490042300660308043646490 320133480057358282,21.05,debit,Groceries,Costco TrueEarnings Card,,
12/12/2013,Kroger,KROGER #509 000000508008533033999999933458008533033 320133460023757350,25.89,debit,Groceries,Costco TrueEarnings Card,,
12/09/2013,Costco,COSTCO WHSE #0205 00GLEN ALLEN024677000   8042730425 320133430475882577,45.23,debit,Groceries,Costco TrueEarnings Card,,
12/09/2013,Kroger,KROGER #509 000000508008533033999999933428008533033 320133430475882579,1.88,debit,Groceries,Costco TrueEarnings Card,,
12/09/2013,Kroger,KROGER #509 000000508008533033999999933428008533033 320133430475882575,27.8,debit,Groceries,Costco TrueEarnings Card,,
12/09/2013,Costco,COSTCO WHSE #0205 00GLEN ALLEN024539000   8042730425 320133430475882576,899.85,credit,Groceries,Costco TrueEarnings Card,,
12/03/2013,Costco,COSTCO WHSE #0205 00GLEN ALLEN004518000   8042730425 320133370384426756,0.53,debit,Groceries,Costco TrueEarnings Card,,
12/03/2013,Costco,COSTCO WHSE #0205 00GLEN ALLEN004518000   8042730425 320133370384426756,104,debit,Groceries,Costco TrueEarnings Card,,
12/02/2013,Kroger,KROGER #509 000000508008533033999999933358008533033 320133360366548358,22.54,debit,Groceries,Costco TrueEarnings Card,,
11/30/2013,Kroger,KROGER #509 000000508008533033999999933338008533033 320133340337406801,14.56,debit,Groceries,Costco TrueEarnings Card,,
11/29/2013,Kroger,KROGER #509 000000508008533033999999933328008533033 320133330322867861,7.62,debit,Groceries,Costco TrueEarnings Card,,
11/27/2013,Costco,COSTCO WHSE #0205 00GLEN ALLEN035211000   8042730425 320133310298295361,196.97,debit,Groceries,Costco TrueEarnings Card,,
11/26/2013,Kroger,KROGER #509 000000508008533033999999933298008533033 320133300283190908,11.59,debit,Groceries,Costco TrueEarnings Card,,
11/24/2013,Whole Foods,WHOLEFDS SPP 10257 08043646490042300660568043646490 320133280253469717,2.63,debit,Groceries,Costco TrueEarnings Card,,
11/23/2013,Kroger,KROGER #509 000000508008533033999999933268008533033 320133270240576645,21.89,debit,Groceries,Costco TrueEarnings Card,,
11/17/2013,Costco,COSTCO WHSE #0205 00GLEN ALLEN048975000   8042730425 320133210155209548,77.43,debit,Groceries,Costco TrueEarnings Card,,
11/16/2013,Martin Richmond Grocery,MARTIN'S 6429       RICHMOND522686      GROCERY STORE 320133200142610354,3.27,debit,Groceries,Costco TrueEarnings Card,,
11/16/2013,Whole Foods,WHOLEFDS SPP 10257 08043646490042500660158043646490 320133200142610355,8.04,debit,Groceries,Costco TrueEarnings Card,,
11/11/2013,Kroger,KROGER #509 000000508008533033999999933148008533033 320133150070857340,40.75,debit,Groceries,Costco TrueEarnings Card,,
11/09/2013,Whole Foods,WHOLEFDS SPP 10257 08043646490042800660158043646490 320133130045162024,23.2,debit,Groceries,Costco TrueEarnings Card,,
11/09/2013,Whole Foods,WHOLEFDS SPP 10257 08043646490042800660158043646490 320133130045162022,7.57,debit,Groceries,Costco TrueEarnings Card,,
11/05/2013,Kroger,KROGER #509 000000508008533033999999933088008533033 320133090488066014,17.72,debit,Groceries,Costco TrueEarnings Card,,
11/02/2013,Whole Foods,WHOLEFDS SPP 10257 08043646490042100660158043646490 320133060447692892,11.8,debit,Groceries,Costco TrueEarnings Card,,
11/02/2013,Whole Foods,WHOLEFDS SPP 10257 08043646490042100660158043646490 320133060447692893,20.94,debit,Groceries,Costco TrueEarnings Card,,
10/30/2013,Costco,COSTCO WHSE #0205 00GLEN ALLEN045237000   8042730425 320133030404475869,147.44,debit,Groceries,Costco TrueEarnings Card,,
10/27/2013,Kroger,KROGER #509 000000508008533033999999932998008533033 320133000363914304,20.03,debit,Groceries,Costco TrueEarnings Card,,
10/26/2013,Whole Foods,WHOLEFDS SPP 10257 08043646490042500660158043646490 320132990351753198,5.37,debit,Groceries,Costco TrueEarnings Card,,
10/25/2013,Kroger,KROGER #509 000000508008533033999999932978008533033 320132980336892058,6.25,debit,Groceries,Costco TrueEarnings Card,,
10/23/2013,Food Lion,FOOD LION #2634 0000RICHMOND000000384   8047404306 320132960309172437,9.61,debit,Groceries,Costco TrueEarnings Card,,
10/20/2013,Whole Foods,WHOLEFDS SPP 10257 08043646490042900660018043646490 320132930268892114,15.6,debit,Groceries,Costco TrueEarnings Card,,
10/20/2013,Whole Foods,WHOLEFDS SPP 10257 08043646490042900660058043646490 320132930268892115,2.55,debit,Groceries,Costco TrueEarnings Card,,
10/20/2013,Whole Foods,WHOLEFDS SPP 10257 08043646490042900660158043646490 320132930268892113,16.84,debit,Groceries,Costco TrueEarnings Card,,
10/15/2013,Kroger,KROGER #509 000000508008533033999999932878008533033 320132880199574990,19.13,debit,Groceries,Costco TrueEarnings Card,,
10/13/2013,Whole Foods,WHOLEFDS SPP 10257 08043646490042200660158043646490 320132860173421270,24.6,debit,Groceries,Costco TrueEarnings Card,,
10/13/2013,Whole Foods,WHOLEFDS SPP 10257 08043646490042200660068043646490 320132860173421268,6.14,debit,Groceries,Costco TrueEarnings Card,,
10/11/2013,Kroger,KROGER #509 000000508008533033999999932838008533033 320132840147546753,20.97,debit,Groceries,Costco TrueEarnings Card,,
10/06/2013,Kroger,KROGER #509 000000508008533033999999932788008533033 320132790078274141,16.94,debit,Groceries,Costco TrueEarnings Card,,
10/05/2013,Whole Foods,WHOLEFDS SPP 10257 08043646490042400660158043646490 320132780066533193,11.57,debit,Groceries,Costco TrueEarnings Card,,
10/05/2013,Whole Foods,WHOLEFDS SPP 10257 08043646490042400660088043646490 320132780066533195,25.63,debit,Groceries,Costco TrueEarnings Card,,
10/03/2013,Kroger,KROGER #509 000000508008533033999999932758008533033 320132760037534769,31.61,debit,Groceries,Costco TrueEarnings Card,,
9/22/2013,Kroger,KROGER #509 000000508008533033999999932648008533033 320132650385863786,15.38,debit,Groceries,Costco TrueEarnings Card,,
9/22/2013,Whole Foods,WHOLEFDS SPP 10257 08043646490042100660088043646490 320132650385863788,16.22,debit,Groceries,Costco TrueEarnings Card,,
9/14/2013,Whole Foods,WHOLEFDS SPP 10257 08043646490042300660068043646490 320132570280300559,14,debit,Groceries,Costco TrueEarnings Card,,
9/12/2013,Kroger,KROGER #509 000000508008533033999999932548008533033 320132550252267574,38.01,debit,Groceries,Costco TrueEarnings Card,,
9/08/2013,Costco,COSTCO WHSE #0205 00GLEN ALLEN038889000   8042730425 320132510197907509,146.19,debit,Groceries,Costco TrueEarnings Card,,
9/05/2013,Kroger,KROGER #509 000000508008533033999999932478008533033 320132480158333843,19.54,debit,Groceries,Costco TrueEarnings Card,,
9/01/2013,Giant Food,GIANT FOOD INC #770 FREDERICKSB523707      GROCERY STORE 320132440104329057,19.99,debit,Groceries,Costco TrueEarnings Card,,
8/29/2013,Kroger,Debit Card Purchase - KROGER 160,13.88,debit,Groceries,Jamie Account,,
8/25/2013,Kroger,KROGER #509 000000508008533033999999932368008533033 320132370008447830,47.32,debit,Groceries,Costco TrueEarnings Card,,
8/25/2013,Costco,COSTCO WHSE #0205 00GLEN ALLEN000683000   8042730425 320132370008447831,177.25,debit,Groceries,Costco TrueEarnings Card,,
8/22/2013,Kroger,KROGER #509 000000508008533033999999932338008533033 320132340468257206,34.83,debit,Groceries,Costco TrueEarnings Card,,
8/18/2013,Wal-Mart,WAL-MART SUPERCENTERRICHMOND45515861    DISCOUNT STORE 320132300413060070,63.7,debit,Groceries,Costco TrueEarnings Card,,
8/13/2013,Kroger,KROGER #509 000000508008533033999999932248008533033 320132250343945407,6.92,debit,Groceries,Costco TrueEarnings Card,,
8/12/2013,Kroger,KROGER #509 000000508008533033999999932238008533033 320132240329597320,51.62,debit,Groceries,Costco TrueEarnings Card,,
8/11/2013,Food Lion,FOOD LION #1043 0000FREDERICKSB000009352   5403723490 320132230317060272,28.89,debit,Groceries,Costco TrueEarnings Card,,
8/08/2013,Kroger,KROGER #509 000000508008533033999999932198008533033 320132200276385799,11.59,debit,Groceries,Costco TrueEarnings Card,,
8/07/2013,Kroger,KROGER #509 000000508008533033999999932188008533033 320132190261887943,18.2,debit,Groceries,Costco TrueEarnings Card,,
8/05/2013,Kroger,KROGER #509 000000508008533033999999932168008533033 320132170233583630,12.78,debit,Groceries,Costco TrueEarnings Card,,
8/05/2013,Kroger,KROGER #509 000000508008533033999999932168008533033 320132170233583627,6.78,debit,Groceries,Costco TrueEarnings Card,,
8/01/2013,Kroger,KROGER #509 000000508008533033999999932128008533033 320132130177592593,28.67,debit,Groceries,Costco TrueEarnings Card,,
7/29/2013,Wal-Mart,WAL-MART SUPERCENTERRICHMOND04950108    DISCOUNT STORE 320132100135702491,75,debit,Groceries,Costco TrueEarnings Card,,
7/28/2013,Kroger,KROGER #509 000000508008533033999999932088008533033 320132090122503415,2.64,debit,Groceries,Costco TrueEarnings Card,,
7/28/2013,Kroger,KROGER #509 000000508008533033999999932088008533033 320132090122503417,21.94,debit,Groceries,Costco TrueEarnings Card,,
7/27/2013,Kroger,KROGER #509 000000508008533033999999932078008533033 320132080110985662,21.13,debit,Groceries,Costco TrueEarnings Card,,
7/24/2013,Kroger,KROGER #509 000000508008533033999999932048008533033 320132050068534969,46.3,debit,Groceries,Costco TrueEarnings Card,,
7/22/2013,Kroger,KROGER #509 000000508008533033999999932028008533033 320132030040941323,5.95,debit,Groceries,Costco TrueEarnings Card,,
7/22/2013,Kroger,KROGER #509 000000508008533033999999932028008533033 320132030040941326,49.98,debit,Groceries,Costco TrueEarnings Card,,
7/20/2013,Kroger,KROGER #509 000000508008533033999999932008008533033 320132010016783960,9.97,debit,Groceries,Costco TrueEarnings Card,,
7/03/2013,Martin's,MARTIN'S 6490       CHESTERFIEL502585      GROCERY STORE 320131840288007083,9.76,debit,Groceries,Costco TrueEarnings Card,,
7/01/2013,Vegetable Stand,ATM Withdrawal - CT VCOM  RICHMO,35,debit,Groceries,Jamie Account,,
7/01/2013,Wegman's,WEGMANS #41 000000045854644600249241952975854644600 320131820257443203,16.58,debit,Groceries,Costco TrueEarnings Card,,
7/01/2013,Kroger,KROGER #509 000000508008533033999999931818008533033 320131820257443204,26.71,debit,Groceries,Costco TrueEarnings Card,,
6/30/2013,Food Lion,FOOD LION #1043 0000FREDERICKSB000005817   5403723490 320131810243431888,11.39,debit,Groceries,Costco TrueEarnings Card,,
6/25/2013,Kroger,KROGER #509 000000508008533033999999931758008533033 320131760174572642,33.77,debit,Groceries,Costco TrueEarnings Card,,
6/23/2013,Kroger,KROGER #509 000000508008533033999999931738008533033 320131740148820008,24.78,debit,Groceries,Costco TrueEarnings Card,,
6/22/2013,Kroger,KROGER #509 000000508008533033999999931728008533033 320131730136147616,30.3,debit,Groceries,Costco TrueEarnings Card,,
6/20/2013,Kroger,KROGER #509 000000508008533033999999931708008533033 320131710106534436,11.6,debit,Groceries,Costco TrueEarnings Card,,
6/17/2013,Costco,COSTCO WHSE #0205 00GLEN ALLEN002192000   8042730425 320131680063278882,127.78,debit,Groceries,Costco TrueEarnings Card,,
6/16/2013,Kroger,KROGER #509 000000508008533033999999931668008533033 320131670051640323,23.59,debit,Groceries,Costco TrueEarnings Card,,
6/14/2013,Kroger,KROGER #509 000000508008533033999999931648008533033 320131650024345947,13.31,debit,Groceries,Costco TrueEarnings Card,,
6/10/2013,Kroger,KROGER #509 000000508008533033999999931608008533033 320131610467260088,26.5,debit,Groceries,Costco TrueEarnings Card,,
6/09/2013,Kroger,KROGER #509 000000508008533033999999931598008533033 320131600454551324,13.42,debit,Groceries,Costco TrueEarnings Card,,
6/07/2013,Kroger,KROGER #509 000000508008533033999999931578008533033 320131580428497066,20,debit,Groceries,Costco TrueEarnings Card,,
6/04/2013,Kroger,KROGER #509 000000508008533033999999931548008533033 320131550385289927,19.94,debit,Groceries,Costco TrueEarnings Card,,
6/02/2013,Kroger,KROGER #509 000000508008533033999999931528008533033 320131530358296217,10.94,debit,Groceries,Costco TrueEarnings Card,,
5/31/2013,Kroger,KROGER #509 000000508008533033999999931508008533033 320131510329546763,38.23,debit,Groceries,Costco TrueEarnings Card,,
5/25/2013,Kroger,KROGER #509 000000508008533033999999931448008533033 320131450252159311,19.19,debit,Groceries,Costco TrueEarnings Card,,
5/23/2013,Uppy's,UPPY'S #56 9127     RICHMOND14221049    804-308-2993 320131430223292276,18.19,debit,Groceries,Costco TrueEarnings Card,,
5/20/2013,Costco,COSTCO WHSE #0205 00GLEN ALLEN019131000   8042730425 320131400181681413,160.74,debit,Groceries,Costco TrueEarnings Card,,
5/19/2013,Wal-Mart,WAL-MART SUPERCENTERRICHMOND89600304    DISCOUNT STORE 320131390169118330,28.58,debit,Groceries,Costco TrueEarnings Card,,
5/19/2013,Wal-Mart,WAL-MART SUPERCENTERRICHMOND89600305    DISCOUNT STORE 320131390169118332,9.89,debit,Groceries,Costco TrueEarnings Card,,
5/17/2013,Kroger,KROGER #509 000000508008533033999999931368008533033 320131370142832270,13.19,debit,Groceries,Costco TrueEarnings Card,,
5/17/2013,Kroger,KROGER #509 000000508008533033999999931368008533033 320131370142832268,13.14,debit,Groceries,Costco TrueEarnings Card,,
5/13/2013,Kroger,KROGER #509 000000508008533033999999931328008533033 320131330086236730,42.32,debit,Groceries,Costco TrueEarnings Card,,
5/12/2013,Kroger,KROGER #509 000000508008533033999999931318008533033 320131320073834914,10.6,debit,Groceries,Costco TrueEarnings Card,,
5/09/2013,Kroger,KROGER #509 000000508008533033999999931288008533033 320131290030903557,5,debit,Groceries,Costco TrueEarnings Card,,
5/08/2013,Whole Foods,WHOLEFDS SPP 10257 08043646490042700660088043646490 320131280017347383,19.06,debit,Groceries,Costco TrueEarnings Card,,
5/06/2013,Kroger,KROGER #509 000000508008533033999999931258008533033 320131260489390134,18.87,debit,Groceries,Costco TrueEarnings Card,,
5/05/2013,Kroger,KROGER #509 000000508008533033999999931248008533033 320131250476888484,4.53,debit,Groceries,Costco TrueEarnings Card,,
5/02/2013,Kroger,KROGER #509 000000508008533033999999931218008533033 320131220435044311,33.17,debit,Groceries,Costco TrueEarnings Card,,
4/30/2013,Kroger,KROGER #509 000000508008533033999999931198008533033 320131200406012163,10,debit,Groceries,Costco TrueEarnings Card,,
4/29/2013,Fas Mart 41,FAS MART 41 00000000RUTHER GLEN000177271   8044481109 320131190392374606,20.58,debit,Groceries,Costco TrueEarnings Card,,
4/26/2013,Kroger,KROGER #509 000000508008533033999999931158008533033 320131160353394844,43.66,debit,Groceries,Costco TrueEarnings Card,,
4/21/2013,Wal-Mart,WAL-MART SUPERCENTERRICHMOND45522068    DISCOUNT STORE 320131110287348399,70,debit,Groceries,Costco TrueEarnings Card,,
4/21/2013,Kroger,KROGER #509 000000508008533033999999931108008533033 320131110287348401,9.11,debit,Groceries,Costco TrueEarnings Card,,
4/18/2013,Kroger,KROGER #509 000000508008533033999999931078008533033 320131080248398880,19.01,debit,Groceries,Costco TrueEarnings Card,,
4/17/2013,Kroger,KROGER #509 000000508008533033999999931068008533033 320131070235185587,19.99,debit,Groceries,Costco TrueEarnings Card,,
4/15/2013,Kroger,KROGER #509 000000508008533033999999931048008533033 320131050206885496,62.01,debit,Groceries,Costco TrueEarnings Card,,
4/13/2013,Kroger,KROGER #509 000000508008533033999999931028008533033 320131030182942485,33.06,debit,Groceries,Costco TrueEarnings Card,,
4/12/2013,Kroger,KROGER #509 000000508008533033999999931018008533033 320131020169019855,16.89,debit,Groceries,Costco TrueEarnings Card,,
4/10/2013,Kroger,KROGER #509 000000508008533033999999930998008533033 320131000142407917,11.56,debit,Groceries,Costco TrueEarnings Card,,
4/07/2013,Kroger,KROGER #509 000000508008533033999999930968008533033 320130970103093548,39.25,debit,Groceries,Costco TrueEarnings Card,,
4/06/2013,Kroger,KROGER #504 000000508008533033999999930958008533033 320130960091275098,61.2,debit,Groceries,Costco TrueEarnings Card,,
4/04/2013,Costco,COSTCO #2           1-800-774-2COSTCO MEMBER RENEWAL 320130940062997787,110,debit,Groceries,Costco TrueEarnings Card,,
4/02/2013,Costco,COSTCO WHSE #0205 00GLEN ALLEN026967000   8042730425 320130920034963974,66.47,debit,Groceries,Costco TrueEarnings Card,,
4/02/2013,Costco,COSTCO WHSE #0205 00GLEN ALLEN026971000   8042730425 320130920034963971,11.07,debit,Groceries,Costco TrueEarnings Card,,
3/31/2013,Wegman's,WEGMANS #41 000000045854644600249223293115854644600 320130900010756571,54.01,debit,Groceries,Costco TrueEarnings Card,,
3/31/2013,Wegman's,WEGMANS #41 000000045854644600249520996005854644600 320130900010756573,1.9,debit,Groceries,Costco TrueEarnings Card,,
3/24/2013,Costco,COSTCO WHSE #0205 00GLEN ALLEN000666000   8042730425 320130830417324576,225.04,debit,Groceries,Costco TrueEarnings Card,,
3/23/2013,Kroger,KROGER #509 000000508008533033999999930818008533033 320130820405725540,9.43,debit,Groceries,Costco TrueEarnings Card,,
3/15/2013,Costco,COSTCO WHSE #0205 00GLEN ALLEN024882000   8042730425 320130740300295542,21.5,debit,Groceries,Costco TrueEarnings Card,,
3/15/2013,Costco,COSTCO WHSE #0205 00GLEN ALLEN024881000   8042730425 320130740300295541,118.58,debit,Groceries,Costco TrueEarnings Card,,
3/12/2013,Wal-Mart,WAL-MART SUPERCENTERRICHMOND78478990    DISCOUNT STORE 320130710260555881,17.82,debit,Groceries,Costco TrueEarnings Card,,
3/11/2013,Wal-Mart,WAL-MART SUPERCENTERRICHMOND75181263    DISCOUNT STORE 320130700247081802,17.82,debit,Groceries,Costco TrueEarnings Card,,
3/09/2013,Whole Foods,WHOLEFDS SPP 10257 08043646490042900660118043646490 320130690234937143,12.83,debit,Groceries,Costco TrueEarnings Card,,
3/09/2013,Whole Foods,WHOLEFDS SPP 10257 08043646490042900660098043646490 320130690234937142,4.31,debit,Groceries,Costco TrueEarnings Card,,
3/08/2013,Kroger,KROGER #509 000000508008533033999999930668008533033 320130670209618096,53,debit,Groceries,Costco TrueEarnings Card,,
3/03/2013,Costco,COSTCO WHSE #0205 00GLEN ALLEN041251000   8042730425 320130620144572425,103.27,debit,Groceries,Costco TrueEarnings Card,,
3/01/2013,Kroger,KROGER #509 000000508008533033999999930598008533033 320130600116884912,22.03,debit,Groceries,Costco TrueEarnings Card,,
2/26/2013,Kroger,KROGER #509 000000508008533033999999930568008533033 320130570076737231,4.47,debit,Groceries,Costco TrueEarnings Card,,
2/24/2013,Kroger,KROGER #509 000000508008533033999999930548008533033 320130550051134349,21.02,debit,Groceries,Costco TrueEarnings Card,,
2/22/2013,Kroger,KROGER #509 000000508008533033999999930528008533033 320130530027527357,2.05,debit,Groceries,Costco TrueEarnings Card,,
2/22/2013,Kroger,KROGER #509 000000508008533033999999930528008533033 320130530027527358,44.07,debit,Groceries,Costco TrueEarnings Card,,
2/19/2013,Kroger,KROGER #509 000000508008533033999999930498008533033 320130500488610266,25.16,debit,Groceries,Costco TrueEarnings Card,,
2/19/2013,Kroger,KROGER #509 000000508008533033999999930498008533033 320130500488610267,17.22,debit,Groceries,Costco TrueEarnings Card,,
2/18/2013,Costco,COSTCO WHSE #0205 00GLEN ALLEN004659000   8042730425 320130490474980093,171.62,debit,Groceries,Costco TrueEarnings Card,,
2/15/2013,Kroger,KROGER #509 000000508008533033999999930458008533033 320130460436377382,46.97,debit,Groceries,Costco TrueEarnings Card,,
2/11/2013,Kroger,KROGER #509 000000508008533033999999930418008533033 320130420383597961,24.49,debit,Groceries,Costco TrueEarnings Card,,
2/07/2013,Kroger,KROGER #509 000000508008533033999999930378008533033 320130380334344397,25.81,debit,Groceries,Costco TrueEarnings Card,,
2/04/2013,Kroger,KROGER #509 000000508008533033999999930348008533033 320130350295723951,24.5,debit,Groceries,Costco TrueEarnings Card,,
2/04/2013,Costco,COSTCO WHSE #0205 00GLEN ALLEN015529000   8042730425 320130350295723950,98.5,debit,Groceries,Costco TrueEarnings Card,,
2/03/2013,Whole Foods,WHOLEFDS SPP 10257 08043646490042200660068043646490 320130340284014344,12.25,debit,Groceries,Costco TrueEarnings Card,,
1/29/2013,Costco,COSTCO WHSE #0205 00GLEN ALLEN047008000   8042730425 320130290218666316,67.08,debit,Groceries,Costco TrueEarnings Card,,
1/29/2013,Costco,COSTCO WHSE #0205 00GLEN ALLEN046955000   8042730425 320130290218666315,33.22,credit,Groceries,Costco TrueEarnings Card,,
1/28/2013,Wal-Mart,WAL-MART SUPERCENTERRICHMOND82526959    DISCOUNT STORE 320130280205226375,41.41,debit,Groceries,Costco TrueEarnings Card,,
1/27/2013,Whole Foods,WHOLEFDS SPP 10257 08043646490042600660088043646490 320130270193904156,19.92,debit,Groceries,Costco TrueEarnings Card,,
1/21/2013,Costco,COSTCO WHSE #0205 00GLEN ALLEN025426000   8042730425 320130210119428846,144.93,debit,Groceries,Costco TrueEarnings Card,,
1/19/2013,Kroger,KROGER #509 000000508008533033999999930188008533033 320130190096593237,20.37,debit,Groceries,Costco TrueEarnings Card,,
1/19/2013,Whole Foods,WHOLEFDS SPP 10257 08043646490042800660038043646490 320130190096593239,11.41,debit,Groceries,Costco TrueEarnings Card,,
1/14/2013,Kroger,KROGER #509 000000508008533033999999930138008533033 320130140031797391,22,debit,Groceries,Costco TrueEarnings Card,,
1/13/2013,Costco,COSTCO WHSE #0205 00GLEN ALLEN001590000   8042730425 320130130019793602,68.49,debit,Groceries,Costco TrueEarnings Card,,
1/12/2013,Costco,COSTCO WHSE #0205 00GLEN ALLEN048037000   8042730425 320130120009207693,6.44,debit,Groceries,Costco TrueEarnings Card,,
1/12/2013,Costco,COSTCO WHSE #0205 00GLEN ALLEN048034000   8042730425 320130120009207694,45.91,debit,Groceries,Costco TrueEarnings Card,,
1/12/2013,Costco,COSTCO WHSE #0205 00GLEN ALLEN047896000   8042730425 320130120009207696,58.76,credit,Groceries,Costco TrueEarnings Card,,
1/10/2013,Martin Richmond Grocery,MARTIN'S 6429       RICHMOND546501      GROCERY STORE 320130100483103972,9.4,debit,Groceries,Costco TrueEarnings Card,,
1/07/2013,Whole Foods,WHOLEFDS SPP 10257 08043646490042600660018043646490 320130070444116211,10.3,debit,Groceries,Costco TrueEarnings Card,,
1/06/2013,Costco,COSTCO WHSE #0205 00GLEN ALLEN032424000   8042730425 320130060432766036,204.44,debit,Groceries,Costco TrueEarnings Card,,
1/05/2013,Kroger,KROGER #509 000000508008533033999999930048008533033 320130050421387632,19.96,debit,Groceries,Costco TrueEarnings Card,,
1/01/2013,Costco,COSTCO WHSE #0205 00GLEN ALLEN018729000   8042730425 320130010369927885,100,debit,Groceries,Costco TrueEarnings Card,,
12/31/2012,Kroger,KROGER #509 000000508008533033999999923658008533033 320123660356617173,51.19,debit,Groceries,Costco TrueEarnings Card,,
12/28/2012,Whole Foods,WHOLEFDS SPP 10257 08043646490042700660058043646490 320123630319901636,6.15,debit,Groceries,Costco TrueEarnings Card,,
12/27/2012,Kroger,KROGER #509 000000508008533033999999923618008533033 320123620306205491,11.52,debit,Groceries,Costco TrueEarnings Card,,
12/25/2012,Kroger,KROGER #509 000000508008533033999999923598008533033 320123600288069226,16.64,debit,Groceries,Costco TrueEarnings Card,,
12/25/2012,Kroger,KROGER #509 000000508008533033999999923598008533033 320123600288069227,10.48,debit,Groceries,Costco TrueEarnings Card,,
12/24/2012,Kroger,KROGER #509 000000508008533033999999923588008533033 320123590274069382,15.59,debit,Groceries,Costco TrueEarnings Card,,
12/20/2012,Kroger,KROGER #509 000000508008533033999999923548008533033 320123550212699668,37.09,debit,Groceries,Costco TrueEarnings Card,,
12/19/2012,Whole Foods,WHOLEFDS SPP 10257 08043646490042800660048043646490 320123540195749509,20.01,debit,Groceries,Costco TrueEarnings Card,,
12/17/2012,Kroger,KROGER #509 000000508008533033999999923518008533033 320123520163111950,23.52,debit,Groceries,Costco TrueEarnings Card,,
12/17/2012,Kroger,KROGER #509 000000508008533033999999923518008533033 320123520163111949,18.21,debit,Groceries,Costco TrueEarnings Card,,
12/17/2012,Kroger,KROGER #509 000000508008533033999999923518008533033 320123520163111947,6.93,debit,Groceries,Costco TrueEarnings Card,,
12/16/2012,Whole Foods,WHOLEFDS SPP 10257 08043646490042500660068043646490 320123510149743434,12.21,debit,Groceries,Costco TrueEarnings Card,,
12/15/2012,Kroger,KROGER #509 000000508008533033999999923498008533033 320123500135909358,13.09,debit,Groceries,Costco TrueEarnings Card,,
12/15/2012,Whole Foods,WHOLEFDS SPP 10257 08043646490042400660068043646490 320123500135909357,18.88,debit,Groceries,Costco TrueEarnings Card,,
12/13/2012,Martin Richmond Grocery,MARTIN'S 6439       RICHMOND523917      GROCERY STORE 320123480105201120,18.22,debit,Groceries,Costco TrueEarnings Card,,
12/09/2012,Kroger,KROGER #509 000000508008533033999999923438008533033 320123440045230496,18.8,debit,Groceries,Costco TrueEarnings Card,,
12/08/2012,Kroger,KROGER #509 000000508008533033999999923428008533033 320123430032252332,14.75,debit,Groceries,Costco TrueEarnings Card,,
12/03/2012,Whole Foods,WHOLEFDS SPP 10257 08043646490042200660038043646490 320123380457033177,19.85,debit,Groceries,Costco TrueEarnings Card,,
12/01/2012,Kroger,KROGER #509 000000508008533033999999923358008533033 320123360430345952,13.31,debit,Groceries,Costco TrueEarnings Card,,
11/30/2012,Kroger,KROGER #504 000000508008533033999999923348008533033 320123350414176960,31.97,debit,Groceries,Costco TrueEarnings Card,,
11/27/2012,Kroger,KROGER #509 000000508008533033999999923318008533033 320123320371335234,7.39,debit,Groceries,Costco TrueEarnings Card,,
11/26/2012,Kroger,KROGER #509 000000508008533033999999923308008533033 320123310356041834,14.43,debit,Groceries,Costco TrueEarnings Card,,
11/25/2012,Wal-Mart,WAL-MART SUPERCENTERRICHMOND14938595    DISCOUNT STORE 320123300342690161,18.05,debit,Groceries,Costco TrueEarnings Card,,
11/22/2012,Kroger,KROGER #509 000000508008533033999999923268008533033 320123270308779220,58.02,debit,Groceries,Costco TrueEarnings Card,,
11/22/2012,Costco,COSTCO WHSE #0205 00GLEN ALLEN035918000   8042730425 320123270308779219,60.6,debit,Groceries,Costco TrueEarnings Card,,
11/18/2012,Kroger,KROGER #509 000000508008533033999999923228008533033 320123230251375508,15.74,debit,Groceries,Costco TrueEarnings Card,,
11/18/2012,Wal-Mart,WAL-MART SUPERCENTERRICHMOND94658020    DISCOUNT STORE 320123230251375506,30.28,debit,Groceries,Costco TrueEarnings Card,,
11/18/2012,Wal-Mart,WAL-MART SUPERCENTERRICHMOND94658019    DISCOUNT STORE 320123230251375507,4.64,debit,Groceries,Costco TrueEarnings Card,,
11/16/2012,Whole Foods,WHOLEFDS SPP 10257 08043646490042500660038043646490 320123210224312377,5.88,debit,Groceries,Costco TrueEarnings Card,,
11/12/2012,Costco,COSTCO WHSE #0205 00GLEN ALLEN003656000   8042730425 320123170170047585,58.92,debit,Groceries,Costco TrueEarnings Card,,
11/12/2012,Kroger,KROGER #509 000000508008533033999999923168008533033 320123170170047586,12.25,debit,Groceries,Costco TrueEarnings Card,,
11/11/2012,Kroger,KROGER #509 000000508008533033999999923158008533033 320123160157209657,50.44,debit,Groceries,Costco TrueEarnings Card,,
11/09/2012,Whole Foods,WHOLEFDS SPP 10257 08043646490042800660078043646490 320123140131588810,47.64,debit,Groceries,Costco TrueEarnings Card,,
11/06/2012,Costco,COSTCO WHSE #0205 00GLEN ALLEN036594000   8042730425 320123110093382244,358.99,credit,Groceries,Costco TrueEarnings Card,,
11/05/2012,Fas Mart 41,FAS MART 41 00000000RUTHER GLEN000131200   8044481109 320123100079787073,26.85,debit,Groceries,Costco TrueEarnings Card,,
11/04/2012,Costco,COSTCO WHSE #0205 00GLEN ALLEN030905000   8042730425 320123090067736489,80.33,debit,Groceries,Costco TrueEarnings Card,,
11/03/2012,Whole Foods,WHOLEFDS SPP 10257 08043646490042200660018043646490 320123080055230947,20,debit,Groceries,Costco TrueEarnings Card,,
11/01/2012,Food Lion,FOOD LION #2634 0000RICHMOND000005386   8047404306 320123060030087582,5.51,debit,Groceries,Costco TrueEarnings Card,,
10/31/2012,Whole Foods,WHOLEFDS SPP 10257 0GLEN ALLEN04200066003 8043646490 320123050016313162,21.04,debit,Groceries,Costco TrueEarnings Card,,
10/28/2012,Kroger,KROGER #509 000000508008533033999999923018008533033 320123020481536973,36.57,debit,Groceries,Costco TrueEarnings Card,,
10/27/2012,Whole Foods,WHOLEFDS SPP 10257 08043646490042600660018043646490 320123010469762146,5.04,debit,Groceries,Costco TrueEarnings Card,,
10/27/2012,Whole Foods,WHOLEFDS SPP 10257 08043646490042600660018043646490 320123010469762147,7.06,debit,Groceries,Costco TrueEarnings Card,,
10/25/2012,Kroger,KROGER #509 000000508008533033999999922988008533033 320122990442382923,7.76,debit,Groceries,Costco TrueEarnings Card,,
10/23/2012,Costco,COSTCO WHSE #0205 00GLEN ALLEN045609000   8042730425 320122970416656740,119.58,debit,Groceries,Costco TrueEarnings Card,,
10/20/2012,Kroger,KROGER #509 000000508008533033999999922938008533033 320122940380655511,12.36,debit,Groceries,Costco TrueEarnings Card,,
10/20/2012,Whole Foods,WHOLEFDS SPP 10257 08043646490042900660118043646490 320122940380655509,27.85,debit,Groceries,Costco TrueEarnings Card,,
10/18/2012,Whole Foods,WHOLEFDS SPP 10257 08043646490042700660078043646490 320122920353875924,2.96,debit,Groceries,Costco TrueEarnings Card,,
10/15/2012,Wal-Mart,WAL-MART SUPERCENTERRICHMOND12056649    DISCOUNT STORE 320122890314016145,24.06,debit,Groceries,Costco TrueEarnings Card,,
10/15/2012,Kroger,KROGER #509 000000508008533033999999922888008533033 320122890314016144,16.29,debit,Groceries,Costco TrueEarnings Card,,
10/15/2012,Whole Foods,WHOLEFDS SPP 10257 08043646490042400660098043646490 320122890314016146,12.58,debit,Groceries,Costco TrueEarnings Card,,
10/14/2012,Kroger,KROGER #509 000000508008533033999999922878008533033 320122880301723215,18.82,debit,Groceries,Costco TrueEarnings Card,,
10/09/2012,Kroger,KROGER #509 00000050RICHMOND99999992282 8008533033 320122830237449058,11.14,debit,Groceries,Costco TrueEarnings Card,,
10/08/2012,Wal-Mart,WAL-MART SUPERCENTERRICHMOND97295530    DISCOUNT STORE 320122820224229851,76.67,debit,Groceries,Costco TrueEarnings Card,,
10/07/2012,Kroger,KROGER #509 000000508008533033999999922808008533033 320122810212484298,31.6,debit,Groceries,Costco TrueEarnings Card,,
10/06/2012,Whole Foods,WHOLEFDS SPP 10257 08043646490042500660078043646490 320122800200776316,10.48,debit,Groceries,Costco TrueEarnings Card,,
10/04/2012,Kroger,KROGER #509 000000508008533033999999922778008533033 320122780173496705,31.6,debit,Groceries,Costco TrueEarnings Card,,
9/26/2012,Whole Foods,WHOLEFDS SPP 10257 08043646490042500660068043646490 320122700068810388,9.78,debit,Groceries,Costco TrueEarnings Card,,
9/26/2012,Kroger,KROGER #509 000000508008533033999999922698008533033 320122700068810387,9.19,debit,Groceries,Costco TrueEarnings Card,,
9/25/2012,Whole Foods,WHOLEFDS SPP 10257 08043646490042400660068043646490 320122690055816794,2.4,debit,Groceries,Costco TrueEarnings Card,,
9/25/2012,Whole Foods,WHOLEFDS SPP 10257 08043646490042400660098043646490 320122690055816795,19.94,debit,Groceries,Costco TrueEarnings Card,,
9/24/2012,Costco,COSTCO WHSE #0205 00GLEN ALLEN013142000   8042730425 320122680042337734,86.64,debit,Groceries,Costco TrueEarnings Card,,
9/17/2012,Kroger,KROGER #509 00000050RICHMOND99999992260 8008533033 320122610453866135,6.78,debit,Groceries,Costco TrueEarnings Card,,
9/17/2012,Kroger,KROGER #509 000000508008533033999999922608008533033 320122610453866134,47.28,debit,Groceries,Costco TrueEarnings Card,,
9/16/2012,Whole Foods,WHOLEFDS SPP 10257 08043646490042500660098043646490 320122600442197765,17.7,debit,Groceries,Costco TrueEarnings Card,,
9/12/2012,Martin Richmond Grocery,MARTIN'S 6439       RICHMOND548782      GROCERY STORE 320122560390564109,25.95,debit,Groceries,Costco TrueEarnings Card,,
9/11/2012,Whole Foods,WHOLEFDS SPP 10257 08043646490042000660098043646490 320122550378047105,11.53,debit,Groceries,Costco TrueEarnings Card,,
9/11/2012,Kroger,KROGER #509 000000508008533033999999922548008533033 320122550378047107,1.42,debit,Groceries,Costco TrueEarnings Card,,
9/11/2012,Whole Foods,WHOLEFDS SPP 10257 08043646490042000660098043646490 320122550378047106,19.36,debit,Groceries,Costco TrueEarnings Card,,
9/10/2012,Costco,COSTCO WHSE #0205 00GLEN ALLEN023277000   8042730425 320122540364402273,404.88,debit,Groceries,Costco TrueEarnings Card,,
9/06/2012,Martin Richmond Grocery,MARTIN'S 6439       RICHMOND540461      GROCERY STORE 320122500315763106,54.42,debit,Groceries,Costco TrueEarnings Card,,
9/05/2012,Whole Foods,WHOLEFDS SPP 10257 08043646490042400660088043646490 320122490301904953,20,debit,Groceries,Costco TrueEarnings Card,,
9/03/2012,Martin Richmond Grocery,MARTIN'S 6439       RICHMOND569966      GROCERY STORE 320122470276462272,11.05,debit,Groceries,Costco TrueEarnings Card,,
9/03/2012,Martin,Debit Card Purchase - MARTIN'S 6,71.3,debit,Groceries,Jamie Account,,
9/02/2012,Giant Food,GIANT FOOD INC #770 FREDERICKSB525810      GROCERY STORE 320122460265064480,22.38,debit,Groceries,Costco TrueEarnings Card,,
8/27/2012,Libbie Market Richmond,LIBBIE MARKET 000000RICHMOND000004131   8042855637 320122400186746351,13.97,debit,Groceries,Costco TrueEarnings Card,,
8/26/2012,Kroger,KROGER #509 000000508008533033999999922388008533033 320122390175398861,24.59,debit,Groceries,Costco TrueEarnings Card,,
8/25/2012,Whole Foods,WHOLEFDS SPP 10257 08043646490042400660028043646490 320122380164333804,13.5,debit,Groceries,Costco TrueEarnings Card,,
8/25/2012,Kroger,KROGER #509 000000508008533033999999922378008533033 320122380164333803,5.31,debit,Groceries,Costco TrueEarnings Card,,
8/23/2012,Kroger,KROGER #509 000000508008533033999999922358008533033 320122360137402909,12.36,debit,Groceries,Costco TrueEarnings Card,,
8/21/2012,Whole Foods,WHOLEFDS SPP 10257 08043646490042000660088043646490 320122340111179512,7.18,debit,Groceries,Costco TrueEarnings Card,,
8/21/2012,Whole Foods,WHOLEFDS SPP 10257 08043646490042000660078043646490 320122340111179513,11.5,debit,Groceries,Costco TrueEarnings Card,,
8/20/2012,Costco,COSTCO WHSE #0205 00GLEN ALLEN015631000   8042730425 320122330097696116,53.89,debit,Groceries,Costco TrueEarnings Card,,
8/18/2012,Kroger,KROGER #509 000000508008533033999999922308008533033 320122310074643255,39.37,debit,Groceries,Costco TrueEarnings Card,,
8/17/2012,Whole Foods,WHOLEFDS SPP 10257 08043646490042600660038043646490 320122300060797821,9.9,debit,Groceries,Costco TrueEarnings Card,,
8/14/2012,Wal-Mart,WAL-MART SUPERCENTERRICHMOND66669057    DISCOUNT STORE 320122270020368782,31.14,debit,Groceries,Costco TrueEarnings Card,,
8/14/2012,Whole Foods,WHOLEFDS SPP 10257 08043646490042300660038043646490 320122270020368781,7.41,debit,Groceries,Costco TrueEarnings Card,,
8/13/2012,Kroger,KROGER #509 000000508008533033999999922258008533033 320122260007279908,19.24,debit,Groceries,Costco TrueEarnings Card,,
8/12/2012,Whole Foods,WHOLEFDS SPP 10257 08043646490042100660068043646490 320122250495573961,26.21,debit,Groceries,Costco TrueEarnings Card,,
8/11/2012,Kroger,KROGER #509 000000508008533033999999922238008533033 320122240484347173,25.32,debit,Groceries,Costco TrueEarnings Card,,
8/10/2012,Kroger,KROGER #509 000000508008533033999999922228008533033 320122230471791823,4.49,debit,Groceries,Costco TrueEarnings Card,,
8/07/2012,Kroger,KROGER #509 000000508008533033999999922198008533033 320122200431137951,21.4,debit,Groceries,Costco TrueEarnings Card,,
8/06/2012,Kroger,KROGER #509 000000508008533033999999922188008533033 320122190417424910,24.41,debit,Groceries,Costco TrueEarnings Card,,
8/04/2012,Kroger,KROGER #509 000000508008533033999999922168008533033 320122170394247623,21.36,debit,Groceries,Costco TrueEarnings Card,,
7/30/2012,Whole Foods,WHOLEFDS SPP 10257 08043646490042900660038043646490 320122120325588365,14.32,debit,Groceries,Costco TrueEarnings Card,,
7/29/2012,Kroger,KROGER #509 000000508008533033999999922108008533033 320122110314289010,7.05,debit,Groceries,Costco TrueEarnings Card,,
7/28/2012,Kroger,KROGER #509 000000508008533033999999922098008533033 320122100303327791,29.22,debit,Groceries,Costco TrueEarnings Card,,
7/28/2012,Kroger,KROGER #509 000000508008533033999999922098008533033 320122100303327790,10.43,debit,Groceries,Costco TrueEarnings Card,,
7/27/2012,Kroger,KROGER #509 000000508008533033999999922088008533033 320122090289613014,5.83,debit,Groceries,Costco TrueEarnings Card,,
7/26/2012,Kroger,KROGER #509 000000508008533033999999922078008533033 320122080275874910,7.92,debit,Groceries,Costco TrueEarnings Card,,
7/25/2012,Kroger,KROGER #509 000000508008533033999999922068008533033 320122070263066499,12.77,debit,Groceries,Costco TrueEarnings Card,,
7/25/2012,Kroger,KROGER #509 000000508008533033999999922068008533033 320122070263066497,25.56,debit,Groceries,Costco TrueEarnings Card,,
7/23/2012,Whole Foods,WHOLEFDS SPP 10257 08043646490042200660068043646490 320122050237260680,22.44,debit,Groceries,Costco TrueEarnings Card,,
7/22/2012,Mapco Express,MAPCO-EXPRESS #4061 ASHLAND04214061008 6152241102 320122040225547654,28.33,debit,Groceries,Costco TrueEarnings Card,,
7/22/2012,Kroger,KROGER #509 000000508008533033999999922038008533033 320122040225547653,12.79,debit,Groceries,Costco TrueEarnings Card,,
7/16/2012,Giant Food,GIANT FOOD INC #770 FREDERICKSB587879      GROCERY STORE 320121980147507233,52.76,debit,Groceries,Costco TrueEarnings Card,,
7/15/2012,Kroger,KROGER #509 000000508008533033999999921968008533033 320121970136122803,29.24,debit,Groceries,Costco TrueEarnings Card,,
7/14/2012,Kroger,KROGER #509 000000508008533033999999921958008533033 320121960124856505,21.93,debit,Groceries,Costco TrueEarnings Card,,
7/11/2012,Kroger,KROGER #509 000000508008533033999999921928008533033 320121930085059240,25.56,debit,Groceries,Costco TrueEarnings Card,,
7/10/2012,Kroger,KROGER #509 000000508008533033999999921918008533033 320121920071905297,12.79,debit,Groceries,Costco TrueEarnings Card,,
7/09/2012,Kroger,KROGER #509 000000508008533033999999921908008533033 320121910058705125,7.16,debit,Groceries,Costco TrueEarnings Card,,
7/09/2012,General Nutrition Centers,GNC #01464 464      RICHMONDMISC FOOD STORE 320121910058705128,42.7,debit,Groceries,Costco TrueEarnings Card,,
7/08/2012,Kroger,KROGER #509 000000508008533033999999921898008533033 320121900047156499,13.61,debit,Groceries,Costco TrueEarnings Card,,
7/08/2012,Kroger,KROGER #509 000000508008533033999999921898008533033 320121900047156498,12.53,debit,Groceries,Costco TrueEarnings Card,,
7/07/2012,Kroger,KROGER #509 000000508008533033999999921888008533033 320121890036131296,16.34,debit,Groceries,Costco TrueEarnings Card,,
7/06/2012,Kroger,KROGER #509 000000508008533033999999921878008533033 320121880022576757,8.03,debit,Groceries,Costco TrueEarnings Card,,
7/04/2012,Kroger,KROGER #509 000000508008533033999999921858008533033 320121860499848790,9,debit,Groceries,Costco TrueEarnings Card,,
7/04/2012,Kroger,KROGER #509 000000508008533033999999921858008533033 320121860499848791,22.78,debit,Groceries,Costco TrueEarnings Card,,
7/04/2012,Kroger,KROGER #509 00000050RICHMOND99999992185 8008533033 320121860499848792,6.29,debit,Groceries,Costco TrueEarnings Card,,
7/03/2012,Kroger,KROGER #509 000000508008533033999999921848008533033 320121850485832136,16.4,debit,Groceries,Costco TrueEarnings Card,,
7/02/2012,Kroger,KROGER #509 000000508008533033999999921838008533033 320121840469981972,33.78,debit,Groceries,Costco TrueEarnings Card,,
7/01/2012,Kroger,KROGER #509 000000508008533033999999921828008533033 320121830459078746,12.6,debit,Groceries,Costco TrueEarnings Card,,
6/26/2012,Kroger,KROGER #509 000000508008533033999999921778008533033 320121780392886869,10.43,debit,Groceries,Costco TrueEarnings Card,,
6/25/2012,Kroger,KROGER #509 000000508008533033999999921768008533033 320121770379816587,12.13,debit,Groceries,Costco TrueEarnings Card,,
6/24/2012,Kroger,KROGER #509 000000508008533033999999921758008533033 320121760368063067,23.99,debit,Groceries,Costco TrueEarnings Card,,
6/23/2012,Kroger,KROGER #509 000000508008533033999999921748008533033 320121750356692294,4.09,debit,Groceries,Costco TrueEarnings Card,,
6/22/2012,Kroger,KROGER #509 000000508008533033999999921738008533033 320121740342912484,5.11,debit,Groceries,Costco TrueEarnings Card,,
6/20/2012,Kroger,KROGER #509 000000508008533033999999921718008533033 320121720316803047,4.09,debit,Groceries,Costco TrueEarnings Card,,
6/17/2012,Kroger,KROGER #509 000000508008533033999999921688008533033 320121690278640224,33.18,debit,Groceries,Costco TrueEarnings Card,,
6/13/2012,Kroger,KROGER #509 000000508008533033999999921648008533033 320121650224753147,15.54,debit,Groceries,Costco TrueEarnings Card,,
6/12/2012,Kroger,KROGER #509 000000508008533033999999921638008533033 320121640211327166,20.4,debit,Groceries,Costco TrueEarnings Card,,
6/12/2012,Kroger,KROGER #509 000000508008533033999999921638008533033 320121640211327167,9.16,debit,Groceries,Costco TrueEarnings Card,,
6/10/2012,Kroger,KROGER #509 000000508008533033999999921618008533033 320121620187215139,27.81,debit,Groceries,Costco TrueEarnings Card,,
6/09/2012,Kroger,KROGER #509 000000508008533033999999921608008533033 320121610176071653,31.62,debit,Groceries,Costco TrueEarnings Card,,
6/03/2012,Kroger,KROGER #509 000000508008533033999999921548008533033 320121550095855065,74.3,debit,Groceries,Costco TrueEarnings Card,,
5/31/2012,Kroger,KROGER #509 000000508008533033999999921518008533033 320121520056189638,6.27,debit,Groceries,Costco TrueEarnings Card,,
5/28/2012,Giant Food,GIANT FOOD INC #770 FREDERICKSB000023      GROCERY STORE 320121490020507038,65.65,debit,Groceries,Costco TrueEarnings Card,,
5/27/2012,Kroger,KROGER #509 000000508008533033999999921478008533033 320121480007933757,69.24,debit,Groceries,Costco TrueEarnings Card,,
5/22/2012,Kroger,KROGER #509 000000508008533033999999921428008533033 320121430444026156,5.9,debit,Groceries,Costco TrueEarnings Card,,
5/19/2012,Kroger,KROGER #509 000000508008533033999999921398008533033 320121400407866934,61.31,debit,Groceries,Costco TrueEarnings Card,,
5/15/2012,Kroger,KROGER #509 000000508008533033999999921358008533033 320121360353898945,20.83,debit,Groceries,Costco TrueEarnings Card,,
5/13/2012,Kroger,KROGER #509 000000508008533033999999921338008533033 320121340328637613,25.27,debit,Groceries,Costco TrueEarnings Card,,
5/12/2012,Kroger,KROGER #509 000000508008533033999999921328008533033 320121330317103375,20.65,debit,Groceries,Costco TrueEarnings Card,,
5/06/2012,Kroger,KROGER #509 000000508008533033999999921268008533033 320121270238143135,20.23,debit,Groceries,Costco TrueEarnings Card,,
5/05/2012,Whole Foods,WHOLEFDS SPP 10257 08043646490042400660048043646490 320121260227864165,16.43,debit,Groceries,Costco TrueEarnings Card,,
5/03/2012,Whole Foods,WHOLEFDS SPP 10257 08043646490042200660068043646490 320121240201123397,26.67,debit,Groceries,Costco TrueEarnings Card,,
4/27/2012,Kroger,KROGER #509 000000508008533033999999921178008533033 320121180123096753,18.32,debit,Groceries,Costco TrueEarnings Card,,
4/26/2012,Kroger,KROGER #509 000000508008533033999999921168008533033 320121170109955119,34.58,debit,Groceries,Costco TrueEarnings Card,,
4/24/2012,Kroger,KROGER #509 000000508008533033999999921148008533033 320121150084766353,10.58,debit,Groceries,Costco TrueEarnings Card,,
4/21/2012,Wal-Mart,WAL-MART SUPERCENTERRICHMOND90683283    DISCOUNT STORE 320121120049785311,17.82,debit,Groceries,Costco TrueEarnings Card,,
4/21/2012,Wal-Mart,WAL-MART SUPERCENTERRICHMOND90683284    DISCOUNT STORE 320121120049785308,81.27,debit,Groceries,Costco TrueEarnings Card,,
4/21/2012,Kroger,KROGER #509 000000508008533033999999921118008533033 320121120049785312,29.34,debit,Groceries,Costco TrueEarnings Card,,
4/19/2012,Kroger,KROGER #509 000000508008533033999999921098008533033 320121100023298088,31.96,debit,Groceries,Costco TrueEarnings Card,,
4/16/2012,Kroger,KROGER #509 000000508008533033999999921068008533033 320121070485029534,29.62,debit,Groceries,Costco TrueEarnings Card,,
4/13/2012,Kroger,KROGER #509 000000508008533033999999921038008533033 320121040447965646,74.21,debit,Groceries,Costco TrueEarnings Card,,
4/12/2012,Fas Mart 41,FAS MART 41 00000000RUTHER GLEN000061637   8044481109 320121030436017489,40.95,debit,Groceries,Costco TrueEarnings Card,,
4/10/2012,Farm Fresh,FARM FRESH #231 0000NEWPORT NEW000057876   7573062146 320121010410822690,12.36,debit,Groceries,Costco TrueEarnings Card,,
4/08/2012,Kroger,KROGER #509 000000508008533033999999920988008533033 320120990389309059,44.57,debit,Groceries,Costco TrueEarnings Card,,
4/06/2012,Kroger,KROGER #509 000000508008533033999999920968008533033 320120970364117466,35.72,debit,Groceries,Costco TrueEarnings Card,,
4/01/2012,Costco,COSTCO #2           1-800-774-2COSTCO MEMBER RENEWAL 320120920299127083,110,debit,Groceries,Costco TrueEarnings Card,,
3/29/2012,Kroger,KROGER #509 000000508008533033999999920888008533033 320120890259140120,33.45,debit,Groceries,Costco TrueEarnings Card,,
3/29/2012,Kroger,KROGER #509 000000508008533033999999920888008533033 320120890259140121,27.93,debit,Groceries,Costco TrueEarnings Card,,
3/24/2012,Kroger,KROGER #509 000000508008533033999999920838008533033 320120840199063938,9.67,debit,Groceries,Costco TrueEarnings Card,,
3/19/2012,Wal-Mart,WAL-MART SUPERCENTERRICHMOND13438763    DISCOUNT STORE 320120790135362419,84.35,debit,Groceries,Costco TrueEarnings Card,,
3/19/2012,Wal-Mart,WAL-MART SUPERCENTERRICHMOND13438762    DISCOUNT STORE 320120790135362418,17.82,debit,Groceries,Costco TrueEarnings Card,,
3/17/2012,Whole Foods,WHOLEFDS SPP 10257 08043646490042600660068043646490 320120770113166327,25.76,debit,Groceries,Costco TrueEarnings Card,,
3/11/2012,Kroger,KROGER #509 000000508008533033999999920708008533033 320120710037760596,10.33,debit,Groceries,Costco TrueEarnings Card,,
3/05/2012,Kroger,KROGER #509 000000508008533033999999920648008533033 320120650463753284,48.44,debit,Groceries,Costco TrueEarnings Card,,
3/03/2012,Kroger,KROGER #509 000000508008533033999999920628008533033 320120630442060943,13.28,debit,Groceries,Costco TrueEarnings Card,,
3/02/2012,Kroger,KROGER #509 000000508008533033999999920618008533033 320120620428176663,31,debit,Groceries,Costco TrueEarnings Card,,
2/27/2012,Wal-Mart,WAL-MART SUPERCENTERRICHMOND69650847    DISCOUNT STORE 320120580378299818,19.39,debit,Groceries,Costco TrueEarnings Card,,
2/26/2012,Whole Foods,WHOLEFDS SPP 10257 08043646490042500660068043646490 320120570366004087,18.88,debit,Groceries,Costco TrueEarnings Card,,
2/24/2012,Kroger,KROGER #509 000000508008533033999999920548008533033 320120550343819439,25.12,debit,Groceries,Costco TrueEarnings Card,,
2/20/2012,Kroger,KROGER #509 000000508008533033999999920508008533033 320120510293563922,9.96,debit,Groceries,Costco TrueEarnings Card,,
2/19/2012,Kroger,KROGER #509 000000508008533033999999920498008533033 320120500282511376,24.65,debit,Groceries,Costco TrueEarnings Card,,
2/16/2012,Kroger,KROGER #509 000000508008533033999999920468008533033 320120470246835185,9.71,debit,Groceries,Costco TrueEarnings Card,,
2/11/2012,Kroger,KROGER #509 000000508008533033999999920418008533033 320120420187153274,15.53,debit,Groceries,Costco TrueEarnings Card,,
2/10/2012,Kroger,KROGER #509 000000508008533033999999920408008533033 320120410173776747,12.27,debit,Groceries,Costco TrueEarnings Card,,
2/09/2012,Wal-Mart,WAL-MART SUPERCENTERRICHMOND29869137    DISCOUNT STORE 320120400161363866,7.42,debit,Groceries,Costco TrueEarnings Card,,
2/09/2012,Costco,COSTCO WHSE #0205 00GLEN ALLEN025064000   8042730425 320120400161363864,503.99,credit,Groceries,Costco TrueEarnings Card,,
2/07/2012,Kroger,KROGER #509 000000508008533033999999920378008533033 320120380137356196,12.42,debit,Groceries,Costco TrueEarnings Card,,
2/03/2012,Kroger,KROGER #509 000000508008533033999999920338008533033 320120340091056773,30.66,debit,Groceries,Costco TrueEarnings Card,,
2/01/2012,Kroger,KROGER #509 000000508008533033999999920318008533033 320120320064906961,28.11,debit,Groceries,Costco TrueEarnings Card,,
1/30/2012,Costco,COSTCO WHSE #0205 00GLEN ALLEN046801000   8042730425 320120300041150694,142.84,debit,Groceries,Costco TrueEarnings Card,,
1/29/2012,Kroger,KROGER #509 000000508008533033999999920288008533033 320120290029700070,4.06,debit,Groceries,Costco TrueEarnings Card,,
1/28/2012,Wal-Mart,WAL-MART SUPERCENTERRICHMOND04018472    DISCOUNT STORE 320120280019226550,39.56,debit,Groceries,Costco TrueEarnings Card,,
1/27/2012,Wal-Mart,WAL-MART SUPERCENTERRICHMOND01770833    DISCOUNT STORE 320120270006561256,9.06,debit,Groceries,Costco TrueEarnings Card,,
1/25/2012,Express Food Mart,EXPRESS FOOD MART 00FREDERICKSB9679004     540-371-8691 320120250483871395,33.41,debit,Groceries,Costco TrueEarnings Card,,
1/23/2012,Giant Food,GIANT FOOD INC #770 FREDERICKSB000019      GROCERY STORE 320120230458856507,9,debit,Groceries,Costco TrueEarnings Card,,
1/20/2012,Kroger,KROGER #509 000000508008533033999999920198008533033 320120200427681842,39.09,debit,Groceries,Costco TrueEarnings Card,,
1/17/2012,Whole Foods,WHOLEFDS SPP 10257 08043646490042600660028043646490 320120170391321305,32.09,debit,Groceries,Costco TrueEarnings Card,,
1/16/2012,Wal-Mart,WAL-MART SUPERCENTERRICHMOND77416996    DISCOUNT STORE 320120160378173550,52.33,debit,Groceries,Costco TrueEarnings Card,,
1/12/2012,Kroger,KROGER #509 000000508008533033999999920118008533033 320120120333502501,41.19,debit,Groceries,Costco TrueEarnings Card,,
1/01/2012,Costco,COSTCO WHSE #0205 00GLEN ALLEN017244000   8042730425 320120010204511520,195.31,debit,Groceries,Costco TrueEarnings Card,,
12/30/2011,Safeway,SAFEWAY  STORE  1507SAN FRANCISGROCERY STORE 320113640181308743,22.11,debit,Groceries,Costco TrueEarnings Card,,
12/25/2011,New Leaf Market,NEW LEAF MARKET 0000HALF MOON B44426364    8009342100 320113590125312285,6.2,debit,Groceries,Costco TrueEarnings Card,,
12/25/2011,New Leaf Market,NEW LEAF MARKET 0000HALF MOON B44145881    8009342100 320113590125312284,20.52,debit,Groceries,Costco TrueEarnings Card,,
12/25/2011,New Leaf Market,NEW LEAF MARKET 0000HALF MOON B45729545    8009342100 320113590125312286,38.11,debit,Groceries,Costco TrueEarnings Card,,
12/24/2011,Kroger,KROGER #509 000000508008533033999999913578008533033 320113580115337621,23.08,debit,Groceries,Costco TrueEarnings Card,,
12/23/2011,Wal-Mart,WAL-MART SUPERCENTERRICHMOND21869595    DISCOUNT STORE 320113570099728037,54.89,debit,Groceries,Costco TrueEarnings Card,,
12/21/2011,Kroger,KROGER #509 000000508008533033999999913548008533033 320113550067191973,8.97,debit,Groceries,Costco TrueEarnings Card,,
12/19/2011,Kroger,KROGER #509 000000508008533033999999913528008533033 320113530035608238,44.92,debit,Groceries,Costco TrueEarnings Card,,
12/18/2011,Kroger,KROGER #509 000000508008533033999999913518008533033 320113520021751770,49.64,debit,Groceries,Costco TrueEarnings Card,,
12/18/2011,Whole Foods,WHOLEFDS SPP 10257 08043646490042700660068043646490 320113520021751767,26.56,debit,Groceries,Costco TrueEarnings Card,,
12/17/2011,Kroger,KROGER #509 000000508008533033999999913508008533033 320113510009235226,18.81,debit,Groceries,Costco TrueEarnings Card,,
12/13/2011,Kroger,KROGER #509 000000508008533033 999999913468008533033 320113470446925461,4.1,debit,Groceries,Costco TrueEarnings Card,,
12/10/2011,Kroger,KROGER #509 000000508008533033 999999913438008533033 320113440408253449,42.01,debit,Groceries,Costco TrueEarnings Card,,
12/04/2011,Wal-Mart,WAL-MART SUPERCENTERRICHMOND 66947120    DISCOUNT STORE 320113380324560809,80,debit,Groceries,Costco TrueEarnings Card,,
11/30/2011,Kroger,KROGER #509 000000508008533033 999999913338008533033 320113340269343158,18.77,debit,Groceries,Costco TrueEarnings Card,,
11/26/2011,Fas Mart,FAS MART 74 00000000RICHMOND 000119920   8043534656 320113300217314241,33.27,debit,Groceries,Costco TrueEarnings Card,,
11/24/2011,Kroger,KROGER #509 000000508008533033 999999913278008533033 320113280197805204,50.9,debit,Groceries,Costco TrueEarnings Card,,
11/13/2011,Costco,COSTCO WHSE #0205 00GLEN ALLEN 017343000   8042730425 320113170057497428,626.74,debit,Groceries,Costco TrueEarnings Card,,
11/08/2011,Costco,COSTCO WHSE #0205 00GLEN ALLEN 003225000   8042730425 320113120496019317,74.84,debit,Groceries,Costco TrueEarnings Card,,
10/25/2011,Costco,COSTCO WHSE #0205 00GLEN ALLEN 014884000   8042730425 320112980326987158,359.73,debit,Groceries,Costco TrueEarnings Card,,
10/20/2011,Wal-Mart,WAL-MART SUPERCENTERRICHMOND 53198602    DISCOUNT STORE 320112930267330152,69.24,debit,Groceries,Costco TrueEarnings Card,,
10/17/2011,Costco,COSTCO WHSE #0205 00GLEN ALLEN 042691000   8042730425 320112900229197845,36.08,debit,Groceries,Costco TrueEarnings Card,,
10/17/2011,Costco,COSTCO WHSE #0205 00GLEN ALLEN 042695000   8042730425 320112900229197844,56,debit,Groceries,Costco TrueEarnings Card,,
10/16/2011,Fas Mart,FAS MART 74 00000000RICHMOND 000111887   8043534656 320112890218468399,28.7,debit,Groceries,Costco TrueEarnings Card,,
10/10/2011,Wal-Mart,WAL-MART SUPERCENTERRICHMOND 30892998    DISCOUNT STORE 320112830146935581,48.59,debit,Groceries,Costco TrueEarnings Card,,
10/08/2011,Kroger,KROGER #509 000000508008533033 999999912808008533033 320112810119406868,32.02,debit,Groceries,Costco TrueEarnings Card,,
10/04/2011,Libbie Market Richmond,LIBBIE MARKET 000000RICHMOND 000006900   8042855637 320112770075273474,20.18,debit,Groceries,Costco TrueEarnings Card,,
10/04/2011,Fas Mart,FAS MART 74 00000000RICHMOND 000109667   8043534656 320112770075273475,49.94,debit,Groceries,Costco TrueEarnings Card,,
10/01/2011,Wal-Mart,WAL-MART SUPERCENTERRICHMOND 11498984    DISCOUNT STORE 320112740037689199,44.62,debit,Groceries,Costco TrueEarnings Card,,
9/30/2011,Safeway,SAFEWAY  STORE  0853BETHESDA GROCERY STORE 320112730025639367,10.44,debit,Groceries,Costco TrueEarnings Card,,
9/29/2011,Fas Mart,FAS MART 74 00000000RICHMOND 000108506   8043534656 320112720013983481,11.4,debit,Groceries,Costco TrueEarnings Card,,
9/29/2011,Fas Mart,FAS MART 74 00000000RICHMOND 000108505   8043534656 320112720013983482,37.24,debit,Groceries,Costco TrueEarnings Card,,
9/24/2011,Wegman's,WEGMANS #41 000000045854644600 249590997735854644600 320112670455729178,9.5,debit,Groceries,Costco TrueEarnings Card,,
9/24/2011,Libbie Market Richmond,LIBBIE MARKET 000000RICHMOND 000006678   8042855637 320112670455729179,29.02,debit,Groceries,Costco TrueEarnings Card,,
9/23/2011,Fas Mart,FAS MART 74 00000000RICHMOND 000107335   8043534656 320112660443360685,28.47,debit,Groceries,Costco TrueEarnings Card,,
9/11/2011,Costco,COSTCO WHSE #0205 00GLEN ALLEN 017970000   8042730425 320112540298812034,142.27,debit,Groceries,Costco TrueEarnings Card,,
9/04/2011,Whole Foods,WHOLEFDS SPP 10257 08043646490 042300660148043646490 320112470217819649,2.63,debit,Groceries,Costco TrueEarnings Card,,
9/04/2011,Whole Foods,WHOLEFDS SPP 10257 08043646490 042300660068043646490 320112470217819650,44.07,debit,Groceries,Costco TrueEarnings Card,,
8/31/2011,Costco,COSTCO WHSE #0205 00GLEN ALLEN 039025000   8042730425 320112430165819705,119.83,debit,Groceries,Costco TrueEarnings Card,,
8/29/2011,Libbie Mar,Debit Card Purchase - LIBBIE MAR,10.17,debit,Groceries,Jamie Account,,
8/28/2011,Fas Mart 7,Debit Card Purchase - FAS MART 7,3.31,debit,Groceries,Jamie Account,,
8/23/2011,Costco,COSTCO WHSE #0205 00GLEN ALLEN 018732000   8042730425 320112350072636447,122.96,debit,Groceries,Costco TrueEarnings Card,,
8/08/2011,Costco,COSTCO WHSE #0205 00GLEN ALLEN 030610000   8042730425 320112200392396874,71.63,debit,Groceries,Costco TrueEarnings Card,,
8/02/2011,Fas Mart,FAS MART 74 00000000RICHMOND 000096312   8043534656 320112140319593933,38.14,debit,Groceries,Costco TrueEarnings Card,,
7/31/2011,Costco,COSTCO WHSE #0205 00GLEN ALLEN 007626000   8042730425 320112120294314741,22.65,debit,Groceries,Costco TrueEarnings Card,,
7/31/2011,Libbie Market Richmond,LIBBIE MARKET 000000RICHMOND 000006998   8042855637 320112120294314742,28.95,debit,Groceries,Costco TrueEarnings Card,,
7/31/2011,Wal-Mart,WAL-MART SUPERCENTERRICHMOND 67012631    DISCOUNT STORE 320112120294314740,41.73,debit,Groceries,Costco TrueEarnings Card,,
7/25/2011,Fas Mart,FAS MART 74 00000000RICHMOND 000094701   8043534656 320112060221918774,51.3,debit,Groceries,Costco TrueEarnings Card,,
7/25/2011,Libbie Market Richmond,LIBBIE MARKET 000000RICHMOND 000004118   8042855637 320112060221918776,10.66,debit,Groceries,Costco TrueEarnings Card,,
7/23/2011,Whole Foods,WHOLEFDS SPP 10257 08043646490 042200660048043646490 320112040199799947,7.07,debit,Groceries,Costco TrueEarnings Card,,
7/19/2011,Costco,COSTCO WHSE #0205 00GLEN ALLEN 027032000   8042730425 320112000148906942,158.48,debit,Groceries,Costco TrueEarnings Card,,
7/17/2011,Libbie Market Richmond,LIBBIE MARKET 000000RICHMOND 000006348   8042855637 320111980125406403,31.51,debit,Groceries,Costco TrueEarnings Card,,
7/13/2011,Transfer to Costco TrueEarnings Card,Electronic Withdrawal from AMERI,203.29,debit,Groceries,Jamie Account,,
7/09/2011,Food Lion,Debit Card Purchase - FOOD LION,22.58,debit,Groceries,Jamie Account,,
7/02/2011,Fas Mart 7,Debit Card Purchase - FAS MART 7,2.61,debit,Groceries,Jamie Account,,
6/30/2011,Kroger,Debit Card Purchase - KROGER 160,28.21,debit,Groceries,Jamie Account,,
6/30/2011,Fas Mart 7,Debit Card Purchase - FAS MART 7,3.98,debit,Groceries,Jamie Account,,
6/25/2011,Costco,Debit Card Purchase - COSTCO WHS,49.45,debit,Groceries,Jamie Account,,
6/23/2011,Martin,Debit Card Purchase - MARTIN'S 6,7.9,debit,Groceries,Jamie Account,,
6/12/2011,Costco,Debit Card Purchase - COSTCO WHS,126.32,debit,Groceries,Jamie Account,,
6/06/2011,Tinee Giant,Debit Card Purchase - TINEE GIAN,6.8,debit,Groceries,Jamie Account,,
6/04/2011,Costco,Debit Card Purchase - COSTCO WHS,39.22,debit,Groceries,Jamie Account,,
5/31/2011,Costco,Debit Card Purchase - COSTCO WHS,94.28,debit,Groceries,Jamie Account,,
5/30/2011,Whole Foods,Debit Card Purchase - WHOLE FOOD,39.69,debit,Groceries,Jamie Account,,
5/27/2011,Fas Mart 7,Debit Card Purchase - FAS MART 7,3.98,debit,Groceries,Jamie Account,,
5/24/2011,Farm Fresh,Debit Card Purchase - FARM FRESH,1.26,debit,Groceries,Jamie Account,,
5/20/2011,Costco,Debit Card Purchase - COSTCO WHS,159.21,debit,Groceries,Jamie Account,,
5/15/2011,Farm Fresh,Debit Card Purchase - FARM FRESH,7.09,debit,Groceries,Jamie Account,,
5/06/2011,Costco,Debit Card Purchase - COSTCO WHS,66.28,debit,Groceries,Jamie Account,,
5/01/2011,Costco,Debit Card Purchase - COSTCO WHS,125.95,debit,Groceries,Jamie Account,,
4/29/2011,Fas Mart 7,Debit Card Purchase - FAS MART 7,31.86,debit,Groceries,Jamie Account,,
4/25/2011,Costco,Debit Card Purchase - COSTCO WHS,67.58,debit,Groceries,Jamie Account,,
4/23/2011,Giant Food,Debit Card Purchase - GIANT FOOD,40.04,debit,Groceries,Jamie Account,,
4/19/2011,Costco,Debit Card Purchase - COSTCO WHS,63.52,debit,Groceries,Jamie Account,,
4/12/2011,Fas Mart 7,Debit Card Purchase - FAS MART 7,20.2,debit,Groceries,Jamie Account,,
4/11/2011,Costco,Debit Card Purchase - COSTCO WHS,42.37,debit,Groceries,Jamie Account,,
4/08/2011,Kroger,Debit Card Purchase - KROGER 160,2.14,debit,Groceries,Jamie Account,,
4/04/2011,Food Lion,Debit Card Purchase - FOOD LION,5.42,debit,Groceries,Jamie Account,,
4/01/2011,Martin,Debit Card Purchase - MARTIN S 6,6,debit,Groceries,Jamie Account,,
3/28/2011,Whole Foods,Debit Card Purchase - WHOLEFDS S,18.2,debit,Groceries,Jamie Account,,
