{
  "projectKey": "DKU_CUSTOMER_LIFETIME_VALUE",
  "id": "Scenario_rebuild_for_CLV",
  "type": "step_based",
  "name": "Scenario rebuild for CLV",
  "active": true,
  "versionTag": {
    "versionNumber": 4,
    "lastModifiedBy": {
      "login": "itrivedi"
    },
    "lastModifiedOn": 1545162590726
  },
  "checklists": {
    "checklists": []
  },
  "delayedTriggersBehavior": {
    "delayWhileRunning": true,
    "squashDelayedTriggers": true,
    "suppressTriggersWhileRunning": true
  },
  "tags": [],
  "triggers": [
    {
      "id": "gTUcyhq9",
      "type": "temporal",
      "name": "CLV30mins",
      "delay": 5,
      "active": true,
      "params": {
        "frequency": "Minutely",
        "daysOfWeek": [
          "Saturday"
        ],
        "dayOfMonth": 1,
        "minute": 0,
        "hour": 2,
        "count": 30
      }
    }
  ],
  "reporters": [],
  "params": {
    "steps": [
      {
        "id": "build_0_true_d_new_customers_scored",
        "type": "build_flowitem",
        "name": "Step #1",
        "runConditionType": "RUN_IF_STATUS_MATCH",
        "runConditionStatuses": [
          "SUCCESS",
          "WARNING"
        ],
        "runConditionExpression": "",
        "resetScenarioStatus": false,
        "params": {
          "builds": [
            {
              "type": "DATASET",
              "itemId": "new_customers_scored",
              "partitionsSpec": ""
            }
          ],
          "jobType": "RECURSIVE_BUILD",
          "refreshHiveMetastore": true,
          "proceedOnFailure": false
        }
      }
    ]
  },
  "automationLocal": false
}