{
  "resolved": {
    "algorithm": "MLLIB_ISOLATION_FOREST",
    "k": 0,
    "n_jobs": 2,
    "max_iterations": 0,
    "epsilon": 0.0,
    "min_sample_ratio": 0.0,
    "gamma": 0.0,
    "coef0": 0.0,
    "seed": -212727652,
    "custom_has_k": false,
    "isolation_forest": {
      "k": 2,
      "enabled": true,
      "n_estimators": 100,
      "max_samples": 0.5,
      "max_features": 1.0,
      "contamination": 0.05000000074505806,
      "bootstrap": true,
      "max_anomalies": 100,
      "n_samples": 256,
      "max_depth": 15
    },
    "ts_kmeans_k": 0,
    "metrics": {
      "evaluationMetric": "SILHOUETTE",
      "customEvaluationMetricGIB": true
    }
  }
}