{"global" : {"size" : 10000, "facts" : [{"cluster_label" : "anomalies", "global_ratio" : 0.044, "current_impact" : 0.2868525896414343, "feature_label" : "diagnosis_code", "category_value" : "654GB", "diff" : -5.5193770373053255, "type" : "categorical", "current_ratio" : 0.2868525896414343}, {"cluster_label" : "anomalies", "global_ratio" : 0.0427, "current_impact" : 0.20318725099601592, "feature_label" : "diagnosis_code", "category_value" : "G654R", "diff" : -3.7584836298832776, "type" : "categorical", "current_ratio" : 0.20318725099601595}, {"cluster_label" : "anomalies", "global_ratio" : 0.1229, "current_impact" : 0.4800796812749004, "feature_label" : "claim_current_status", "category_value" : "N\/A", "diff" : -2.906262662936537, "type" : "categorical", "current_ratio" : 0.4800796812749004}, {"cluster_label" : "anomalies", "global_ratio" : 0.0428, "current_impact" : 0.09760956175298804, "feature_label" : "procedure_code", "category_value" : "23KSWA", "diff" : -1.280597237219347, "type" : "categorical", "current_ratio" : 0.09760956175298804}, {"cluster_label" : "anomalies", "global_ratio" : 0.0412, "current_impact" : 0.08565737051792828, "feature_label" : "procedure_code", "category_value" : "C4391", "diff" : -1.0790623912118513, "type" : "categorical", "current_ratio" : 0.08565737051792828}, {"cluster_label" : "anomalies", "global_ratio" : 0.1251, "current_impact" : 0.2151394422310757, "feature_label" : "claim_current_status", "category_value" : "91", "diff" : -0.7197397460517644, "type" : "categorical", "current_ratio" : 0.2151394422310757}, {"global_mean" : 2565.7109, "cluster_label" : "anomalies", "mean" : 4074.4780876494024, "std" : 2529.6391114900966, "feature_label" : "provider_specialty", "diff" : 0.7087422216403882, "global_std" : 2128.7954090802596, "type" : "numerical"}, {"cluster_label" : "anomalies", "global_ratio" : 0.3839, "current_impact" : 0.14143426294820718, "feature_label" : "claim_current_status", "category_value" : "02", "diff" : 0.6315856656728128, "type" : "categorical", "current_ratio" : 0.14143426294820718}, {"cluster_label" : "anomalies", "global_ratio" : 0.043, "current_impact" : 0.06772908366533864, "feature_label" : "procedure_code", "category_value" : "S3I46", "diff" : -0.5750949689613639, "type" : "categorical", "current_ratio" : 0.06772908366533864}, {"cluster_label" : "anomalies", "global_ratio" : 0.3681, "current_impact" : 0.16334661354581673, "feature_label" : "claim_current_status", "category_value" : "01", "diff" : 0.5562439186476046, "type" : "categorical", "current_ratio" : 0.16334661354581673}]}, "clusters" : [{"cluster" : "anomalies", "size" : 502, "facts" : [{"cluster_label" : "anomalies", "global_ratio" : 0.044, "current_impact" : 0.2868525896414343, "feature_label" : "diagnosis_code", "category_value" : "654GB", "diff" : -5.5193770373053255, "type" : "categorical", "current_ratio" : 0.2868525896414343}, {"cluster_label" : "anomalies", "global_ratio" : 0.0427, "current_impact" : 0.20318725099601592, "feature_label" : "diagnosis_code", "category_value" : "G654R", "diff" : -3.7584836298832776, "type" : "categorical", "current_ratio" : 0.20318725099601595}, {"cluster_label" : "anomalies", "global_ratio" : 0.1229, "current_impact" : 0.4800796812749004, "feature_label" : "claim_current_status", "category_value" : "N\/A", "diff" : -2.906262662936537, "type" : "categorical", "current_ratio" : 0.4800796812749004}]}, {"cluster" : "regular", "size" : 9498, "facts" : [{"cluster_label" : "regular", "global_ratio" : 0.044, "current_impact" : 0.03116445567487892, "feature_label" : "diagnosis_code", "category_value" : "654GB", "diff" : 0.2917169164800245, "type" : "categorical", "current_ratio" : 0.03116445567487892}, {"cluster_label" : "regular", "global_ratio" : 0.0427, "current_impact" : 0.03421773004843125, "feature_label" : "diagnosis_code", "category_value" : "G654R", "diff" : 0.1986480082334603, "type" : "categorical", "current_ratio" : 0.03421773004843125}, {"cluster_label" : "regular", "global_ratio" : 0.1229, "current_impact" : 0.104021899347231, "feature_label" : "claim_current_status", "category_value" : "N\/A", "diff" : 0.15360537553107406, "type" : "categorical", "current_ratio" : 0.104021899347231}]}]}