{
  "checklists": {
    "checklists": []
  }, 
  "creationTag": {
    "lastModifiedBy": {
      "login": "admin"
    }, 
    "lastModifiedOn": 1486149187022, 
    "versionNumber": 0
  }, 
  "dashboardCreationId": "QdCQjzW", 
  "description": "", 
  "listed": false, 
  "name": "Count by age", 
  "owner": "admin", 
  "params": {
    "datasetSmartName": "crm_and_web_history_enriched", 
    "def": {
      "axis1LogScale": false, 
      "axis2LogScale": false, 
      "boxplotBreakdownDim": [], 
      "boxplotValue": [], 
      "bubblesOptions": {
        "defaultRadius": 5.0
      }, 
      "colorMeasure": [], 
      "colorOptions": {
        "ccScaleMode": "NORMAL", 
        "colorPalette": "default", 
        "singleColor": "#659a88", 
        "transparency": 0.9
      }, 
      "colorPaletteType": "LINEAR", 
      "computeMode": "NORMAL", 
      "disableSafetyLimits": false, 
      "filters": [
        {
          "column": "age", 
          "columnType": "NUMERICAL", 
          "excludedValues": {}, 
          "explicitExclude": false, 
          "filterType": "NUMERICAL_FACET", 
          "isA": "filter", 
          "minValue": -15.38
        }
      ], 
      "genericDimension0": [
        {
          "column": "pages_visited", 
          "filters": [], 
          "generateOthersCategory": true, 
          "isA": "dimension", 
          "maxValues": 100, 
          "numParams": {
            "binSize": "1", 
            "emptyBinsMode": "ZEROS", 
            "mode": "FIXED_SIZE", 
            "nbBins": "1"
          }, 
          "oneTickPerBin": false, 
          "possibleSorts": [
            {
              "label": "Natural ordering", 
              "sortAscending": true, 
              "type": "NATURAL"
            }, 
            {
              "label": "Count of records, descending", 
              "measureIdx": 0, 
              "type": "AGGREGATION"
            }, 
            {
              "label": "Count of records, ascending", 
              "measureIdx": 0, 
              "sortAscending": true, 
              "type": "AGGREGATION"
            }
          ], 
          "sort": {
            "label": "Natural ordering", 
            "sortAscending": true, 
            "type": "NATURAL"
          }, 
          "type": "NUMERICAL"
        }
      ], 
      "genericDimension1": [], 
      "genericMeasures": [
        {
          "computeMode": "NORMAL", 
          "computeModeDim": 1, 
          "displayAxis": "axis1", 
          "displayType": "column", 
          "displayed": true, 
          "function": "COUNT", 
          "isA": "measure", 
          "type": "NUMERICAL"
        }
      ], 
      "geometry": [], 
      "groupDimension": [], 
      "hexbinNumber": 20, 
      "hexbinRadius": 20, 
      "hexbinRadiusMode": "NUM_HEXAGONS", 
      "includeZero": true, 
      "mapGridOptions": {
        "gridLatDeg": 0.6, 
        "gridLonDeg": 0.6
      }, 
      "mapOptions": {
        "lockSquareGrid": false, 
        "tilesLayer": "mapquest-std"
      }, 
      "name": "Count by age", 
      "pieOptions": {
        "donutHoleSize": 50.0
      }, 
      "scatterOptions": {
        "equalScales": false, 
        "identityLine": false
      }, 
      "showLegend": false, 
      "showXAxis": false, 
      "sizeMeasure": [], 
      "smoothing": false, 
      "strokeWidth": 1, 
      "tooltipMeasures": [], 
      "type": "multi_columns_lines", 
      "uaColor": [], 
      "uaShape": [], 
      "uaSize": [], 
      "uaTooltip": [], 
      "uaXDimension": [], 
      "uaYDimension": [], 
      "useLiveProcessingIfAvailable": true, 
      "userEditedName": true, 
      "variant": "normal", 
      "xAxisMode": "NORMAL", 
      "xDimension": [], 
      "xMeasure": [], 
      "yAxisMode": "NORMAL", 
      "yDimension": [], 
      "yMeasure": []
    }, 
    "engineType": "LINO", 
    "refreshableSelection": {
      "_refreshTrigger": 0, 
      "autoRefreshSample": false, 
      "selection": {
        "filter": {
          "distinct": false, 
          "enabled": false
        }, 
        "latestPartitionsN": 1, 
        "maxReadUncompressedBytes": -1, 
        "maxRecords": 30000, 
        "partitionSelectionMethod": "ALL", 
        "samplingMethod": "HEAD_SEQUENTIAL", 
        "targetRatio": 0.02, 
        "useMemTable": false, 
        "withinFirstN": -1
      }
    }
  }, 
  "shortDesc": "", 
  "tags": [], 
  "type": "chart", 
  "versionTag": {
    "lastModifiedBy": {
      "login": "admin"
    }, 
    "lastModifiedOn": 1486149252494, 
    "versionNumber": 1
  }
}