{
  "pythonInterpreter": "PYTHON27",
  "installCorePackages": true,
  "installJupyterSupport": true,
  "conda": false,
  "creationTag": {
    "versionNumber": 0,
    "lastModifiedBy": {
      "login": "jsutphin"
    },
    "lastModifiedOn": 1544646616048
  },
  "versionTag": {
    "versionNumber": 0,
    "lastModifiedBy": {
      "login": "jsutphin"
    },
    "lastModifiedOn": 1544646616048
  },
  "deploymentMode": "DESIGN_MANAGED",
  "envSettings": {
    "inheritGlobalSettings": true,
    "condaInstallExtraOptions": [],
    "condaCreateExtraOptions": [],
    "pipInstallExtraOptions": [],
    "virtualenvCreateExtraOptions": [],
    "cranMirrorURL": "https://cloud.r-project.org"
  },
  "usableByAll": true,
  "permissions": [],
  "allContainerConfs": false,
  "containerConfs": []
}