{
  "steps": [],
  "tags": [],
  "explorationSampling": {
    "selection": {
      "samplingMethod": "HEAD_SEQUENTIAL",
      "partitionSelectionMethod": "ALL",
      "maxRecords": 30000,
      "targetRatio": 0.02
    },
    "autoRefreshSample": false,
    "_refreshTrigger": 1
  },
  "vizSampling": {
    "autoRefreshSample": false,
    "_refreshTrigger": 7
  },
  "exploreUIParams": {
    "autoRefresh": true
  },
  "explorationFilters": [
    {
      "type": "global_search",
      "$$hashKey": "2M4"
    }
  ],
  "expectedInputSchema": {
    "userModified": false,
    "columns": [
      {
        "name": "customer_id",
        "type": "string",
        "maxLength": 1000
      },
      {
        "name": "age",
        "type": "double",
        "maxLength": 1000
      },
      {
        "name": "price_first_item_purchased",
        "type": "double",
        "maxLength": 1000
      },
      {
        "name": "gender",
        "type": "string",
        "maxLength": 1000
      },
      {
        "name": "revenue",
        "type": "double",
        "maxLength": 1000
      },
      {
        "name": "ip_country",
        "type": "string",
        "maxLength": 1000
      },
      {
        "name": "pages_visited",
        "type": "double",
        "maxLength": 1000
      },
      {
        "name": "campain",
        "type": "boolean",
        "maxLength": 1000
      }
    ]
  },
  "charts": [
    {
      "data": {
        "name": "Customers age",
        "genericMeasures": [
          {
            "function": "COUNT",
            "type": "NUMERICAL",
            "displayed": true,
            "isA": "measure",
            "displayAxis": "axis1",
            "displayType": "column"
          }
        ],
        "dimensions": [
          {
            "column": "age",
            "type": "NUMERICAL",
            "numParams": {
              "mode": "FIXED_SIZE",
              "nbBins": 10,
              "binSize": 1
            },
            "maxValues": 100,
            "generateOthersCategory": true,
            "filters": [],
            "isA": "dimension",
            "possibleSorts": [
              {
                "type": "NATURAL",
                "label": "Natural ordering"
              },
              {
                "type": "AGGREGATION",
                "measureIdx": 0,
                "label": "Count of records"
              }
            ],
            "sort": {
              "type": "NATURAL",
              "label": "Natural ordering"
            },
            "possibleNewFilters": [
              {
                "type": "DIMENSION_VALUES",
                "label": "Value of the dimension",
                "group": "Dimension values",
                "minValue": 0,
                "maxValue": 9999
              },
              {
                "type": "MEASURE_VALUES",
                "measureFilterId": 0,
                "label": "Count of records",
                "group": "Measure values"
              }
            ],
            "oneTickPerBin": false
          }
        ],
        "type": "grouped_bars",
        "includeZero": true,
        "chartOptions": {},
        "hexbinRadius": 20,
        "yAxisMode": "NORMAL",
        "xAxisMode": "NORMAL",
        "computeMode": "NONE",
        "filters": [
          {
            "column": "age",
            "type": "NUMERICAL",
            "label": "age",
            "cacheable": true,
            "__justDragDropped": true,
            "columnType": "NUMERICAL",
            "isA": "filter",
            "excludedValues": {},
            "$$hashKey": "8G2",
            "minValue": -15.38
          }
        ],
        "colorMeasures": [],
        "sizeMeasures": [],
        "measures": [
          {
            "function": "COUNT",
            "type": "NUMERICAL",
            "displayed": true,
            "isA": "measure",
            "displayAxis": "axis1",
            "displayType": "column"
          }
        ]
      },
      "$$hashKey": "15L",
      "chartOptions": {
        "zeroEnabled": true,
        "enabledYAxisModes": [
          {
            "value": "NORMAL",
            "label": "Normal",
            "shortLabel": "Normal"
          },
          {
            "value": "LOG",
            "label": "Logarithmic scale",
            "shortLabel": "Log"
          }
        ],
        "enabledXAxisModes": [
          {
            "value": "NORMAL",
            "label": "Normal",
            "shortLabel": "Normal"
          },
          {
            "value": "CUMULATIVE",
            "label": "Cumulative values",
            "shortLabel": "Cumulative"
          },
          {
            "value": "DIFFERENCE",
            "label": "Difference (replace each value by the diff to the previous one)",
            "shortLabel": "Difference"
          }
        ],
        "enabledComputeModes": [
          {
            "value": "NONE",
            "label": "No computation",
            "shortLabel": "None"
          },
          {
            "value": "LIFT_AVG",
            "shortLabel": "Ratio to AVG",
            "label": "Compute ratio of each value relative to average of values"
          }
        ],
        "computeOptionsDisplayed": true,
        "vAxisOptionsDisplayed": true,
        "hAxisOptionsDisplayed": true
      },
      "multiplotDisplayModes": [
        "column",
        "line"
      ],
      "dateModes": [
        {
          "group": "Timeline",
          "value": "YEAR",
          "label": "Year"
        },
        {
          "group": "Timeline",
          "value": "MONTH",
          "label": "Month"
        },
        {
          "group": "Timeline",
          "value": "WEEK",
          "label": "Week"
        },
        {
          "group": "Timeline",
          "value": "DAY",
          "label": "Day"
        },
        {
          "group": "Timeline",
          "value": "HOUR",
          "label": "Hour"
        },
        {
          "group": "Regroup",
          "value": "QUARTER_OF_YEAR",
          "label": "Quarter of Year"
        },
        {
          "group": "Regroup",
          "value": "MONTH_OF_YEAR",
          "label": "Month of Year"
        },
        {
          "group": "Regroup",
          "value": "WEEK_OF_YEAR",
          "label": "Week of year"
        },
        {
          "group": "Regroup",
          "value": "DAY_OF_MONTH",
          "label": "Day of month"
        },
        {
          "group": "Regroup",
          "value": "DAY_OF_WEEK",
          "label": "Day of week"
        },
        {
          "group": "Regroup",
          "value": "HOUR_OF_DAY",
          "label": "Hour of day"
        }
      ]
    },
    {
      "data": {
        "name": "# Customers / gender",
        "genericMeasures": [
          {
            "function": "COUNT",
            "type": "NUMERICAL",
            "displayed": true,
            "isA": "measure",
            "displayAxis": "axis1",
            "displayType": "column"
          }
        ],
        "dimensions": [
          {
            "column": "gender",
            "type": "ALPHANUM",
            "maxValues": 20,
            "generateOthersCategory": true,
            "filters": [],
            "isA": "dimension",
            "possibleSorts": [
              {
                "type": "NATURAL",
                "label": "Natural ordering"
              },
              {
                "type": "AGGREGATION",
                "measureIdx": 0,
                "label": "Count of records"
              }
            ],
            "sort": {
              "type": "NATURAL",
              "label": "Natural ordering"
            },
            "possibleNewFilters": [
              {
                "type": "MEASURE_VALUES",
                "measureFilterId": 0,
                "label": "Count of records",
                "group": "Measure values"
              }
            ]
          }
        ],
        "type": "grouped_bars",
        "includeZero": true,
        "chartOptions": {},
        "hexbinRadius": 20,
        "yAxisMode": "NORMAL",
        "xAxisMode": "NORMAL",
        "computeMode": "NONE",
        "filters": [],
        "colorMeasures": [],
        "sizeMeasures": [],
        "measures": [
          {
            "function": "COUNT",
            "type": "NUMERICAL",
            "displayed": true,
            "isA": "measure",
            "displayAxis": "axis1",
            "displayType": "column"
          }
        ]
      },
      "$$hashKey": "270",
      "chartOptions": {
        "zeroEnabled": true,
        "enabledYAxisModes": [
          {
            "value": "NORMAL",
            "label": "Normal",
            "shortLabel": "Normal"
          },
          {
            "value": "LOG",
            "label": "Logarithmic scale",
            "shortLabel": "Log"
          }
        ],
        "enabledXAxisModes": [
          {
            "value": "NORMAL",
            "label": "Normal",
            "shortLabel": "Normal"
          },
          {
            "value": "CUMULATIVE",
            "label": "Cumulative values",
            "shortLabel": "Cumulative"
          },
          {
            "value": "DIFFERENCE",
            "label": "Difference (replace each value by the diff to the previous one)",
            "shortLabel": "Difference"
          }
        ],
        "enabledComputeModes": [
          {
            "value": "NONE",
            "label": "No computation",
            "shortLabel": "None"
          },
          {
            "value": "LIFT_AVG",
            "shortLabel": "Ratio to AVG",
            "label": "Compute ratio of each value relative to average of values"
          }
        ],
        "computeOptionsDisplayed": true,
        "vAxisOptionsDisplayed": true,
        "hAxisOptionsDisplayed": true
      },
      "multiplotDisplayModes": [
        "column",
        "line"
      ],
      "dateModes": [
        {
          "group": "Timeline",
          "value": "YEAR",
          "label": "Year"
        },
        {
          "group": "Timeline",
          "value": "MONTH",
          "label": "Month"
        },
        {
          "group": "Timeline",
          "value": "WEEK",
          "label": "Week"
        },
        {
          "group": "Timeline",
          "value": "DAY",
          "label": "Day"
        },
        {
          "group": "Timeline",
          "value": "HOUR",
          "label": "Hour"
        },
        {
          "group": "Regroup",
          "value": "QUARTER_OF_YEAR",
          "label": "Quarter of Year"
        },
        {
          "group": "Regroup",
          "value": "MONTH_OF_YEAR",
          "label": "Month of Year"
        },
        {
          "group": "Regroup",
          "value": "WEEK_OF_YEAR",
          "label": "Week of year"
        },
        {
          "group": "Regroup",
          "value": "DAY_OF_MONTH",
          "label": "Day of month"
        },
        {
          "group": "Regroup",
          "value": "DAY_OF_WEEK",
          "label": "Day of week"
        },
        {
          "group": "Regroup",
          "value": "HOUR_OF_DAY",
          "label": "Hour of day"
        }
      ]
    },
    {
      "data": {
        "name": "Average revenue / gender",
        "genericMeasures": [
          {
            "column": "revenue",
            "function": "AVG",
            "type": "NUMERICAL",
            "displayed": true,
            "isA": "measure",
            "displayAxis": "axis1",
            "displayType": "column"
          }
        ],
        "dimensions": [
          {
            "column": "gender",
            "type": "ALPHANUM",
            "maxValues": 20,
            "generateOthersCategory": true,
            "filters": [],
            "isA": "dimension",
            "possibleSorts": [
              {
                "type": "NATURAL",
                "label": "Natural ordering"
              },
              {
                "type": "AGGREGATION",
                "measureIdx": 0,
                "label": "Average of revenue"
              }
            ],
            "sort": {
              "type": "AGGREGATION",
              "measureIdx": 0,
              "label": "Average of revenue"
            },
            "possibleNewFilters": [
              {
                "type": "MEASURE_VALUES",
                "measureFilterId": 0,
                "label": "Average of revenue",
                "group": "Measure values"
              }
            ]
          }
        ],
        "type": "grouped_bars",
        "includeZero": true,
        "chartOptions": {},
        "hexbinRadius": 20,
        "yAxisMode": "NORMAL",
        "xAxisMode": "NORMAL",
        "computeMode": "NONE",
        "filters": [],
        "colorMeasures": [],
        "sizeMeasures": [],
        "measures": [
          {
            "column": "revenue",
            "function": "AVG",
            "type": "NUMERICAL",
            "displayed": true,
            "isA": "measure",
            "displayAxis": "axis1",
            "displayType": "column"
          }
        ]
      },
      "$$hashKey": "286",
      "chartOptions": {
        "zeroEnabled": true,
        "enabledYAxisModes": [
          {
            "value": "NORMAL",
            "label": "Normal",
            "shortLabel": "Normal"
          },
          {
            "value": "LOG",
            "label": "Logarithmic scale",
            "shortLabel": "Log"
          }
        ],
        "enabledXAxisModes": [
          {
            "value": "NORMAL",
            "label": "Normal",
            "shortLabel": "Normal"
          },
          {
            "value": "CUMULATIVE",
            "label": "Cumulative values",
            "shortLabel": "Cumulative"
          },
          {
            "value": "DIFFERENCE",
            "label": "Difference (replace each value by the diff to the previous one)",
            "shortLabel": "Difference"
          }
        ],
        "enabledComputeModes": [
          {
            "value": "NONE",
            "label": "No computation",
            "shortLabel": "None"
          },
          {
            "value": "LIFT_AVG",
            "shortLabel": "Ratio to AVG",
            "label": "Compute ratio of each value relative to average of values"
          }
        ],
        "computeOptionsDisplayed": true,
        "vAxisOptionsDisplayed": true,
        "hAxisOptionsDisplayed": true
      },
      "multiplotDisplayModes": [
        "column",
        "line"
      ],
      "dateModes": [
        {
          "group": "Timeline",
          "value": "YEAR",
          "label": "Year"
        },
        {
          "group": "Timeline",
          "value": "MONTH",
          "label": "Month"
        },
        {
          "group": "Timeline",
          "value": "WEEK",
          "label": "Week"
        },
        {
          "group": "Timeline",
          "value": "DAY",
          "label": "Day"
        },
        {
          "group": "Timeline",
          "value": "HOUR",
          "label": "Hour"
        },
        {
          "group": "Regroup",
          "value": "QUARTER_OF_YEAR",
          "label": "Quarter of Year"
        },
        {
          "group": "Regroup",
          "value": "MONTH_OF_YEAR",
          "label": "Month of Year"
        },
        {
          "group": "Regroup",
          "value": "WEEK_OF_YEAR",
          "label": "Week of year"
        },
        {
          "group": "Regroup",
          "value": "DAY_OF_MONTH",
          "label": "Day of month"
        },
        {
          "group": "Regroup",
          "value": "DAY_OF_WEEK",
          "label": "Day of week"
        },
        {
          "group": "Regroup",
          "value": "HOUR_OF_DAY",
          "label": "Hour of day"
        }
      ]
    },
    {
      "data": {
        "name": "Revenue source population",
        "genericMeasures": [
          {
            "function": "COUNT",
            "type": "NUMERICAL",
            "displayed": true,
            "isA": "measure",
            "displayAxis": "axis1",
            "displayType": "column"
          },
          {
            "column": "revenue",
            "function": "AVG",
            "type": "NUMERICAL",
            "displayed": true,
            "isA": "measure",
            "displayAxis": "axis1",
            "displayType": "column"
          }
        ],
        "dimensions": [
          {
            "column": "ip_country",
            "type": "ALPHANUM",
            "maxValues": 200,
            "generateOthersCategory": true,
            "filters": [],
            "isA": "dimension",
            "possibleSorts": [
              {
                "type": "NATURAL",
                "label": "Natural ordering"
              },
              {
                "type": "AGGREGATION",
                "measureIdx": 0,
                "label": "Count of records"
              },
              {
                "type": "AGGREGATION",
                "measureIdx": 1,
                "label": "Average of revenue"
              },
              {
                "type": "AGGREGATION",
                "measureIdx": 2,
                "label": "Sum of revenue"
              },
              {
                "type": "AGGREGATION",
                "measureIdx": 3,
                "label": "Average of age"
              }
            ],
            "sort": {
              "type": "NATURAL",
              "label": "Natural ordering"
            },
            "possibleNewFilters": [
              {
                "type": "MEASURE_VALUES",
                "measureFilterId": 0,
                "label": "Count of records",
                "group": "Measure values"
              },
              {
                "type": "MEASURE_VALUES",
                "measureFilterId": 1,
                "label": "Average of revenue",
                "group": "Measure values"
              },
              {
                "type": "MEASURE_VALUES",
                "measureFilterId": 2,
                "label": "Sum of revenue",
                "group": "Measure values"
              },
              {
                "type": "MEASURE_VALUES",
                "measureFilterId": 3,
                "label": "Average of age",
                "group": "Measure values"
              }
            ]
          }
        ],
        "type": "scatter_1d",
        "includeZero": true,
        "chartOptions": {},
        "hexbinRadius": 50,
        "yAxisMode": "NORMAL",
        "xAxisMode": "NORMAL",
        "computeMode": "NONE",
        "filters": [],
        "colorMeasures": [
          {
            "column": "age",
            "function": "AVG",
            "type": "NUMERICAL",
            "displayed": true,
            "isA": "measure",
            "displayAxis": "axis1",
            "displayType": "column"
          }
        ],
        "sizeMeasures": [
          {
            "column": "revenue",
            "function": "SUM",
            "type": "NUMERICAL",
            "displayed": true,
            "isA": "measure",
            "displayAxis": "axis1",
            "displayType": "column"
          }
        ],
        "measures": [
          {
            "function": "COUNT",
            "type": "NUMERICAL",
            "displayed": true,
            "isA": "measure",
            "displayAxis": "axis1",
            "displayType": "column"
          },
          {
            "column": "revenue",
            "function": "AVG",
            "type": "NUMERICAL",
            "displayed": true,
            "isA": "measure",
            "displayAxis": "axis1",
            "displayType": "column"
          },
          {
            "column": "revenue",
            "function": "SUM",
            "type": "NUMERICAL",
            "displayed": true,
            "isA": "measure",
            "displayAxis": "axis1",
            "displayType": "column"
          },
          {
            "column": "age",
            "function": "AVG",
            "type": "NUMERICAL",
            "displayed": true,
            "isA": "measure",
            "displayAxis": "axis1",
            "displayType": "column"
          }
        ],
        "hexbin": false
      },
      "$$hashKey": "3GQ",
      "chartOptions": {
        "zeroEnabled": false,
        "enabledYAxisModes": [
          {
            "value": "NORMAL",
            "label": "Normal",
            "shortLabel": "Normal"
          }
        ],
        "enabledXAxisModes": [
          {
            "value": "NORMAL",
            "label": "Normal",
            "shortLabel": "Normal"
          }
        ],
        "enabledComputeModes": [
          {
            "value": "NONE",
            "label": "No computation",
            "shortLabel": "None"
          }
        ],
        "vAxisOptionsDisplayed": false,
        "hAxisOptionsDisplayed": false,
        "computeOptionsDisplayed": false
      },
      "multiplotDisplayModes": [
        "column",
        "line"
      ],
      "dateModes": [
        {
          "group": "Timeline",
          "value": "YEAR",
          "label": "Year"
        },
        {
          "group": "Timeline",
          "value": "MONTH",
          "label": "Month"
        },
        {
          "group": "Timeline",
          "value": "WEEK",
          "label": "Week"
        },
        {
          "group": "Timeline",
          "value": "DAY",
          "label": "Day"
        },
        {
          "group": "Timeline",
          "value": "HOUR",
          "label": "Hour"
        },
        {
          "group": "Regroup",
          "value": "QUARTER_OF_YEAR",
          "label": "Quarter of Year"
        },
        {
          "group": "Regroup",
          "value": "MONTH_OF_YEAR",
          "label": "Month of Year"
        },
        {
          "group": "Regroup",
          "value": "WEEK_OF_YEAR",
          "label": "Week of year"
        },
        {
          "group": "Regroup",
          "value": "DAY_OF_MONTH",
          "label": "Day of month"
        },
        {
          "group": "Regroup",
          "value": "DAY_OF_WEEK",
          "label": "Day of week"
        },
        {
          "group": "Regroup",
          "value": "HOUR_OF_DAY",
          "label": "Hour of day"
        }
      ]
    },
    {
      "data": {
        "name": "Revenue and #Customers by gender",
        "genericMeasures": [
          {
            "function": "COUNT",
            "type": "NUMERICAL",
            "displayed": true,
            "isA": "measure",
            "displayAxis": "axis1",
            "displayType": "column"
          },
          {
            "column": "revenue",
            "function": "AVG",
            "type": "NUMERICAL",
            "displayed": true,
            "isA": "measure",
            "displayAxis": "axis2",
            "displayType": "column"
          }
        ],
        "dimensions": [
          {
            "column": "gender",
            "type": "ALPHANUM",
            "maxValues": 20,
            "generateOthersCategory": true,
            "filters": [],
            "isA": "dimension",
            "possibleSorts": [
              {
                "type": "NATURAL",
                "label": "Natural ordering"
              },
              {
                "type": "AGGREGATION",
                "measureIdx": 0,
                "label": "Count of records"
              },
              {
                "type": "AGGREGATION",
                "measureIdx": 1,
                "label": "Average of revenue"
              }
            ],
            "sort": {
              "type": "NATURAL",
              "label": "Natural ordering"
            },
            "possibleNewFilters": [
              {
                "type": "MEASURE_VALUES",
                "measureFilterId": 0,
                "label": "Count of records",
                "group": "Measure values"
              },
              {
                "type": "MEASURE_VALUES",
                "measureFilterId": 1,
                "label": "Average of revenue",
                "group": "Measure values"
              }
            ]
          }
        ],
        "type": "grouped_bars",
        "includeZero": true,
        "chartOptions": {},
        "hexbinRadius": 20,
        "yAxisMode": "NORMAL",
        "xAxisMode": "NORMAL",
        "computeMode": "NONE",
        "filters": [],
        "colorMeasures": [],
        "sizeMeasures": [],
        "measures": [
          {
            "function": "COUNT",
            "type": "NUMERICAL",
            "displayed": true,
            "isA": "measure",
            "displayAxis": "axis1",
            "displayType": "column"
          },
          {
            "column": "revenue",
            "function": "AVG",
            "type": "NUMERICAL",
            "displayed": true,
            "isA": "measure",
            "displayAxis": "axis2",
            "displayType": "column"
          }
        ]
      },
      "$$hashKey": "2VO",
      "chartOptions": {
        "zeroEnabled": true,
        "enabledYAxisModes": [
          {
            "value": "NORMAL",
            "label": "Normal",
            "shortLabel": "Normal"
          },
          {
            "value": "LOG",
            "label": "Logarithmic scale",
            "shortLabel": "Log"
          }
        ],
        "enabledXAxisModes": [
          {
            "value": "NORMAL",
            "label": "Normal",
            "shortLabel": "Normal"
          },
          {
            "value": "CUMULATIVE",
            "label": "Cumulative values",
            "shortLabel": "Cumulative"
          },
          {
            "value": "DIFFERENCE",
            "label": "Difference (replace each value by the diff to the previous one)",
            "shortLabel": "Difference"
          }
        ],
        "enabledComputeModes": [
          {
            "value": "NONE",
            "label": "No computation",
            "shortLabel": "None"
          },
          {
            "value": "AB_RATIO",
            "shortLabel": "a/b ratio",
            "label": "Compute ratio of measure 1 / measure 2"
          },
          {
            "value": "AB_RATIO_PCT",
            "shortLabel": "a/b ratio (%)",
            "label": "Compute ratio of measure 1 / measure 2, as percentage"
          }
        ],
        "computeOptionsDisplayed": true,
        "vAxisOptionsDisplayed": true,
        "hAxisOptionsDisplayed": true
      },
      "multiplotDisplayModes": [
        "column",
        "line"
      ],
      "dateModes": [
        {
          "group": "Timeline",
          "value": "YEAR",
          "label": "Year"
        },
        {
          "group": "Timeline",
          "value": "MONTH",
          "label": "Month"
        },
        {
          "group": "Timeline",
          "value": "WEEK",
          "label": "Week"
        },
        {
          "group": "Timeline",
          "value": "DAY",
          "label": "Day"
        },
        {
          "group": "Timeline",
          "value": "HOUR",
          "label": "Hour"
        },
        {
          "group": "Regroup",
          "value": "QUARTER_OF_YEAR",
          "label": "Quarter of Year"
        },
        {
          "group": "Regroup",
          "value": "MONTH_OF_YEAR",
          "label": "Month of Year"
        },
        {
          "group": "Regroup",
          "value": "WEEK_OF_YEAR",
          "label": "Week of year"
        },
        {
          "group": "Regroup",
          "value": "DAY_OF_MONTH",
          "label": "Day of month"
        },
        {
          "group": "Regroup",
          "value": "DAY_OF_WEEK",
          "label": "Day of week"
        },
        {
          "group": "Regroup",
          "value": "HOUR_OF_DAY",
          "label": "Hour of day"
        }
      ]
    }
  ],
  "chartsEngine": "LINO"
}