{
  "steps": [],
  "tags": [],
  "explorationSampling": {
    "selection": {
      "samplingMethod": "HEAD_SEQUENTIAL",
      "partitionSelectionMethod": "ALL",
      "maxRecords": 30000,
      "targetRatio": 0.02
    },
    "autoRefreshSample": false,
    "_refreshTrigger": 0
  },
  "vizSampling": {
    "autoRefreshSample": false,
    "_refreshTrigger": 0
  },
  "exploreUIParams": {},
  "explorationFilters": [],
  "expectedInputSchema": {
    "userModified": false,
    "columns": [
      {
        "name": "customer_id",
        "type": "string",
        "maxLength": 1000
      },
      {
        "name": "ip",
        "type": "string",
        "maxLength": 1000
      },
      {
        "name": "ip_country",
        "type": "string",
        "maxLength": 1000
      },
      {
        "name": "pages_visited",
        "type": "double",
        "maxLength": 1000
      },
      {
        "name": "campain",
        "type": "boolean",
        "maxLength": 1000
      },
      {
        "name": "revenue",
        "type": "double",
        "maxLength": 1000
      }
    ]
  },
  "charts": [
    {
      "data": {
        "name": "Untitled chart 1",
        "genericMeasures": [],
        "dimensions": [],
        "type": "grouped_bars",
        "includeZero": true,
        "chartOptions": {},
        "hexbinRadius": 20,
        "yAxisMode": "NORMAL",
        "xAxisMode": "NORMAL",
        "computeMode": "NONE",
        "filters": [],
        "colorMeasures": [],
        "sizeMeasures": [],
        "measures": []
      },
      "$$hashKey": "1CY",
      "chartOptions": {
        "zeroEnabled": true,
        "enabledYAxisModes": [
          {
            "value": "NORMAL",
            "label": "Normal",
            "shortLabel": "Normal"
          },
          {
            "value": "LOG",
            "label": "Logarithmic scale",
            "shortLabel": "Log"
          }
        ],
        "enabledXAxisModes": [
          {
            "value": "NORMAL",
            "label": "Normal",
            "shortLabel": "Normal"
          },
          {
            "value": "CUMULATIVE",
            "label": "Cumulative values",
            "shortLabel": "Cumulative"
          }
        ],
        "enabledComputeModes": [
          {
            "value": "NONE",
            "label": "No computation",
            "shortLabel": "None"
          }
        ],
        "vAxisOptionsDisplayed": true,
        "hAxisOptionsDisplayed": true,
        "computeOptionsDisplayed": false
      },
      "multiplotDisplayModes": [
        "column",
        "line"
      ],
      "dateModes": [
        {
          "group": "Timeline",
          "value": "YEAR",
          "label": "Year"
        },
        {
          "group": "Timeline",
          "value": "MONTH",
          "label": "Month"
        },
        {
          "group": "Timeline",
          "value": "WEEK",
          "label": "Week"
        },
        {
          "group": "Timeline",
          "value": "DAY",
          "label": "Day"
        },
        {
          "group": "Timeline",
          "value": "HOUR",
          "label": "Hour"
        },
        {
          "group": "Regroup",
          "value": "QUARTER_OF_YEAR",
          "label": "Quarter of Year"
        },
        {
          "group": "Regroup",
          "value": "MONTH_OF_YEAR",
          "label": "Month of Year"
        },
        {
          "group": "Regroup",
          "value": "WEEK_OF_YEAR",
          "label": "Week of year"
        },
        {
          "group": "Regroup",
          "value": "DAY_OF_MONTH",
          "label": "Day of month"
        },
        {
          "group": "Regroup",
          "value": "DAY_OF_WEEK",
          "label": "Day of week"
        },
        {
          "group": "Regroup",
          "value": "HOUR_OF_DAY",
          "label": "Hour of day"
        }
      ]
    }
  ]
}