{
  "cparams": {
    "extractBeforePrepare": true,
    "datasetSmartName": "stage_claims_latest",
    "selection": {
      "useMemTable": false,
      "filter": {
        "distinct": false,
        "enabled": false
      },
      "partitionSelectionMethod": "ALL",
      "latestPartitionsN": 1,
      "ordering": {
        "enabled": false,
        "rules": []
      },
      "samplingMethod": "HEAD_SEQUENTIAL",
      "maxRecords": 10000,
      "targetRatio": 0.1,
      "withinFirstN": -1,
      "maxReadUncompressedBytes": -1
    },
    "instanceIdRefresher": 0
  },
  "generationDate": 1545111994192,
  "policyId": "none",
  "instanceId": "unique-TubSwKXe",
  "format": "csv1",
  "schema": {
    "columns": [
      {"name":"claim_current_status","type":"string"},
      {"name":"clcl_id","type":"bigint"},
      {"name":"clcl_input_dt","type":"date"},
      {"name":"new_member_key","type":"bigint"},
      {"name":"provider_id","type":"string"},
      {"name":"claim_lineitem_number","type":"bigint"},
      {"name":"diagnosis_code","type":"string"},
      {"name":"line_item_amount_charged","type":"double"},
      {"name":"line_item_paid_amount","type":"double"},
      {"name":"lineitem_units_allowed","type":"bigint"},
      {"name":"lineitem_units_charged","type":"bigint"},
      {"name":"procedure_code","type":"string"},
      {"name":"provider_entity","type":"string"},
      {"name":"provider_specialty","type":"bigint"}
    ],
    "userModified": false
  },
  "trainRows": 0,
  "testRows": 0,
  "fullRows": 0
}