{
  "projectKey": "GENSPARKCLAIMS",
  "id": "SCENARIO1",
  "type": "step_based",
  "name": "Scenario1",
  "active": false,
  "versionTag": {
    "versionNumber": 19,
    "lastModifiedBy": {
      "login": "jsutphin"
    },
    "lastModifiedOn": 1545113874017
  },
  "checklists": {
    "checklists": []
  },
  "delayedTriggersBehavior": {
    "delayWhileRunning": true,
    "squashDelayedTriggers": true,
    "suppressTriggersWhileRunning": true
  },
  "tags": [],
  "triggers": [
    {
      "id": "lgQSnTx9",
      "type": "temporal",
      "name": "run15mins",
      "delay": 5,
      "active": true,
      "params": {
        "frequency": "Minutely",
        "daysOfWeek": [
          "Saturday"
        ],
        "dayOfMonth": 1,
        "minute": 0,
        "hour": 2,
        "count": 15
      }
    }
  ],
  "reporters": [],
  "params": {
    "steps": [
      {
        "id": "build_0_true_d_stage_claim_lines_hdfs_d_stage_provider_specialties",
        "type": "build_flowitem",
        "name": "Step #1",
        "runConditionType": "RUN_IF_STATUS_MATCH",
        "runConditionStatuses": [
          "SUCCESS",
          "WARNING"
        ],
        "runConditionExpression": "",
        "resetScenarioStatus": false,
        "params": {
          "builds": [
            {
              "type": "DATASET",
              "itemId": "stage_claim_lines_hdfs",
              "partitionsSpec": ""
            },
            {
              "type": "DATASET",
              "itemId": "stage_claims_hdfs",
              "partitionsSpec": ""
            }
          ],
          "jobType": "RECURSIVE_BUILD",
          "refreshHiveMetastore": true,
          "proceedOnFailure": false
        }
      }
    ]
  },
  "automationLocal": false
}