{
  "type": "Filesystem",
  "managed": true,
  "formatType": "csv",
  "checklists": {
    "checklists": []
  },
  "checks": [],
  "customMeta": {
    "kv": {}
  },
  "flowOptions": {
    "virtualizable": false,
    "rebuildBehavior": "NORMAL",
    "crossProjectBuildBehavior": "DEFAULT"
  },
  "readWriteOptions": {
    "preserveOrder": false,
    "writeBuckets": 1,
    "forceSingleOutputFile": false,
    "defaultReadOrdering": {
      "enabled": false,
      "rules": []
    }
  },
  "formatParams": {
    "style": "unix",
    "charset": "utf8",
    "separator": "\t",
    "quoteChar": "\"",
    "escapeChar": "\\",
    "dateSerializationFormat": "ISO",
    "arrayMapFormat": "json",
    "hiveSeparators": [
      "\u0002",
      "\u0003",
      "\u0004",
      "\u0005",
      "\u0006",
      "\u0007",
      "\b"
    ],
    "skipRowsBeforeHeader": 0,
    "parseHeaderRow": false,
    "skipRowsAfterHeader": 0,
    "probableNumberOfRecords": 0,
    "normalizeBooleans": false,
    "normalizeDoubles": false,
    "readAdditionalColumnsBehavior": "INSERT_IN_DATA_WARNING",
    "readMissingColumnsBehavior": "DISCARD_SILENT",
    "readDataTypeMismatchBehavior": "DISCARD_WARNING",
    "writeDataTypeMismatchBehavior": "DISCARD_WARNING",
    "fileReadFailureBehavior": "FAIL",
    "compress": "gz"
  },
  "partitioning": {
    "ignoreNonMatchingFile": false,
    "considerMissingRequestedPartitionsAsEmpty": false,
    "dimensions": []
  },
  "versionTag": {
    "versionNumber": 12,
    "lastModifiedBy": {
      "login": "admin"
    },
    "lastModifiedOn": 1519405016496
  },
  "creationTag": {
    "versionNumber": 0,
    "lastModifiedBy": {
      "login": "admin"
    },
    "lastModifiedOn": 1486149556956
  },
  "tags": [
    "creator_admin"
  ],
  "params": {
    "connection": "filesystem_managed",
    "path": "/DKU_PREDICTIVE_MAINTENANCE.Assets_at_risk",
    "notReadyIfEmpty": false,
    "filesSelectionRules": {
      "mode": "ALL",
      "excludeRules": [],
      "includeRules": [],
      "explicitFiles": []
    }
  },
  "schema": {
    "columns": [
      {
        "name": "Asset",
        "type": "string"
      },
      {
        "name": "R417_Quantity_sum",
        "type": "bigint"
      },
      {
        "name": "R707_Quantity_sum",
        "type": "bigint"
      },
      {
        "name": "R193_Quantity_sum",
        "type": "bigint"
      },
      {
        "name": "R565_Quantity_sum",
        "type": "bigint"
      },
      {
        "name": "R783_Quantity_sum",
        "type": "bigint"
      },
      {
        "name": "R364_Quantity_sum",
        "type": "bigint"
      },
      {
        "name": "R446_Quantity_sum",
        "type": "bigint"
      },
      {
        "name": "R119_Quantity_sum",
        "type": "bigint"
      },
      {
        "name": "R044_Quantity_sum",
        "type": "bigint"
      },
      {
        "name": "R575_Quantity_sum",
        "type": "bigint"
      },
      {
        "name": "R606_Quantity_sum",
        "type": "bigint"
      },
      {
        "name": "R064_Quantity_sum",
        "type": "bigint"
      },
      {
        "name": "R396_Quantity_sum",
        "type": "bigint"
      },
      {
        "name": "R782_Quantity_sum",
        "type": "bigint"
      },
      {
        "name": "Quantity_sum",
        "type": "bigint"
      },
      {
        "name": "Time_begin_exploitation",
        "type": "bigint"
      },
      {
        "name": "Initial_km",
        "type": "double"
      },
      {
        "name": "nb_km",
        "type": "double"
      },
      {
        "name": "proba_0",
        "type": "double"
      },
      {
        "name": "proba_1",
        "type": "double"
      },
      {
        "name": "prediction",
        "type": "string"
      }
    ],
    "userModified": true
  },
  "metrics": {
    "probes": [
      {
        "type": "basic",
        "enabled": false,
        "computeOnBuildMode": "NO",
        "meta": {
          "name": "Basic data",
          "level": 0
        },
        "configuration": {}
      },
      {
        "type": "records",
        "enabled": true,
        "computeOnBuildMode": "NO",
        "meta": {
          "name": "Record count",
          "level": 0
        },
        "configuration": {}
      },
      {
        "type": "col_stats",
        "enabled": false,
        "computeOnBuildMode": "NO",
        "meta": {
          "name": "Columns statistics",
          "level": 2
        },
        "configuration": {
          "aggregates": []
        }
      },
      {
        "type": "adv_col_stats",
        "enabled": false,
        "computeOnBuildMode": "NO",
        "meta": {
          "name": "Most frequent values",
          "level": 3
        },
        "configuration": {
          "aggregates": []
        }
      },
      {
        "type": "percentile_stats",
        "enabled": false,
        "computeOnBuildMode": "NO",
        "meta": {
          "name": "Columns percentiles",
          "level": 4
        },
        "configuration": {
          "aggregates": []
        }
      },
      {
        "type": "verify_col",
        "enabled": false,
        "computeOnBuildMode": "NO",
        "meta": {
          "name": "Data validity",
          "level": 4
        },
        "configuration": {
          "aggregates": []
        }
      }
    ],
    "engineConfig": {
      "padRunsWithMetrics": false,
      "hive": {
        "active": true,
        "extraConf": []
      },
      "basic": {},
      "dss": {
        "active": true,
        "selection": {
          "useMemTable": false,
          "filter": {
            "distinct": false,
            "enabled": false
          },
          "partitionSelectionMethod": "ALL",
          "latestPartitionsN": 1,
          "samplingMethod": "FULL",
          "maxRecords": -1,
          "targetRatio": 0.02,
          "withinFirstN": -1,
          "maxReadUncompressedBytes": -1
        }
      },
      "sql": {
        "active": true
      },
      "impala": {
        "active": true
      },
      "python": {}
    },
    "displayedState": {
      "partition": "NP",
      "columns": [],
      "metrics": [
        "records:COUNT_RECORDS"
      ]
    }
  },
  "metricsChecks": {
    "runOnBuild": false,
    "checks": [],
    "displayedState": {
      "partition": "NP",
      "checks": []
    }
  }
}