{
  "type": "UploadedFiles",
  "managed": false,
  "formatType": "csv",
  "checklists": {
    "checklists": []
  },
  "customMeta": {
    "kv": {}
  },
  "flowOptions": {
    "virtualizable": false,
    "rebuildBehavior": "NORMAL",
    "crossProjectBuildBehavior": "DEFAULT"
  },
  "readWriteOptions": {
    "preserveOrder": false,
    "writeBuckets": 1,
    "forceSingleOutputFile": false,
    "defaultReadOrdering": {
      "enabled": false,
      "rules": []
    }
  },
  "formatParams": {
    "style": "excel",
    "charset": "utf8",
    "separator": ",",
    "quoteChar": "\"",
    "escapeChar": "\\",
    "dateSerializationFormat": "ISO",
    "arrayMapFormat": "json",
    "hiveSeparators": [
      "\u0002",
      "\u0003",
      "\u0004",
      "\u0005",
      "\u0006",
      "\u0007",
      "\b"
    ],
    "skipRowsBeforeHeader": 0,
    "parseHeaderRow": true,
    "skipRowsAfterHeader": 0,
    "probableNumberOfRecords": 16,
    "normalizeBooleans": false,
    "normalizeDoubles": false,
    "readAdditionalColumnsBehavior": "INSERT_IN_DATA_WARNING",
    "readMissingColumnsBehavior": "DISCARD_SILENT",
    "readDataTypeMismatchBehavior": "DISCARD_WARNING",
    "writeDataTypeMismatchBehavior": "DISCARD_WARNING",
    "compress": ""
  },
  "partitioning": {
    "ignoreNonMatchingFile": false,
    "considerMissingRequestedPartitionsAsEmpty": false,
    "dimensions": []
  },
  "versionTag": {
    "versionNumber": 6,
    "lastModifiedBy": {
      "login": "admin"
    },
    "lastModifiedOn": 1519404979168
  },
  "creationTag": {
    "versionNumber": 0,
    "lastModifiedBy": {
      "login": "admin"
    },
    "lastModifiedOn": 1519399828739
  },
  "tags": [
    "creator_admin"
  ],
  "params": {
    "notReadyIfEmpty": false,
    "filesSelectionRules": {
      "mode": "ALL",
      "excludeRules": [],
      "includeRules": [],
      "explicitFiles": []
    }
  },
  "schema": {
    "userModified": true,
    "columns": [
      {
        "name": "Asset",
        "type": "string",
        "timestampNoTzAsDate": false,
        "maxLength": -1
      },
      {
        "name": "R417_Quantity_sum",
        "type": "int",
        "timestampNoTzAsDate": false,
        "maxLength": -1
      },
      {
        "name": "R707_Quantity_sum",
        "type": "int",
        "timestampNoTzAsDate": false,
        "maxLength": -1
      },
      {
        "name": "R193_Quantity_sum",
        "type": "int",
        "timestampNoTzAsDate": false,
        "maxLength": -1
      },
      {
        "name": "R565_Quantity_sum",
        "type": "int",
        "timestampNoTzAsDate": false,
        "maxLength": -1
      },
      {
        "name": "R783_Quantity_sum",
        "type": "int",
        "timestampNoTzAsDate": false,
        "maxLength": -1
      },
      {
        "name": "R364_Quantity_sum",
        "type": "int",
        "timestampNoTzAsDate": false,
        "maxLength": -1
      },
      {
        "name": "R446_Quantity_sum",
        "type": "int",
        "timestampNoTzAsDate": false,
        "maxLength": -1
      },
      {
        "name": "R119_Quantity_sum",
        "type": "int",
        "timestampNoTzAsDate": false,
        "maxLength": -1
      },
      {
        "name": "R044_Quantity_sum",
        "type": "int",
        "timestampNoTzAsDate": false,
        "maxLength": -1
      },
      {
        "name": "R575_Quantity_sum",
        "type": "int",
        "timestampNoTzAsDate": false,
        "maxLength": -1
      },
      {
        "name": "R606_Quantity_sum",
        "type": "int",
        "timestampNoTzAsDate": false,
        "maxLength": -1
      },
      {
        "name": "R064_Quantity_sum",
        "type": "int",
        "timestampNoTzAsDate": false,
        "maxLength": -1
      },
      {
        "name": "R396_Quantity_sum",
        "type": "int",
        "timestampNoTzAsDate": false,
        "maxLength": -1
      },
      {
        "name": "R782_Quantity_sum",
        "type": "int",
        "timestampNoTzAsDate": false,
        "maxLength": -1
      },
      {
        "name": "Time_begin_exploitation",
        "type": "int",
        "timestampNoTzAsDate": false,
        "maxLength": -1
      },
      {
        "name": "Initial_km",
        "type": "double",
        "timestampNoTzAsDate": false,
        "maxLength": -1
      },
      {
        "name": "nb_km",
        "type": "double",
        "timestampNoTzAsDate": false,
        "maxLength": -1
      }
    ]
  },
  "metrics": {
    "probes": [],
    "engineConfig": {
      "padRunsWithMetrics": false,
      "hive": {
        "active": true,
        "extraConf": []
      },
      "basic": {},
      "dss": {
        "active": true,
        "selection": {
          "useMemTable": false,
          "filter": {
            "distinct": false,
            "enabled": false
          },
          "partitionSelectionMethod": "ALL",
          "latestPartitionsN": 1,
          "ordering": {
            "enabled": false,
            "rules": []
          },
          "samplingMethod": "FULL",
          "maxRecords": -1,
          "targetRatio": 0.02,
          "withinFirstN": -1,
          "maxReadUncompressedBytes": -1
        }
      },
      "sql": {
        "active": true
      },
      "impala": {
        "active": true
      },
      "python": {}
    },
    "displayedState": {
      "columns": [],
      "metrics": []
    }
  },
  "metricsChecks": {
    "runOnBuild": false,
    "checks": [],
    "displayedState": {
      "checks": []
    }
  }
}