{
  "type": "chart",
  "params": {
    "datasetSmartName": "new_customers_scored",
    "engineType": "LINO",
    "refreshableSelection": {
      "selection": {
        "useMemTable": false,
        "filter": {
          "distinct": false,
          "enabled": false
        },
        "partitionSelectionMethod": "ALL",
        "latestPartitionsN": 1,
        "ordering": {
          "enabled": false,
          "rules": []
        },
        "samplingMethod": "HEAD_SEQUENTIAL",
        "maxRecords": 30000,
        "targetRatio": 0.02,
        "withinFirstN": -1,
        "maxReadUncompressedBytes": -1
      },
      "autoRefreshSample": false,
      "_refreshTrigger": 0
    },
    "def": {
      "type": "pie",
      "variant": "donut",
      "name": "Revenue forecast by country",
      "userEditedName": true,
      "genericDimension0": [
        {
          "column": "join_ip_country",
          "type": "ALPHANUM",
          "numParams": {
            "emptyBinsMode": "ZEROS"
          },
          "maxValues": 20,
          "generateOthersCategory": true,
          "oneTickPerBin": false,
          "filters": [],
          "isA": "dimension",
          "possibleSorts": [
            {
              "type": "NATURAL",
              "label": "Natural ordering",
              "sortAscending": true
            },
            {
              "type": "AGGREGATION",
              "measureIdx": 0,
              "label": "Sum of prediction, descending"
            },
            {
              "type": "AGGREGATION",
              "measureIdx": 0,
              "label": "Sum of prediction, ascending",
              "sortAscending": true
            }
          ],
          "sort": {
            "type": "AGGREGATION",
            "measureIdx": 0,
            "label": "Sum of prediction, descending"
          }
        }
      ],
      "genericDimension1": [],
      "facetDimension": [],
      "animationDimension": [],
      "genericMeasures": [
        {
          "column": "prediction",
          "function": "SUM",
          "type": "NUMERICAL",
          "displayed": true,
          "isA": "measure",
          "displayAxis": "axis1",
          "displayType": "column",
          "computeMode": "NORMAL",
          "computeModeDim": 0
        }
      ],
      "xDimension": [],
      "yDimension": [],
      "uaXDimension": [],
      "uaYDimension": [],
      "uaSize": [],
      "uaShape": [],
      "uaColor": [],
      "uaTooltip": [],
      "groupDimension": [],
      "xMeasure": [],
      "yMeasure": [],
      "colorMeasure": [],
      "sizeMeasure": [],
      "geometry": [],
      "tooltipMeasures": [],
      "boxplotBreakdownDim": [],
      "boxplotValue": [],
      "filters": [],
      "axis1LogScale": false,
      "axis2LogScale": false,
      "includeZero": true,
      "smoothing": false,
      "showLegend": true,
      "showXAxis": false,
      "showInChartValues": true,
      "showInChartLabels": false,
      "strokeWidth": 1,
      "fillOpacity": 0.5,
      "showXAxisLabel": false,
      "showYAxisLabel": false,
      "hexbinRadius": 20,
      "hexbinNumber": 20,
      "hexbinRadiusMode": "NUM_HEXAGONS",
      "chartHeight": 200,
      "singleXAxis": false,
      "multiTooltips": false,
      "animationFrameDuration": 3000,
      "animationRepeat": true,
      "colorOptions": {
        "singleColor": "#659a88",
        "transparency": 0.75,
        "colorPalette": "default",
        "ccScaleMode": "NORMAL",
        "customPalette": {
          "id": "__dku_custom__",
          "name": "Custom palette",
          "colors": [],
          "values": [],
          "fixedValues": false
        },
        "paletteType": "CONTINUOUS",
        "quantizationMode": "NONE",
        "numQuantizeSteps": 5,
        "paletteMiddleValue": 0.0
      },
      "bubblesOptions": {
        "defaultRadius": 5.0
      },
      "computeMode": "NORMAL",
      "xAxisMode": "NORMAL",
      "yAxisMode": "NORMAL",
      "pieOptions": {
        "donutHoleSize": 50.0
      },
      "scatterOptions": {
        "equalScales": false,
        "identityLine": false
      },
      "mapOptions": {
        "tilesLayer": "mapquest-std",
        "lockSquareGrid": false
      },
      "mapGridOptions": {
        "gridLonDeg": 0.6,
        "gridLatDeg": 0.6
      },
      "disableSafetyLimits": false,
      "useLiveProcessingIfAvailable": true,
      "legendPlacement": "OUTER_RIGHT"
    },
    "maxDataBytes": 0
  },
  "owner": "admin",
  "listed": true,
  "name": "Revenue forecast by country",
  "versionTag": {
    "versionNumber": 1,
    "lastModifiedBy": {
      "login": "admin"
    },
    "lastModifiedOn": 1510826587911
  },
  "creationTag": {
    "versionNumber": 0,
    "lastModifiedBy": {
      "login": "admin"
    },
    "lastModifiedOn": 1458756177255
  },
  "description": "",
  "shortDesc": "",
  "tags": [],
  "checklists": {
    "checklists": []
  }
}