{
  "type": "python",
  "neverRecomputeExistingPartitions": false,
  "optionalDependencies": false,
  "params": {
    "envSelection": {
      "envMode": "INHERIT"
    },
    "containerSelection": {
      "containerMode": "INHERIT"
    },
    "skipPrerunValidate": false
  },
  "customMeta": {
    "kv": {}
  },
  "redispatchPartitioning": false,
  "maxRunningActivities": 0,
  "inputs": {
    "main": {
      "items": [
        {
          "ref": "stage_claims_dummy_file",
          "deps": []
        }
      ]
    }
  },
  "outputs": {
    "main": {
      "items": [
        {
          "ref": "stage_claims_fs",
          "appendMode": true
        }
      ]
    }
  },
  "versionTag": {
    "versionNumber": 38,
    "lastModifiedBy": {
      "login": "itrivedi"
    },
    "lastModifiedOn": 1545074284292
  },
  "creationTag": {
    "versionNumber": 0,
    "lastModifiedBy": {
      "login": "jsutphin"
    },
    "lastModifiedOn": 1544198143210
  },
  "tags": [],
  "checklists": {
    "checklists": []
  }
}