{
  "type": "join",
  "neverRecomputeExistingPartitions": false,
  "optionalDependencies": false,
  "customMeta": {
    "kv": {}
  },
  "redispatchPartitioning": false,
  "maxRunningActivities": 0,
  "inputs": {
    "main": {
      "items": [
        {
          "ref": "GENSPARKCLAIMS.stage_claim_lines_hdfs",
          "deps": []
        },
        {
          "ref": "GENSPARKCLAIMS.stage_claims_hdfs",
          "deps": []
        },
        {
          "ref": "GENSPARKCLAIMS.stage_provider_specialties",
          "deps": []
        }
      ]
    }
  },
  "outputs": {
    "main": {
      "items": [
        {
          "ref": "stage_claims_latest",
          "appendMode": false
        }
      ]
    }
  },
  "versionTag": {
    "versionNumber": 9,
    "lastModifiedBy": {
      "login": "jsutphin"
    },
    "lastModifiedOn": 1545117291213
  },
  "creationTag": {
    "versionNumber": 0,
    "lastModifiedBy": {
      "login": "jsutphin"
    },
    "lastModifiedOn": 1544706625737
  },
  "tags": [],
  "checklists": {
    "checklists": []
  }
}