{
  "dashboardAuthorizations": {
    "allAuthorized": false,
    "authorizations": [
      {
        "objectRef": {
          "objectId": "data_prepared",
          "objectType": "DATASET"
        },
        "modes": [
          "READ"
        ]
      },
      {
        "objectRef": {
          "objectId": "4wUI1vp8",
          "objectType": "SAVED_MODEL"
        },
        "modes": [
          "READ"
        ]
      },
      {
        "objectRef": {
          "objectId": "scores",
          "objectType": "DATASET"
        },
        "modes": [
          "READ"
        ]
      },
      {
        "objectRef": {
          "objectId": "data_prepared_2012_predictions",
          "objectType": "DATASET"
        },
        "modes": [
          "READ"
        ]
      },
      {
        "objectRef": {
          "objectId": "data_prepared_2011",
          "objectType": "DATASET"
        },
        "modes": [
          "READ"
        ]
      },
      {
        "objectRef": {
          "objectId": "data_prepared_final",
          "objectType": "DATASET"
        },
        "modes": [
          "READ"
        ]
      }
    ]
  },
  "exposedObjects": {
    "objects": []
  },
  "projectType": "REGULAR",
  "bundleExporterSettings": {
    "exportOptions": {
      "exportUploads": false,
      "exportManagedFS": false,
      "exportAnalysisModels": false,
      "exportSavedModels": false,
      "exportManagedFolders": false,
      "exportAllInputDatasets": false,
      "exportAllDatasets": false,
      "exportAllInputManagedFolders": false,
      "exportGitRepository": false,
      "exportInsightsData": false,
      "useManualPluginsInfo": false,
      "includedDatasetsData": [],
      "includedSavedModels": [],
      "includedManagedFolders": []
    }
  },
  "owner": "itrivedi",
  "permissions": [],
  "additionalDashboardUsers": {
    "users": []
  },
  "tutorialProject": true,
  "tutorialId": "DKU_ENERGY_CONSUMPTION",
  "settings": {
    "flowAnchorSourcesAndSinks": true,
    "gitCommitMode": "AUTO",
    "disableAutomaticTriggers": false,
    "integrations": {
      "integrations": []
    },
    "flowBuildSettings": {
      "mergeSparkPipelines": false,
      "pruneBeforeSparkPipelines": false
    },
    "limitsSettings": {
      "memSampleBytes": {
        "soft": -1,
        "hard": -1
      },
      "shakerMemTableBytes": {
        "soft": -1,
        "hard": -1
      },
      "attachmentBytes": {
        "soft": -1,
        "hard": -1
      }
    },
    "relocationSettings": {
      "sqlLikeRecipesInitializationMode": "RESOLVED_TABLE_REFERENCES"
    },
    "recipeEnginesPreferences": {
      "forbiddenEngines": [],
      "enginesPreferenceOrder": [],
      "forbiddenByRecipeType": {},
      "preferenceByRecipeType": {}
    },
    "codeEnvs": {
      "python": {
        "useBuiltinEnv": true,
        "preventOverride": false
      },
      "r": {
        "useBuiltinEnv": true,
        "preventOverride": false
      }
    },
    "container": {
      "containerMode": "NONE"
    },
    "datasetsCreationSettings": {
      "useGlobal": true,
      "preferedStorageFormats": "CSV_ESCAPING_NOGZIP_FORHIVE,CSV_EXCEL_GZIP,PARQUET_HIVE",
      "virtualizable": false,
      "allowUploadsWithoutConnection": true
    },
    "hiveEngineCreationSettings": {
      "useGlobal": true,
      "executionEngine": "HIVECLI_LOCAL"
    },
    "sparkEngineCreationSettings": {
      "useGlobal": true,
      "useGlobalMetastore": false
    },
    "impalaEngineCreationSettings": {
      "useGlobal": true,
      "streamMode": true
    },
    "wikiSettings": {
      "promoted": true
    },
    "cluster": {
      "clusterMode": "INHERIT"
    }
  },
  "name": "BLUE Energy consumption for itrivedi",
  "imgPattern": 4,
  "metrics": {
    "probes": [],
    "engineConfig": {
      "padRunsWithMetrics": false,
      "hive": {
        "active": true,
        "extraConf": []
      },
      "basic": {},
      "dss": {
        "active": true,
        "selection": {
          "useMemTable": false,
          "filter": {
            "distinct": false,
            "enabled": false
          },
          "partitionSelectionMethod": "ALL",
          "latestPartitionsN": 1,
          "ordering": {
            "enabled": false,
            "rules": []
          },
          "samplingMethod": "FULL",
          "maxRecords": -1,
          "targetRatio": 0.02,
          "withinFirstN": -1,
          "maxReadUncompressedBytes": -1
        }
      },
      "sql": {
        "active": true
      },
      "impala": {
        "active": true
      },
      "python": {}
    },
    "displayedState": {
      "columns": [],
      "metrics": []
    }
  },
  "metricsChecks": {
    "runOnBuild": false,
    "checks": [],
    "displayedState": {
      "checks": []
    }
  },
  "versionTag": {
    "versionNumber": 103,
    "lastModifiedBy": {
      "login": "itrivedi"
    },
    "lastModifiedOn": 1545168645216
  },
  "description": "We built this project from a [data science competition](https://www.datascience.net/fr/challenge/9/details) hosted by [datascience.net](https://www.datascience.net/).\n\n\u003cbr/\u003e\n# Project Goal\n\nThe goal of the project is to model the energy consumption of various sites and predict consumption peaks. The original data is from more than 40 French consumer sites.\nThe data in this project has been simplified and contains records for only 3 sites.\n\n\u003cbr/\u003e\n\n# How we do this\n\nTo build this project we have two different data sources you can have a look at: \n\n\u003cp class\u003d\"text-center\"\u003e\n\u003ca href\u003d\"/projects/DKU_ENERGY_CONSUMPTION/flow/\"  class\u003d\"btn btn-datasets-color btn-cta-big-mod\"\u003e\u003ci class\u003d\"icon-dku-sample_project\" class\u003d\"btn-cta-big-mod-icon\" /\u003e\u0026nbsp;Flow\u003c/a\u003e\u003cbr/\u003e\u003cbr/\u003e\n\u003c/p\u003e\n\n- **[sites](datasets/sites/explore/)**: this dataset contains information about the three consumer sites from which the data was collected \n- **[data](datasets/data/explore/)**: this dataset contains energy-use records from the different sites. This dataset gives us energy-use records for every 10 minutes. \n\nIn that dataset you\u0027ll find these features:\n\n- **DATE_LOCAL**: date of the record \n- **ID01**, **ID18**, **ID31**:  for each site, a column valued 1 if the record if for the location #1, 0 if not \n- **consomation**: energy consumption (in kW) \n- **temperature**: temperature (in Celcius) \n\n# Explore the project\n\n1/ start by taking a look at the charts we built on the dashboard.\n\n\u003cp class\u003d\"text-center\"\u003e\n\u003ca href\u003d\"/projects/DKU_ENERGY_CONSUMPTION/dashboards/IQVACLV_sites-consumption/view/\"  class\u003d\"btn btn-datasets-color btn-cta-big-mod\"\u003e\u003ci class\u003d\"icon-dku-sample_project\" class\u003d\"btn-cta-big-mod-icon\" /\u003e\u0026nbsp;Dashboard\u003c/a\u003e\u003cbr/\u003e\u003cbr/\u003e\n\u003c/p\u003e\n\nYou can start seeing differences between the 3 sites :\n\n* ID01 has a very high energy consumption, all the time, even during nights and weekends. It could be an industrial site that works 24/7.\n* ID18 and ID31 seem to have a consumption peak at night.\n* ID18 has a higher consumption when the temperature is low, ID31 has a higher consumption when the temperature is high.\n\n\n2/ Have a look at the flow to understand how the site data is prepared, then modeled and scored. \n\n\u003cp class\u003d\"text-center\"\u003e\n\u003ca href\u003d\"/projects/DKU_ENERGY_CONSUMPTION/flow/\"  class\u003d\"btn btn-datasets-color btn-cta-big-mod\"\u003e\u003ci class\u003d\"icon-dku-sample_project\" class\u003d\"btn-cta-big-mod-icon\" /\u003e\u0026nbsp;Flow\u003c/a\u003e\u003cbr/\u003e\u003cbr/\u003e\n\u003c/p\u003e\n\n\n3/ [The first recipe](recipes/compute_data_prepared/) combines the two datasets (LEFT JOIN) and clean some variables.\n\n\u003cp class\u003d\"text-center\"\u003e\n\u003ca href\u003d\"/projects/DKU_ENERGY_CONSUMPTION/recipes/compute_data_prepared/\"  class\u003d\"btn btn-datasets-color btn-cta-big-mod\"\u003e\u003ci class\u003d\"icon-dku-sample_project\" class\u003d\"btn-cta-big-mod-icon\" /\u003e\u0026nbsp;Data preparation\u003c/a\u003e\u003cbr/\u003e\u003cbr/\u003e\n\u003c/p\u003e\n\n4/ We use a [groupby](recipes/compute_data_prepared_by_day_and_site/) followed by a [window recipe](recipes/compute_data_prepared_lagged/) to do some feature engineering. We want to recover the average of temperatures during the previous week, as well as the values for the temperature and consumption on the previous day. We also added the consumption on the same day, but a week before. We use a [join recipe](recipes/compute_data_prepared_final/) to create the final prepared dataset:\n\n\u003cp class\u003d\"text-center\"\u003e\n\u003ca href\u003d\"datasets/data_prepared_final\"  class\u003d\"btn btn-datasets-color btn-cta-big-mod\"\u003e\u003ci class\u003d\"icon-dku-sample_project\" class\u003d\"btn-cta-big-mod-icon\" /\u003e\u0026nbsp;Prepared data\u003c/a\u003e\u003cbr/\u003e\u003cbr/\u003e\n\u003c/p\u003e\n\n\n5/ Then, the data is split into two datasets: records for the year 2011 and records for the year 2012. We do this because we want to train a model on historic data of 2011 and deploy it on the data from 2012 to make predictions. \n\n\u003cp class\u003d\"text-center\"\u003e\n\u003ca href\u003d\"/projects/DKU_ENERGY_CONSUMPTION/recipes/split_data_prepared_final/\"  class\u003d\"btn btn-datasets-color btn-cta-big-mod\"\u003e\u003ci class\u003d\"icon-dku-sample_project\" class\u003d\"btn-cta-big-mod-icon\" /\u003e\u0026nbsp;Splitting data\u003c/a\u003e\u003cbr/\u003e\u003cbr/\u003e\n\u003c/p\u003e\n\n6/ A Ridge Regression algorithm is trained and used for the prediction. Note that to train on the year 2011 we [split the data](/projects/DKU_ENERGY_CONSUMPTION/analysis/X7qGHMZu/ml/p/GZt3fYls/settings/) into a train set (dates before september) and a test set (rest of the year).\n\n\u003cp class\u003d\"text-center\"\u003e\n\u003ca href\u003d\"/projects/DKU_ENERGY_CONSUMPTION/savedmodels/4wUI1vp8/versions/\"  class\u003d\"btn btn-datasets-color btn-cta-big-mod\"\u003e\u003ci class\u003d\"icon-dku-sample_project\" class\u003d\"btn-cta-big-mod-icon\" /\u003e\u0026nbsp;Model\u003c/a\u003e\u003cbr/\u003e\u003cbr/\u003e\n\u003c/p\u003e\n\n7/ Then, an [R recipe calculates the MAPE](/projects/DKU_ENERGY_CONSUMPTION/recipes/compute_scores/), (Mean Average Percentage Error) score globally and individually for each industries/locations.\n\n\u003cp class\u003d\"text-center\"\u003e\n\u003ca href\u003d\"/projects/DKU_ENERGY_CONSUMPTION/datasets/scores/explore/#filters\"  class\u003d\"btn btn-datasets-color btn-cta-big-mod\"\u003e\u003ci class\u003d\"icon-dku-sample_project\" class\u003d\"btn-cta-big-mod-icon\" /\u003e\u0026nbsp;MAPE results\u003c/a\u003e\u003cbr/\u003e\u003cbr/\u003e\n\u003c/p\u003e\n\nThe model performs better for ID01. this could be expected since this ID has a consumption that is more consistent over time and temperature.\n\nFinally, have a look at the dashboard displaying the results of the model:\n\n\u003cp class\u003d\"text-center\"\u003e\n\u003ca href\u003d\"/projects/DKU_ENERGY_CONSUMPTION/dashboards/CjL20Ee_model-results/view/\"  class\u003d\"btn btn-datasets-color btn-cta-big-mod\"\u003e\u003ci class\u003d\"icon-dku-sample_project\" class\u003d\"btn-cta-big-mod-icon\" /\u003e\u0026nbsp;Dashboard\u003c/a\u003e\u003cbr/\u003e\u003cbr/\u003e\n\u003c/p\u003e\n\n\u003cbr/\u003e\n#Related content\n\nIf you want to know more (we know you do), we recommend you look into these:\n\n-  15 minutes to Deploy your Predictive Application : [Video](https://www.dataiku.com/learn/guide/free-training/deploy-predictive-application.html). \n-  Forecasting time series with R : [technical tutorial](https://www.dataiku.com/learn/guide/code/r/time_series.html).",
  "shortDesc": "Building a model for energy consumption to predict peaks.",
  "tags": [
    "sample_project",
    "sample"
  ],
  "checklists": {
    "checklists": []
  }
}