{
    "polynomial_interaction": {
        "shifts": {
            "poly_int:R193_Quantity_sum * R119_Quantity_sum": 0.028990961494106605, 
            "poly_int:Quantity_sum * R396_Quantity_sum": -0.001345247129846355, 
            "poly_int:R364_Quantity_sum * R064_Quantity_sum": 0.0360624247056817, 
            "poly_int:R064_Quantity_sum": -2.375600485794189e-16, 
            "poly_int:Time_begin_exploitation": 2.229979820375903e-16, 
            "poly_int:Time_begin_exploitation * R417_Quantity_sum": -0.0005676100471845108, 
            "poly_int:R565_Quantity_sum * R044_Quantity_sum": -0.0031378258050008866, 
            "poly_int:R707_Quantity_sum * R417_Quantity_sum": 0.025265292979419922, 
            "poly_int:R606_Quantity_sum * R417_Quantity_sum": -0.06145889582548378, 
            "poly_int:Quantity_sum * R193_Quantity_sum": -0.012003018879607603, 
            "poly_int:R565_Quantity_sum * R417_Quantity_sum": 0.003968318072897508, 
            "poly_int:R364_Quantity_sum * nb_km": 0.2887480939105953, 
            "poly_int:R119_Quantity_sum * R396_Quantity_sum": 0.13370404400938904, 
            "poly_int:R575_Quantity_sum * R396_Quantity_sum": -0.005586691663567883, 
            "poly_int:R575_Quantity_sum * R606_Quantity_sum": -0.027299622662711676, 
            "poly_int:R565_Quantity_sum * Time_begin_exploitation": 0.005850683211708609, 
            "poly_int:R417_Quantity_sum": -1.5170075106837977e-15, 
            "poly_int:R707_Quantity_sum * nb_km": 0.09407294570759517, 
            "poly_int:R446_Quantity_sum * R064_Quantity_sum": -0.001622393669600783, 
            "poly_int:Quantity_sum": -4.0804540417525143e-16, 
            "poly_int:R044_Quantity_sum * R783_Quantity_sum": 0.16740925486338326, 
            "poly_int:R783_Quantity_sum * R396_Quantity_sum": 0.06428909861452085, 
            "poly_int:Time_begin_exploitation * R119_Quantity_sum": 0.022044880923739494, 
            "poly_int:R446_Quantity_sum * Initial_km": -0.011721217708047182, 
            "poly_int:R044_Quantity_sum * R193_Quantity_sum": -0.008164212150079547, 
            "poly_int:R575_Quantity_sum * R417_Quantity_sum": 0.012508650166019724, 
            "poly_int:R064_Quantity_sum * R396_Quantity_sum": -0.009739068928925173, 
            "poly_int:R396_Quantity_sum * R606_Quantity_sum": -0.10339734813755697, 
            "poly_int:R575_Quantity_sum": -4.854688519451636e-16, 
            "poly_int:R193_Quantity_sum * R446_Quantity_sum": -0.00752736206457085, 
            "poly_int:R044_Quantity_sum": -2.917795275936613e-17, 
            "poly_int:Initial_km * R064_Quantity_sum": 0.02070057892612553, 
            "poly_int:R044_Quantity_sum * R119_Quantity_sum": 0.08889106762212945, 
            "poly_int:R364_Quantity_sum * Time_begin_exploitation": 0.15974537818960466, 
            "poly_int:Quantity_sum * R575_Quantity_sum": -0.0033930411568961626, 
            "poly_int:Quantity_sum * R783_Quantity_sum": 0.005850792941901266, 
            "poly_int:R446_Quantity_sum": -3.7791023004077565e-16, 
            "poly_int:R364_Quantity_sum * R417_Quantity_sum": 0.046468692427185536, 
            "poly_int:R044_Quantity_sum * Time_begin_exploitation": -0.010067222330332278, 
            "poly_int:Time_begin_exploitation * R396_Quantity_sum": -0.03658083180192239, 
            "poly_int:R364_Quantity_sum": -3.1961198846030305e-17, 
            "poly_int:Initial_km * R417_Quantity_sum": 0.011396640790660707, 
            "poly_int:Initial_km * R396_Quantity_sum": -0.009471340699618252, 
            "poly_int:R707_Quantity_sum * R396_Quantity_sum": -0.00022594469147419426, 
            "poly_int:R565_Quantity_sum * R783_Quantity_sum": -0.009987408611525231, 
            "poly_int:R044_Quantity_sum * R446_Quantity_sum": -0.0006070488399283189, 
            "poly_int:R783_Quantity_sum * R446_Quantity_sum": -0.006966219301118869, 
            "poly_int:R193_Quantity_sum * Time_begin_exploitation": 0.032011062662125604, 
            "poly_int:R364_Quantity_sum * R575_Quantity_sum": 0.004393851207578505, 
            "poly_int:R707_Quantity_sum * R364_Quantity_sum": 0.368053703477959, 
            "poly_int:R446_Quantity_sum * R119_Quantity_sum": 0.004002569038350025, 
            "poly_int:R783_Quantity_sum * Time_begin_exploitation": -0.006627366169799678, 
            "poly_int:R783_Quantity_sum * R417_Quantity_sum": 0.022907360712493958, 
            "poly_int:R783_Quantity_sum * R575_Quantity_sum": -0.01207435641635957, 
            "poly_int:R565_Quantity_sum * Quantity_sum": -0.006442164852927626, 
            "poly_int:R707_Quantity_sum * R606_Quantity_sum": -0.5383043854599888, 
            "poly_int:R193_Quantity_sum * R396_Quantity_sum": 0.039092413094619666, 
            "poly_int:R783_Quantity_sum * nb_km": 0.12515127633779288, 
            "poly_int:Quantity_sum * R119_Quantity_sum": -0.024490837721326597, 
            "poly_int:": 1.0, 
            "poly_int:R783_Quantity_sum * R119_Quantity_sum": 0.1407154050271054, 
            "poly_int:R565_Quantity_sum * R575_Quantity_sum": -0.009680690830898255, 
            "poly_int:R707_Quantity_sum * R446_Quantity_sum": -0.0022146290230193487, 
            "poly_int:R707_Quantity_sum * R575_Quantity_sum": -0.05171892269827455, 
            "poly_int:R044_Quantity_sum * R606_Quantity_sum": -0.016555999164304332, 
            "poly_int:R364_Quantity_sum * R193_Quantity_sum": 0.10826094466820518, 
            "poly_int:R119_Quantity_sum * R417_Quantity_sum": 0.04579666653200338, 
            "poly_int:R364_Quantity_sum * R606_Quantity_sum": -0.39811484412205067, 
            "poly_int:R364_Quantity_sum * R565_Quantity_sum": 0.005429730657043237, 
            "poly_int:R364_Quantity_sum * Quantity_sum": 0.13634594526075877, 
            "poly_int:Quantity_sum * nb_km": 0.003973701927315776, 
            "poly_int:nb_km * R417_Quantity_sum": 0.022538794556252767, 
            "poly_int:R565_Quantity_sum * R396_Quantity_sum": 0.0005938072113419115, 
            "poly_int:R044_Quantity_sum * R396_Quantity_sum": -0.0038262912177191273, 
            "poly_int:nb_km * R119_Quantity_sum": 0.013459912676352515, 
            "poly_int:R446_Quantity_sum * R606_Quantity_sum": -0.01327372211764569, 
            "poly_int:R396_Quantity_sum * R417_Quantity_sum": 0.025956385605663, 
            "poly_int:R193_Quantity_sum * R575_Quantity_sum": 0.016054151333741922, 
            "poly_int:nb_km": 2.4797031156655505e-16, 
            "poly_int:Time_begin_exploitation * R064_Quantity_sum": 0.010811079329991495, 
            "poly_int:R707_Quantity_sum * Quantity_sum": 0.044749370745371386, 
            "poly_int:R783_Quantity_sum * Initial_km": 0.08322145740640312, 
            "poly_int:R064_Quantity_sum * R417_Quantity_sum": 0.0013120352482283893, 
            "poly_int:Time_begin_exploitation * R575_Quantity_sum": 0.04556280519237408, 
            "poly_int:R707_Quantity_sum * R783_Quantity_sum": 0.254251501191893, 
            "poly_int:R119_Quantity_sum": -3.0984756158167457e-18, 
            "poly_int:Quantity_sum * Initial_km": 0.023556559316707974, 
            "poly_int:R783_Quantity_sum * R606_Quantity_sum": -0.1729362957939693, 
            "poly_int:R044_Quantity_sum * Quantity_sum": 0.00047584485897953876, 
            "poly_int:R707_Quantity_sum * R044_Quantity_sum": 0.04972346372512543, 
            "poly_int:R446_Quantity_sum * R417_Quantity_sum": 0.00224252782367293, 
            "poly_int:Time_begin_exploitation * R606_Quantity_sum": -0.12084478793369213, 
            "poly_int:R364_Quantity_sum * R044_Quantity_sum": 0.09430514043754291, 
            "poly_int:R575_Quantity_sum * R119_Quantity_sum": -0.0015880176672981104, 
            "poly_int:R783_Quantity_sum": 2.117419812893131e-17, 
            "poly_int:R707_Quantity_sum * R119_Quantity_sum": 0.17237138284474113, 
            "poly_int:R446_Quantity_sum * Time_begin_exploitation": 0.020206563195984874, 
            "poly_int:R193_Quantity_sum": -1.6653345369377347e-17, 
            "poly_int:R446_Quantity_sum * R396_Quantity_sum": -0.003294410256178627, 
            "poly_int:Quantity_sum * R606_Quantity_sum": -0.030717436677496435, 
            "poly_int:Quantity_sum * R446_Quantity_sum": -0.0016913719937586853, 
            "poly_int:Initial_km * R119_Quantity_sum": 0.044950850407358973, 
            "poly_int:R565_Quantity_sum * Initial_km": 0.023684059270121897, 
            "poly_int:R044_Quantity_sum * R417_Quantity_sum": 0.0040137254018764775, 
            "poly_int:R193_Quantity_sum * nb_km": 0.03469692359404945, 
            "poly_int:nb_km * R396_Quantity_sum": 0.014731923693055997, 
            "poly_int:R193_Quantity_sum * Initial_km": 0.01785002542389288, 
            "poly_int:nb_km * R575_Quantity_sum": 0.0006245800484007897, 
            "poly_int:R707_Quantity_sum * R193_Quantity_sum": 0.11895506346060106, 
            "poly_int:R364_Quantity_sum * Initial_km": 0.6607854586032678, 
            "poly_int:Quantity_sum * Time_begin_exploitation": -0.008056668428842579, 
            "poly_int:R707_Quantity_sum * Initial_km": 0.2676550475084162, 
            "poly_int:R044_Quantity_sum * R064_Quantity_sum": -0.0017776943120441048, 
            "poly_int:R193_Quantity_sum * R417_Quantity_sum": 0.012623081344191897, 
            "poly_int:R707_Quantity_sum": -5.560341353247321e-15, 
            "poly_int:R119_Quantity_sum * R606_Quantity_sum": -0.32808479211566366, 
            "poly_int:R364_Quantity_sum * R396_Quantity_sum": 0.11762536675223266, 
            "poly_int:R565_Quantity_sum": 3.6294451593112976e-16, 
            "poly_int:R396_Quantity_sum": 1.3762459931295224e-16, 
            "poly_int:R565_Quantity_sum * R193_Quantity_sum": 0.07829585637279303, 
            "poly_int:R575_Quantity_sum * R064_Quantity_sum": 0.014309718911081355, 
            "poly_int:R193_Quantity_sum * R606_Quantity_sum": -0.14954494861964635, 
            "poly_int:R446_Quantity_sum * nb_km": 0.018933354564101675, 
            "poly_int:R364_Quantity_sum * R783_Quantity_sum": 0.38762579558741284, 
            "poly_int:R044_Quantity_sum * Initial_km": -0.010123482813978906, 
            "poly_int:R193_Quantity_sum * R064_Quantity_sum": -0.011297847468757014, 
            "poly_int:nb_km * R064_Quantity_sum": 0.0037960091118168127, 
            "poly_int:R565_Quantity_sum * R119_Quantity_sum": -0.03007691438732342, 
            "poly_int:nb_km * R606_Quantity_sum": -0.08786123871833801, 
            "poly_int:R783_Quantity_sum * R064_Quantity_sum": 0.020553078963128343, 
            "poly_int:R606_Quantity_sum": -5.726413495435018e-17, 
            "poly_int:R565_Quantity_sum * R064_Quantity_sum": 0.0013023978032319192, 
            "poly_int:Initial_km * R575_Quantity_sum": -0.00712637822916246, 
            "poly_int:nb_km * Time_begin_exploitation": -0.00419885578627363, 
            "poly_int:R364_Quantity_sum * R119_Quantity_sum": 0.670850652482483, 
            "poly_int:nb_km * Initial_km": 0.004504060588685187, 
            "poly_int:Time_begin_exploitation * Initial_km": 0.14514090766670254, 
            "poly_int:R044_Quantity_sum * R575_Quantity_sum": -0.002455264834102106, 
            "poly_int:Initial_km * R606_Quantity_sum": -0.19089465501244873, 
            "poly_int:R446_Quantity_sum * R575_Quantity_sum": -0.0022407711478023462, 
            "poly_int:R707_Quantity_sum * R565_Quantity_sum": 0.011552192281360616, 
            "poly_int:R364_Quantity_sum * R446_Quantity_sum": 0.004077829729499925, 
            "poly_int:R064_Quantity_sum * R606_Quantity_sum": -0.024288730090375535, 
            "poly_int:Initial_km": 8.759536647890864e-17, 
            "poly_int:Quantity_sum * R064_Quantity_sum": -0.00494639306284332, 
            "poly_int:R044_Quantity_sum * nb_km": 0.028939646550664708, 
            "poly_int:R565_Quantity_sum * nb_km": -0.004596998510160906, 
            "poly_int:Quantity_sum * R417_Quantity_sum": -0.0025297329968689093, 
            "poly_int:R707_Quantity_sum * R064_Quantity_sum": 0.05071216585658357, 
            "poly_int:R064_Quantity_sum * R119_Quantity_sum": 0.0006264631609035898, 
            "poly_int:R565_Quantity_sum * R446_Quantity_sum": -0.002863703105675962, 
            "poly_int:R783_Quantity_sum * R193_Quantity_sum": 0.025563117357890332, 
            "poly_int:R565_Quantity_sum * R606_Quantity_sum": -0.049466134361270654, 
            "poly_int:R707_Quantity_sum * Time_begin_exploitation": 0.15695624568984426
        }, 
        "inv_scales": {
            "poly_int:R193_Quantity_sum * R119_Quantity_sum": 1.773128713735579, 
            "poly_int:Quantity_sum * R396_Quantity_sum": 2.501951589359501, 
            "poly_int:R364_Quantity_sum * R064_Quantity_sum": 1.1207390945232385, 
            "poly_int:R064_Quantity_sum": 1.0000000000000024, 
            "poly_int:Time_begin_exploitation": 1.0000000000000047, 
            "poly_int:Time_begin_exploitation * R417_Quantity_sum": 2.137658205321465, 
            "poly_int:R565_Quantity_sum * R044_Quantity_sum": 8.045729159091353, 
            "poly_int:R707_Quantity_sum * R417_Quantity_sum": 1.3787997067766957, 
            "poly_int:R606_Quantity_sum * R417_Quantity_sum": 0.33100291867809595, 
            "poly_int:Quantity_sum * R193_Quantity_sum": 2.872083546834637, 
            "poly_int:R565_Quantity_sum * R417_Quantity_sum": 6.231631017472358, 
            "poly_int:R364_Quantity_sum * nb_km": 0.1734616172848419, 
            "poly_int:R119_Quantity_sum * R396_Quantity_sum": 0.9697669693840187, 
            "poly_int:R575_Quantity_sum * R396_Quantity_sum": 3.521810217153648, 
            "poly_int:R575_Quantity_sum * R606_Quantity_sum": 1.96557209549865, 
            "poly_int:R565_Quantity_sum * Time_begin_exploitation": 1.2828361820134613, 
            "poly_int:R417_Quantity_sum": 0.9999999999999993, 
            "poly_int:R707_Quantity_sum * nb_km": 1.397512871433241, 
            "poly_int:R446_Quantity_sum * R064_Quantity_sum": 13.736315079970677, 
            "poly_int:Quantity_sum": 1.0000000000000415, 
            "poly_int:R044_Quantity_sum * R783_Quantity_sum": 0.14319205829413595, 
            "poly_int:R783_Quantity_sum * R396_Quantity_sum": 0.9252476741180262, 
            "poly_int:Time_begin_exploitation * R119_Quantity_sum": 1.557713136963145, 
            "poly_int:R446_Quantity_sum * Initial_km": 2.0069863355167654, 
            "poly_int:R044_Quantity_sum * R193_Quantity_sum": 3.122107618914721, 
            "poly_int:R575_Quantity_sum * R417_Quantity_sum": 4.3121904429291655, 
            "poly_int:R064_Quantity_sum * R396_Quantity_sum": 5.102189986637872, 
            "poly_int:R396_Quantity_sum * R606_Quantity_sum": 1.8764957354499305, 
            "poly_int:R575_Quantity_sum": 0.9999999999999969, 
            "poly_int:R193_Quantity_sum * R446_Quantity_sum": 3.1202188089340663, 
            "poly_int:R044_Quantity_sum": 1.000000000000006, 
            "poly_int:Initial_km * R064_Quantity_sum": 1.6024321250222509, 
            "poly_int:R044_Quantity_sum * R119_Quantity_sum": 0.2717361060482258, 
            "poly_int:R364_Quantity_sum * Time_begin_exploitation": 0.33185588560008905, 
            "poly_int:Quantity_sum * R575_Quantity_sum": 6.157288505504632, 
            "poly_int:Quantity_sum * R783_Quantity_sum": 3.2485486013040563, 
            "poly_int:R446_Quantity_sum": 1.0000000000000226, 
            "poly_int:R364_Quantity_sum * R417_Quantity_sum": 0.8959979335169145, 
            "poly_int:R044_Quantity_sum * Time_begin_exploitation": 2.272713946960939, 
            "poly_int:Time_begin_exploitation * R396_Quantity_sum": 2.3007808928795317, 
            "poly_int:R364_Quantity_sum": 1.0000000000000002, 
            "poly_int:Initial_km * R417_Quantity_sum": 1.922213925216165, 
            "poly_int:Initial_km * R396_Quantity_sum": 1.9186463136065501, 
            "poly_int:R707_Quantity_sum * R396_Quantity_sum": 1.270569797600609, 
            "poly_int:R565_Quantity_sum * R783_Quantity_sum": 2.7303832890045348, 
            "poly_int:R044_Quantity_sum * R446_Quantity_sum": 28.64827785491347, 
            "poly_int:R783_Quantity_sum * R446_Quantity_sum": 3.3700357751912624, 
            "poly_int:R193_Quantity_sum * Time_begin_exploitation": 1.359830021317887, 
            "poly_int:R364_Quantity_sum * R575_Quantity_sum": 3.2547686663788284, 
            "poly_int:R707_Quantity_sum * R364_Quantity_sum": 0.8535542156000224, 
            "poly_int:R446_Quantity_sum * R119_Quantity_sum": 5.828247448146698, 
            "poly_int:R783_Quantity_sum * Time_begin_exploitation": 1.5667701378997976, 
            "poly_int:R783_Quantity_sum * R417_Quantity_sum": 1.7645565313910407, 
            "poly_int:R783_Quantity_sum * R575_Quantity_sum": 2.676029849051816, 
            "poly_int:R565_Quantity_sum * Quantity_sum": 6.963503886094527, 
            "poly_int:R707_Quantity_sum * R606_Quantity_sum": 0.9255770754429952, 
            "poly_int:R193_Quantity_sum * R396_Quantity_sum": 0.8290177321200239, 
            "poly_int:R783_Quantity_sum * nb_km": 0.4112167397930061, 
            "poly_int:Quantity_sum * R119_Quantity_sum": 1.4764365754543827, 
            "poly_int:": 0.0, 
            "poly_int:R783_Quantity_sum * R119_Quantity_sum": 0.9347582526495966, 
            "poly_int:R565_Quantity_sum * R575_Quantity_sum": 6.38971570781296, 
            "poly_int:R707_Quantity_sum * R446_Quantity_sum": 10.315874107611622, 
            "poly_int:R707_Quantity_sum * R575_Quantity_sum": 0.9119722363897482, 
            "poly_int:R044_Quantity_sum * R606_Quantity_sum": 1.4086756682888228, 
            "poly_int:R364_Quantity_sum * R193_Quantity_sum": 0.5482796380226344, 
            "poly_int:R119_Quantity_sum * R417_Quantity_sum": 0.9630532757476798, 
            "poly_int:R364_Quantity_sum * R606_Quantity_sum": 1.1226438280434148, 
            "poly_int:R364_Quantity_sum * R565_Quantity_sum": 2.7232769433938633, 
            "poly_int:R364_Quantity_sum * Quantity_sum": 0.21829506651606165, 
            "poly_int:Quantity_sum * nb_km": 1.9162331061098612, 
            "poly_int:nb_km * R417_Quantity_sum": 5.776599994498473, 
            "poly_int:R565_Quantity_sum * R396_Quantity_sum": 1.6410957595709617, 
            "poly_int:R044_Quantity_sum * R396_Quantity_sum": 6.972829542636938, 
            "poly_int:nb_km * R119_Quantity_sum": 1.0578835536812607, 
            "poly_int:R446_Quantity_sum * R606_Quantity_sum": 1.7726833993062932, 
            "poly_int:R396_Quantity_sum * R417_Quantity_sum": 3.6252443328816186, 
            "poly_int:R193_Quantity_sum * R575_Quantity_sum": 1.4256874676561375, 
            "poly_int:nb_km": 1.0000000000000033, 
            "poly_int:Time_begin_exploitation * R064_Quantity_sum": 1.3469075167937532, 
            "poly_int:R707_Quantity_sum * Quantity_sum": 1.095817362426382, 
            "poly_int:R783_Quantity_sum * Initial_km": 1.3464860207632325, 
            "poly_int:R064_Quantity_sum * R417_Quantity_sum": 5.306576089913069, 
            "poly_int:Time_begin_exploitation * R575_Quantity_sum": 0.4226446802387921, 
            "poly_int:R707_Quantity_sum * R783_Quantity_sum": 0.9560083811732446, 
            "poly_int:R119_Quantity_sum": 1.0000000000000009, 
            "poly_int:Quantity_sum * Initial_km": 1.3791214078768064, 
            "poly_int:R783_Quantity_sum * R606_Quantity_sum": 1.6105136190363845, 
            "poly_int:R044_Quantity_sum * Quantity_sum": 26.08105254049572, 
            "poly_int:R707_Quantity_sum * R044_Quantity_sum": 0.5288896643821995, 
            "poly_int:R446_Quantity_sum * R417_Quantity_sum": 10.19497046714364, 
            "poly_int:Time_begin_exploitation * R606_Quantity_sum": 1.545049934548305, 
            "poly_int:R364_Quantity_sum * R044_Quantity_sum": 0.2527173479814913, 
            "poly_int:R575_Quantity_sum * R119_Quantity_sum": 3.942316458439584, 
            "poly_int:R783_Quantity_sum": 1.0000000000000009, 
            "poly_int:R707_Quantity_sum * R119_Quantity_sum": 0.8062564185685489, 
            "poly_int:R446_Quantity_sum * Time_begin_exploitation": 1.1650550893458627, 
            "poly_int:R193_Quantity_sum": 1.0000000000000002, 
            "poly_int:R446_Quantity_sum * R396_Quantity_sum": 7.049561721929183, 
            "poly_int:Quantity_sum * R606_Quantity_sum": 1.7068776578366474, 
            "poly_int:Quantity_sum * R446_Quantity_sum": 13.231488502260449, 
            "poly_int:Initial_km * R119_Quantity_sum": 1.5426674667732145, 
            "poly_int:R565_Quantity_sum * Initial_km": 1.6973016938123235, 
            "poly_int:R044_Quantity_sum * R417_Quantity_sum": 5.676489363048127, 
            "poly_int:R193_Quantity_sum * nb_km": 0.9425649604348608, 
            "poly_int:nb_km * R396_Quantity_sum": 1.8118630463990686, 
            "poly_int:R193_Quantity_sum * Initial_km": 0.4780412982790497, 
            "poly_int:nb_km * R575_Quantity_sum": 2.382490870345297, 
            "poly_int:R707_Quantity_sum * R193_Quantity_sum": 0.9570844379527718, 
            "poly_int:R364_Quantity_sum * Initial_km": 0.15186734421359463, 
            "poly_int:Quantity_sum * Time_begin_exploitation": 2.6539958033358406, 
            "poly_int:R707_Quantity_sum * Initial_km": 0.8274620077977246, 
            "poly_int:R044_Quantity_sum * R064_Quantity_sum": 13.595838605677354, 
            "poly_int:R193_Quantity_sum * R417_Quantity_sum": 2.5904804805686594, 
            "poly_int:R707_Quantity_sum": 1.0000000000000009, 
            "poly_int:R119_Quantity_sum * R606_Quantity_sum": 1.163694050517444, 
            "poly_int:R364_Quantity_sum * R396_Quantity_sum": 1.0857200474452042, 
            "poly_int:R565_Quantity_sum": 0.9999999999999971, 
            "poly_int:R396_Quantity_sum": 1.0000000000000069, 
            "poly_int:R565_Quantity_sum * R193_Quantity_sum": 0.3730250098020197, 
            "poly_int:R575_Quantity_sum * R064_Quantity_sum": 1.1534519886411516, 
            "poly_int:R193_Quantity_sum * R606_Quantity_sum": 1.7317105405354034, 
            "poly_int:R446_Quantity_sum * nb_km": 1.2433363979730236, 
            "poly_int:R364_Quantity_sum * R783_Quantity_sum": 0.36142784710562514, 
            "poly_int:R044_Quantity_sum * Initial_km": 2.607777449927651, 
            "poly_int:R193_Quantity_sum * R064_Quantity_sum": 3.4994451676847156, 
            "poly_int:nb_km * R064_Quantity_sum": 2.2487083823325826, 
            "poly_int:R565_Quantity_sum * R119_Quantity_sum": 2.112688881598539, 
            "poly_int:nb_km * R606_Quantity_sum": 1.9511732673703033, 
            "poly_int:R783_Quantity_sum * R064_Quantity_sum": 0.935060857492186, 
            "poly_int:R606_Quantity_sum": 1.0000000000000018, 
            "poly_int:R565_Quantity_sum * R064_Quantity_sum": 3.918871149146447, 
            "poly_int:Initial_km * R575_Quantity_sum": 3.3332576788374113, 
            "poly_int:nb_km * Time_begin_exploitation": 2.075880612578317, 
            "poly_int:R364_Quantity_sum * R119_Quantity_sum": 0.15083960594662219, 
            "poly_int:nb_km * Initial_km": 1.5903200234385764, 
            "poly_int:Time_begin_exploitation * Initial_km": 0.22251258903602342, 
            "poly_int:R044_Quantity_sum * R575_Quantity_sum": 10.14504631171892, 
            "poly_int:Initial_km * R606_Quantity_sum": 1.7054271597685426, 
            "poly_int:R446_Quantity_sum * R575_Quantity_sum": 10.202502180337978, 
            "poly_int:R707_Quantity_sum * R565_Quantity_sum": 1.0332512725676128, 
            "poly_int:R364_Quantity_sum * R446_Quantity_sum": 5.722650558575782, 
            "poly_int:R064_Quantity_sum * R606_Quantity_sum": 2.152278906985066, 
            "poly_int:Initial_km": 0.9999999999999993, 
            "poly_int:Quantity_sum * R064_Quantity_sum": 10.067939480625181, 
            "poly_int:R044_Quantity_sum * nb_km": 0.7975021965988253, 
            "poly_int:R565_Quantity_sum * nb_km": 2.5375535597389973, 
            "poly_int:Quantity_sum * R417_Quantity_sum": 7.156130301924007, 
            "poly_int:R707_Quantity_sum * R064_Quantity_sum": 0.8417978198146367, 
            "poly_int:R064_Quantity_sum * R119_Quantity_sum": 2.306099136084563, 
            "poly_int:R565_Quantity_sum * R446_Quantity_sum": 8.073962516303961, 
            "poly_int:R783_Quantity_sum * R193_Quantity_sum": 1.3350603008241697, 
            "poly_int:R565_Quantity_sum * R606_Quantity_sum": 1.6835046423317546, 
            "poly_int:R707_Quantity_sum * Time_begin_exploitation": 0.9599330909901251
        }
    }, 
    "NUM_DERIVATIVE": {
        "shifts": {
            "NUM_DERIVATIVE:log(R565_Quantity_sum)": -0.5043053417750266, 
            "NUM_DERIVATIVE:log(R193_Quantity_sum)": -0.23846812560660818, 
            "NUM_DERIVATIVE:log(Quantity_sum)": -0.4506355059827337, 
            "NUM_DERIVATIVE:R707_Quantity_sum^2": 0.9994459833794999, 
            "NUM_DERIVATIVE:sqrt(R193_Quantity_sum)": 0.23442969232108238, 
            "NUM_DERIVATIVE:log(R364_Quantity_sum)": -0.1710442394542354, 
            "NUM_DERIVATIVE:R575_Quantity_sum^2": 0.9994459833795079, 
            "NUM_DERIVATIVE:log(R396_Quantity_sum)": 0.0020767887897365947, 
            "NUM_DERIVATIVE:sqrt(R575_Quantity_sum)": 0.04852842817132216, 
            "NUM_DERIVATIVE:R783_Quantity_sum^2": 0.9994459833794876, 
            "NUM_DERIVATIVE:sqrt(R565_Quantity_sum)": 0.23136622948454996, 
            "NUM_DERIVATIVE:R396_Quantity_sum^2": 0.9994459833794563, 
            "NUM_DERIVATIVE:sqrt(Quantity_sum)": 0.3028105007102616, 
            "NUM_DERIVATIVE:R606_Quantity_sum^2": 0.9994459833794967, 
            "NUM_DERIVATIVE:log(Initial_km)": -0.1548124413782075, 
            "NUM_DERIVATIVE:R119_Quantity_sum^2": 0.9994459833794184, 
            "NUM_DERIVATIVE:log(R417_Quantity_sum)": -0.10108013402410283, 
            "NUM_DERIVATIVE:sqrt(R783_Quantity_sum)": 0.12685126382068457, 
            "NUM_DERIVATIVE:sqrt(R119_Quantity_sum)": 0.03976862836077581, 
            "NUM_DERIVATIVE:Initial_km^2": 0.9994459833795004, 
            "NUM_DERIVATIVE:sqrt(R417_Quantity_sum)": 0.1691657195687575, 
            "NUM_DERIVATIVE:sqrt(R064_Quantity_sum)": 0.004743711496155261, 
            "NUM_DERIVATIVE:log(R044_Quantity_sum)": -0.07346988377487806, 
            "NUM_DERIVATIVE:log(R064_Quantity_sum)": 0.002876213126943378, 
            "NUM_DERIVATIVE:sqrt(Initial_km)": 0.43573002249171455, 
            "NUM_DERIVATIVE:R417_Quantity_sum^2": 0.9994459833794949, 
            "NUM_DERIVATIVE:sqrt(R364_Quantity_sum)": 0.1862210735694286, 
            "NUM_DERIVATIVE:R565_Quantity_sum^2": 0.9994459833795031, 
            "NUM_DERIVATIVE:log(R783_Quantity_sum)": -0.11793128125228462, 
            "NUM_DERIVATIVE:R193_Quantity_sum^2": 0.9994459833794997, 
            "NUM_DERIVATIVE:log(R575_Quantity_sum)": -0.02861505196165978, 
            "NUM_DERIVATIVE:R044_Quantity_sum^2": 0.9994459833795074, 
            "NUM_DERIVATIVE:sqrt(R396_Quantity_sum)": 0.0036101210037764236, 
            "NUM_DERIVATIVE:sqrt(R446_Quantity_sum)": 0.21975790083147448, 
            "NUM_DERIVATIVE:R064_Quantity_sum^2": 0.9994459833794895, 
            "NUM_DERIVATIVE:log(R446_Quantity_sum)": -0.2620330800763329, 
            "NUM_DERIVATIVE:Quantity_sum^2": 0.999445983379501, 
            "NUM_DERIVATIVE:log(R119_Quantity_sum)": -0.08359313365801492, 
            "NUM_DERIVATIVE:sqrt(R707_Quantity_sum)": 0.2915523087378112, 
            "NUM_DERIVATIVE:log(nb_km)": -1.2091782754295262, 
            "NUM_DERIVATIVE:R446_Quantity_sum^2": 0.9994459833794924, 
            "NUM_DERIVATIVE:sqrt(R044_Quantity_sum)": 0.07110184401723761, 
            "NUM_DERIVATIVE:log(R707_Quantity_sum)": -0.2475451232447611, 
            "NUM_DERIVATIVE:nb_km^2": 0.9994459833795029, 
            "NUM_DERIVATIVE:sqrt(nb_km)": 0.15962801033936555, 
            "NUM_DERIVATIVE:R364_Quantity_sum^2": 0.9994459833795013, 
            "NUM_DERIVATIVE:log(R606_Quantity_sum)": -0.014333346559747709, 
            "NUM_DERIVATIVE:sqrt(R606_Quantity_sum)": 0.02673883605270142
        }, 
        "inv_scales": {
            "NUM_DERIVATIVE:log(R565_Quantity_sum)": 0.948954523535644, 
            "NUM_DERIVATIVE:log(R193_Quantity_sum)": 1.2291043655933065, 
            "NUM_DERIVATIVE:log(Quantity_sum)": 1.0580492429594628, 
            "NUM_DERIVATIVE:R707_Quantity_sum^2": 0.09396514785440455, 
            "NUM_DERIVATIVE:sqrt(R193_Quantity_sum)": 2.1586474924939765, 
            "NUM_DERIVATIVE:log(R364_Quantity_sum)": 1.498624943546485, 
            "NUM_DERIVATIVE:R575_Quantity_sum^2": 0.0464061182282017, 
            "NUM_DERIVATIVE:log(R396_Quantity_sum)": 11.333630927812113, 
            "NUM_DERIVATIVE:sqrt(R575_Quantity_sum)": 3.3661757514649486, 
            "NUM_DERIVATIVE:R783_Quantity_sum^2": 0.07268281981024338, 
            "NUM_DERIVATIVE:sqrt(R565_Quantity_sum)": 2.382367380124709, 
            "NUM_DERIVATIVE:R396_Quantity_sum^2": 0.023563666984192266, 
            "NUM_DERIVATIVE:sqrt(Quantity_sum)": 2.2026307341511235, 
            "NUM_DERIVATIVE:R606_Quantity_sum^2": 0.047765981917306535, 
            "NUM_DERIVATIVE:log(Initial_km)": 1.648646610044925, 
            "NUM_DERIVATIVE:R119_Quantity_sum^2": 0.027103423042959943, 
            "NUM_DERIVATIVE:log(R417_Quantity_sum)": 1.8069860950257757, 
            "NUM_DERIVATIVE:sqrt(R783_Quantity_sum)": 2.4493738606352595, 
            "NUM_DERIVATIVE:sqrt(R119_Quantity_sum)": 3.97414791505265, 
            "NUM_DERIVATIVE:Initial_km^2": 1.0281379741230203, 
            "NUM_DERIVATIVE:sqrt(R417_Quantity_sum)": 2.4525917446801078, 
            "NUM_DERIVATIVE:sqrt(R064_Quantity_sum)": 6.231305486177693, 
            "NUM_DERIVATIVE:log(R044_Quantity_sum)": 2.239957218539398, 
            "NUM_DERIVATIVE:log(R064_Quantity_sum)": 10.58674658038537, 
            "NUM_DERIVATIVE:sqrt(Initial_km)": 2.0044627640817057, 
            "NUM_DERIVATIVE:R417_Quantity_sum^2": 0.043149027721695994, 
            "NUM_DERIVATIVE:sqrt(R364_Quantity_sum)": 2.276924155301802, 
            "NUM_DERIVATIVE:R565_Quantity_sum^2": 0.0960043880422007, 
            "NUM_DERIVATIVE:log(R783_Quantity_sum)": 1.5123355908118052, 
            "NUM_DERIVATIVE:R193_Quantity_sum^2": 0.0950932768964888, 
            "NUM_DERIVATIVE:log(R575_Quantity_sum)": 2.998661240400675, 
            "NUM_DERIVATIVE:R044_Quantity_sum^2": 0.05257577706748686, 
            "NUM_DERIVATIVE:sqrt(R396_Quantity_sum)": 6.5198805339961305, 
            "NUM_DERIVATIVE:sqrt(R446_Quantity_sum)": 2.1682285072761736, 
            "NUM_DERIVATIVE:R064_Quantity_sum^2": 0.02380424474687737, 
            "NUM_DERIVATIVE:log(R446_Quantity_sum)": 1.0816879741718013, 
            "NUM_DERIVATIVE:Quantity_sum^2": 0.16407070026255874, 
            "NUM_DERIVATIVE:log(R119_Quantity_sum)": 1.747346657215959, 
            "NUM_DERIVATIVE:sqrt(R707_Quantity_sum)": 2.2123308302100355, 
            "NUM_DERIVATIVE:log(nb_km)": 0.6814452194871721, 
            "NUM_DERIVATIVE:R446_Quantity_sum^2": 0.1251851478329755, 
            "NUM_DERIVATIVE:sqrt(R044_Quantity_sum)": 3.0663334915749108, 
            "NUM_DERIVATIVE:log(R707_Quantity_sum)": 1.4757541772751783, 
            "NUM_DERIVATIVE:nb_km^2": 0.02434888954499048, 
            "NUM_DERIVATIVE:sqrt(nb_km)": 4.230612137299431, 
            "NUM_DERIVATIVE:R364_Quantity_sum^2": 0.09637330282173277, 
            "NUM_DERIVATIVE:log(R606_Quantity_sum)": 3.280578205398163, 
            "NUM_DERIVATIVE:sqrt(R606_Quantity_sum)": 3.8724749530930977
        }
    }
}