[
    {
        "parameters": {
            "max_features": "auto", 
            "min_samples_split": 300, 
            "n_estimators": 100, 
            "max_depth": 10, 
            "min_samples_leaf": 100
        }, 
        "score_time": 923, 
        "test_score": 0.7982716635980281, 
        "fit_time": 7833, 
        "num_samples": 601, 
        "best_iteration": null, 
        "train_score": 0.7711376780797872, 
        "parameter_id": 4, 
        "time": 8756, 
        "done_at": 1519406226596, 
        "grid_point_id": "{\"max_features\": \"auto\", \"min_samples_split\": 300, \"n_estimators\": 100, \"max_depth\": 10, \"min_samples_leaf\": 100}@2"
    }, 
    {
        "parameters": {
            "max_features": "auto", 
            "min_samples_split": 30, 
            "n_estimators": 100, 
            "max_depth": 5, 
            "min_samples_leaf": 10
        }, 
        "score_time": 840, 
        "test_score": 0.742869757174393, 
        "fit_time": 10712, 
        "num_samples": 603, 
        "best_iteration": null, 
        "train_score": 0.9049043772643581, 
        "parameter_id": 0, 
        "time": 11552, 
        "done_at": 1519406226521, 
        "grid_point_id": "{\"max_features\": \"auto\", \"min_samples_split\": 30, \"n_estimators\": 100, \"max_depth\": 5, \"min_samples_leaf\": 10}@0"
    }, 
    {
        "parameters": {
            "max_features": "auto", 
            "min_samples_split": 300, 
            "n_estimators": 100, 
            "max_depth": 5, 
            "min_samples_leaf": 100
        }, 
        "score_time": 965, 
        "test_score": 0.7182781456953642, 
        "fit_time": 9047, 
        "num_samples": 603, 
        "best_iteration": null, 
        "train_score": 0.7937577953317099, 
        "parameter_id": 3, 
        "time": 10012, 
        "done_at": 1519406226132, 
        "grid_point_id": "{\"max_features\": \"auto\", \"min_samples_split\": 300, \"n_estimators\": 100, \"max_depth\": 5, \"min_samples_leaf\": 100}@0"
    }, 
    {
        "parameters": {
            "max_features": "auto", 
            "min_samples_split": 300, 
            "n_estimators": 100, 
            "max_depth": 15, 
            "min_samples_leaf": 100
        }, 
        "score_time": 975, 
        "test_score": 0.7182781456953642, 
        "fit_time": 6810, 
        "num_samples": 603, 
        "best_iteration": null, 
        "train_score": 0.7937577953317099, 
        "parameter_id": 5, 
        "time": 7785, 
        "done_at": 1519406226630, 
        "grid_point_id": "{\"max_features\": \"auto\", \"min_samples_split\": 300, \"n_estimators\": 100, \"max_depth\": 15, \"min_samples_leaf\": 100}@0"
    }, 
    {
        "parameters": {
            "max_features": "auto", 
            "min_samples_split": 300, 
            "n_estimators": 100, 
            "max_depth": 5, 
            "min_samples_leaf": 100
        }, 
        "score_time": 774, 
        "test_score": 0.7982716635980281, 
        "fit_time": 9115, 
        "num_samples": 601, 
        "best_iteration": null, 
        "train_score": 0.7711376780797872, 
        "parameter_id": 3, 
        "time": 9889, 
        "done_at": 1519406226282, 
        "grid_point_id": "{\"max_features\": \"auto\", \"min_samples_split\": 300, \"n_estimators\": 100, \"max_depth\": 5, \"min_samples_leaf\": 100}@2"
    }, 
    {
        "parameters": {
            "max_features": "auto", 
            "min_samples_split": 300, 
            "n_estimators": 100, 
            "max_depth": 10, 
            "min_samples_leaf": 100
        }, 
        "score_time": 957, 
        "test_score": 0.7341197956880678, 
        "fit_time": 7908, 
        "num_samples": 601, 
        "best_iteration": null, 
        "train_score": 0.7936879838873593, 
        "parameter_id": 4, 
        "time": 8865, 
        "done_at": 1519406226635, 
        "grid_point_id": "{\"max_features\": \"auto\", \"min_samples_split\": 300, \"n_estimators\": 100, \"max_depth\": 10, \"min_samples_leaf\": 100}@1"
    }, 
    {
        "parameters": {
            "max_features": "auto", 
            "min_samples_split": 300, 
            "n_estimators": 100, 
            "max_depth": 5, 
            "min_samples_leaf": 100
        }, 
        "score_time": 750, 
        "test_score": 0.7341197956880678, 
        "fit_time": 9143, 
        "num_samples": 601, 
        "best_iteration": null, 
        "train_score": 0.7936879838873593, 
        "parameter_id": 3, 
        "time": 9893, 
        "done_at": 1519406226212, 
        "grid_point_id": "{\"max_features\": \"auto\", \"min_samples_split\": 300, \"n_estimators\": 100, \"max_depth\": 5, \"min_samples_leaf\": 100}@1"
    }, 
    {
        "parameters": {
            "max_features": "auto", 
            "min_samples_split": 30, 
            "n_estimators": 100, 
            "max_depth": 5, 
            "min_samples_leaf": 10
        }, 
        "score_time": 920, 
        "test_score": 0.8354219872898971, 
        "fit_time": 10717, 
        "num_samples": 601, 
        "best_iteration": null, 
        "train_score": 0.8963949814298121, 
        "parameter_id": 0, 
        "time": 11637, 
        "done_at": 1519406226580, 
        "grid_point_id": "{\"max_features\": \"auto\", \"min_samples_split\": 30, \"n_estimators\": 100, \"max_depth\": 5, \"min_samples_leaf\": 10}@2"
    }, 
    {
        "parameters": {
            "max_features": "auto", 
            "min_samples_split": 300, 
            "n_estimators": 100, 
            "max_depth": 15, 
            "min_samples_leaf": 100
        }, 
        "score_time": 841, 
        "test_score": 0.7341197956880678, 
        "fit_time": 6628, 
        "num_samples": 601, 
        "best_iteration": null, 
        "train_score": 0.7936879838873593, 
        "parameter_id": 5, 
        "time": 7469, 
        "done_at": 1519406226516, 
        "grid_point_id": "{\"max_features\": \"auto\", \"min_samples_split\": 300, \"n_estimators\": 100, \"max_depth\": 15, \"min_samples_leaf\": 100}@1"
    }, 
    {
        "parameters": {
            "max_features": "auto", 
            "min_samples_split": 300, 
            "n_estimators": 100, 
            "max_depth": 10, 
            "min_samples_leaf": 100
        }, 
        "score_time": 760, 
        "test_score": 0.7182781456953642, 
        "fit_time": 7708, 
        "num_samples": 603, 
        "best_iteration": null, 
        "train_score": 0.7937577953317099, 
        "parameter_id": 4, 
        "time": 8468, 
        "done_at": 1519406226264, 
        "grid_point_id": "{\"max_features\": \"auto\", \"min_samples_split\": 300, \"n_estimators\": 100, \"max_depth\": 10, \"min_samples_leaf\": 100}@0"
    }, 
    {
        "parameters": {
            "max_features": "auto", 
            "min_samples_split": 30, 
            "n_estimators": 100, 
            "max_depth": 10, 
            "min_samples_leaf": 10
        }, 
        "score_time": 1110, 
        "test_score": 0.745813097866078, 
        "fit_time": 10878, 
        "num_samples": 603, 
        "best_iteration": null, 
        "train_score": 0.9441854249569401, 
        "parameter_id": 1, 
        "time": 11988, 
        "done_at": 1519406226744, 
        "grid_point_id": "{\"max_features\": \"auto\", \"min_samples_split\": 30, \"n_estimators\": 100, \"max_depth\": 10, \"min_samples_leaf\": 10}@0"
    }, 
    {
        "parameters": {
            "max_features": "auto", 
            "min_samples_split": 300, 
            "n_estimators": 100, 
            "max_depth": 15, 
            "min_samples_leaf": 100
        }, 
        "score_time": 1093, 
        "test_score": 0.7982716635980281, 
        "fit_time": 6270, 
        "num_samples": 601, 
        "best_iteration": null, 
        "train_score": 0.7711376780797872, 
        "parameter_id": 5, 
        "time": 7363, 
        "done_at": 1519406226699, 
        "grid_point_id": "{\"max_features\": \"auto\", \"min_samples_split\": 300, \"n_estimators\": 100, \"max_depth\": 15, \"min_samples_leaf\": 100}@2"
    }, 
    {
        "parameters": {
            "max_features": "auto", 
            "min_samples_split": 30, 
            "n_estimators": 100, 
            "max_depth": 10, 
            "min_samples_leaf": 10
        }, 
        "score_time": 1085, 
        "test_score": 0.7607501336342579, 
        "fit_time": 10937, 
        "num_samples": 601, 
        "best_iteration": null, 
        "train_score": 0.9449398547645004, 
        "parameter_id": 1, 
        "time": 12022, 
        "done_at": 1519406226761, 
        "grid_point_id": "{\"max_features\": \"auto\", \"min_samples_split\": 30, \"n_estimators\": 100, \"max_depth\": 10, \"min_samples_leaf\": 10}@1"
    }, 
    {
        "parameters": {
            "max_features": "auto", 
            "min_samples_split": 30, 
            "n_estimators": 100, 
            "max_depth": 15, 
            "min_samples_leaf": 10
        }, 
        "score_time": 1158, 
        "test_score": 0.7633931222901942, 
        "fit_time": 10811, 
        "num_samples": 601, 
        "best_iteration": null, 
        "train_score": 0.9455126665311628, 
        "parameter_id": 2, 
        "time": 11969, 
        "done_at": 1519406226871, 
        "grid_point_id": "{\"max_features\": \"auto\", \"min_samples_split\": 30, \"n_estimators\": 100, \"max_depth\": 15, \"min_samples_leaf\": 10}@1"
    }, 
    {
        "parameters": {
            "max_features": "auto", 
            "min_samples_split": 30, 
            "n_estimators": 100, 
            "max_depth": 15, 
            "min_samples_leaf": 10
        }, 
        "score_time": 1170, 
        "test_score": 0.8384361822177347, 
        "fit_time": 10693, 
        "num_samples": 601, 
        "best_iteration": null, 
        "train_score": 0.948269554130712, 
        "parameter_id": 2, 
        "time": 11863, 
        "done_at": 1519406226865, 
        "grid_point_id": "{\"max_features\": \"auto\", \"min_samples_split\": 30, \"n_estimators\": 100, \"max_depth\": 15, \"min_samples_leaf\": 10}@2"
    }, 
    {
        "parameters": {
            "max_features": "auto", 
            "min_samples_split": 30, 
            "n_estimators": 100, 
            "max_depth": 15, 
            "min_samples_leaf": 10
        }, 
        "score_time": 1095, 
        "test_score": 0.7457836644591611, 
        "fit_time": 10884, 
        "num_samples": 603, 
        "best_iteration": null, 
        "train_score": 0.9445937518560314, 
        "parameter_id": 2, 
        "time": 11979, 
        "done_at": 1519406226802, 
        "grid_point_id": "{\"max_features\": \"auto\", \"min_samples_split\": 30, \"n_estimators\": 100, \"max_depth\": 15, \"min_samples_leaf\": 10}@0"
    }, 
    {
        "parameters": {
            "max_features": "auto", 
            "min_samples_split": 30, 
            "n_estimators": 100, 
            "max_depth": 5, 
            "min_samples_leaf": 10
        }, 
        "score_time": 1205, 
        "test_score": 0.7550038605452277, 
        "fit_time": 10876, 
        "num_samples": 601, 
        "best_iteration": null, 
        "train_score": 0.9013285537426781, 
        "parameter_id": 0, 
        "time": 12081, 
        "done_at": 1519406226757, 
        "grid_point_id": "{\"max_features\": \"auto\", \"min_samples_split\": 30, \"n_estimators\": 100, \"max_depth\": 5, \"min_samples_leaf\": 10}@1"
    }, 
    {
        "parameters": {
            "max_features": "auto", 
            "min_samples_split": 30, 
            "n_estimators": 100, 
            "max_depth": 10, 
            "min_samples_leaf": 10
        }, 
        "score_time": 1207, 
        "test_score": 0.8355110767951535, 
        "fit_time": 10894, 
        "num_samples": 601, 
        "best_iteration": null, 
        "train_score": 0.9472126240322253, 
        "parameter_id": 1, 
        "time": 12101, 
        "done_at": 1519406226765, 
        "grid_point_id": "{\"max_features\": \"auto\", \"min_samples_split\": 30, \"n_estimators\": 100, \"max_depth\": 10, \"min_samples_leaf\": 10}@2"
    }
]