{
    "gridSize": 6, 
    "nThreads": 24, 
    "metric": "ROC_AUC", 
    "gridPoints": [
        {
            "index": 0, 
            "finishedAt": 1519406226757.0, 
            "score": 0.77772653635737887, 
            "parameters": {
                "max_features": "auto", 
                "min_samples_split": 30, 
                "n_estimators": 100, 
                "max_depth": 5, 
                "min_samples_leaf": 10
            }, 
            "time": 35270.0
        }, 
        {
            "index": 1, 
            "finishedAt": 1519406226765.0, 
            "score": 0.78065278974034413, 
            "parameters": {
                "max_features": "auto", 
                "min_samples_split": 30, 
                "n_estimators": 100, 
                "max_depth": 10, 
                "min_samples_leaf": 10
            }, 
            "time": 36111.0
        }, 
        {
            "index": 2, 
            "finishedAt": 1519406226871.0, 
            "score": 0.78251644354227234, 
            "parameters": {
                "max_features": "auto", 
                "min_samples_split": 30, 
                "n_estimators": 100, 
                "max_depth": 15, 
                "min_samples_leaf": 10
            }, 
            "time": 35811.0
        }, 
        {
            "index": 3, 
            "finishedAt": 1519406226282.0, 
            "score": 0.75018780547659181, 
            "parameters": {
                "max_features": "auto", 
                "min_samples_split": 300, 
                "n_estimators": 100, 
                "max_depth": 5, 
                "min_samples_leaf": 100
            }, 
            "time": 29794.0
        }, 
        {
            "index": 4, 
            "finishedAt": 1519406226635.0, 
            "score": 0.75027644095349233, 
            "parameters": {
                "max_features": "auto", 
                "min_samples_split": 300, 
                "n_estimators": 100, 
                "max_depth": 10, 
                "min_samples_leaf": 100
            }, 
            "time": 26089.0
        }, 
        {
            "index": 5, 
            "finishedAt": 1519406226699.0, 
            "score": 0.75018780547659192, 
            "parameters": {
                "max_features": "auto", 
                "min_samples_split": 300, 
                "n_estimators": 100, 
                "max_depth": 15, 
                "min_samples_leaf": 100
            }, 
            "time": 22617.0
        }
    ], 
    "startedAt": 1519406214075, 
    "nSplits": 3
}