{
    "usedGridSearch": true, 
    "probaAware": true, 
    "gridSize": 6, 
    "rawImportance": {
        "variables": [
            "R707_Quantity_sum", 
            "Initial_km", 
            "R193_Quantity_sum", 
            "R446_Quantity_sum", 
            "Time_begin_exploitation", 
            "R565_Quantity_sum", 
            "NUM_DERIVATIVE:log(R565_Quantity_sum)", 
            "NUM_DERIVATIVE:log(R193_Quantity_sum)", 
            "NUM_DERIVATIVE:R565_Quantity_sum^2", 
            "NUM_DERIVATIVE:R707_Quantity_sum^2", 
            "NUM_DERIVATIVE:sqrt(R193_Quantity_sum)", 
            "NUM_DERIVATIVE:log(R364_Quantity_sum)", 
            "NUM_DERIVATIVE:sqrt(R575_Quantity_sum)", 
            "NUM_DERIVATIVE:sqrt(Quantity_sum)", 
            "NUM_DERIVATIVE:log(Initial_km)", 
            "NUM_DERIVATIVE:sqrt(R783_Quantity_sum)", 
            "NUM_DERIVATIVE:sqrt(R119_Quantity_sum)", 
            "NUM_DERIVATIVE:Initial_km^2", 
            "NUM_DERIVATIVE:log(R044_Quantity_sum)", 
            "NUM_DERIVATIVE:sqrt(Initial_km)", 
            "NUM_DERIVATIVE:sqrt(R364_Quantity_sum)", 
            "NUM_DERIVATIVE:sqrt(R417_Quantity_sum)", 
            "NUM_DERIVATIVE:R193_Quantity_sum^2", 
            "NUM_DERIVATIVE:R044_Quantity_sum^2", 
            "NUM_DERIVATIVE:sqrt(R446_Quantity_sum)", 
            "NUM_DERIVATIVE:log(R446_Quantity_sum)", 
            "NUM_DERIVATIVE:Quantity_sum^2", 
            "NUM_DERIVATIVE:log(nb_km)", 
            "NUM_DERIVATIVE:log(R417_Quantity_sum)", 
            "NUM_DERIVATIVE:sqrt(R044_Quantity_sum)", 
            "NUM_DERIVATIVE:log(R707_Quantity_sum)", 
            "NUM_DERIVATIVE:sqrt(nb_km)", 
            "NUM_DERIVATIVE:R364_Quantity_sum^2", 
            "NUM_DERIVATIVE:sqrt(R606_Quantity_sum)", 
            "poly_int:Initial_km * R396_Quantity_sum", 
            "poly_int:R193_Quantity_sum * R575_Quantity_sum", 
            "poly_int:R707_Quantity_sum * R396_Quantity_sum", 
            "poly_int:R565_Quantity_sum * R193_Quantity_sum", 
            "poly_int:R575_Quantity_sum * R119_Quantity_sum", 
            "poly_int:nb_km * Time_begin_exploitation", 
            "poly_int:Quantity_sum * R396_Quantity_sum", 
            "poly_int:R364_Quantity_sum * R064_Quantity_sum", 
            "poly_int:R575_Quantity_sum * R396_Quantity_sum", 
            "poly_int:R707_Quantity_sum * R783_Quantity_sum", 
            "poly_int:R119_Quantity_sum", 
            "poly_int:R193_Quantity_sum * Time_begin_exploitation", 
            "poly_int:R565_Quantity_sum * R064_Quantity_sum", 
            "poly_int:Quantity_sum * Initial_km", 
            "poly_int:R707_Quantity_sum * R364_Quantity_sum", 
            "poly_int:R783_Quantity_sum * R606_Quantity_sum", 
            "poly_int:R565_Quantity_sum * R119_Quantity_sum", 
            "poly_int:R783_Quantity_sum * Time_begin_exploitation", 
            "poly_int:R707_Quantity_sum * R193_Quantity_sum", 
            "poly_int:R783_Quantity_sum * R575_Quantity_sum", 
            "poly_int:R606_Quantity_sum * R417_Quantity_sum", 
            "poly_int:Quantity_sum * R193_Quantity_sum", 
            "poly_int:R565_Quantity_sum * R417_Quantity_sum", 
            "poly_int:R783_Quantity_sum * R417_Quantity_sum", 
            "poly_int:R119_Quantity_sum * R606_Quantity_sum", 
            "poly_int:Time_begin_exploitation", 
            "poly_int:R707_Quantity_sum * R575_Quantity_sum", 
            "poly_int:R193_Quantity_sum * R396_Quantity_sum", 
            "poly_int:R783_Quantity_sum", 
            "poly_int:R783_Quantity_sum * nb_km", 
            "poly_int:R575_Quantity_sum", 
            "poly_int:R565_Quantity_sum * R396_Quantity_sum", 
            "poly_int:R707_Quantity_sum * nb_km", 
            "poly_int:R707_Quantity_sum * R606_Quantity_sum", 
            "poly_int:Quantity_sum * R606_Quantity_sum", 
            "poly_int:Initial_km * R119_Quantity_sum", 
            "poly_int:R606_Quantity_sum", 
            "poly_int:R783_Quantity_sum * R119_Quantity_sum", 
            "poly_int:nb_km * Initial_km", 
            "poly_int:R783_Quantity_sum * R396_Quantity_sum", 
            "poly_int:R193_Quantity_sum * R417_Quantity_sum", 
            "poly_int:Time_begin_exploitation * Initial_km", 
            "poly_int:Time_begin_exploitation * R119_Quantity_sum", 
            "poly_int:R707_Quantity_sum * Initial_km", 
            "poly_int:Initial_km * R606_Quantity_sum", 
            "poly_int:R565_Quantity_sum * R575_Quantity_sum", 
            "poly_int:R193_Quantity_sum * nb_km", 
            "poly_int:nb_km * R396_Quantity_sum", 
            "poly_int:R064_Quantity_sum * R396_Quantity_sum", 
            "poly_int:R193_Quantity_sum * Initial_km", 
            "poly_int:R396_Quantity_sum * R606_Quantity_sum", 
            "poly_int:R783_Quantity_sum * Initial_km", 
            "poly_int:R783_Quantity_sum * R193_Quantity_sum", 
            "poly_int:R446_Quantity_sum * R575_Quantity_sum", 
            "poly_int:R707_Quantity_sum * R565_Quantity_sum", 
            "poly_int:R119_Quantity_sum * R396_Quantity_sum", 
            "poly_int:R364_Quantity_sum * Initial_km", 
            "poly_int:Quantity_sum * Time_begin_exploitation", 
            "poly_int:R364_Quantity_sum * R193_Quantity_sum", 
            "poly_int:R119_Quantity_sum * R417_Quantity_sum", 
            "poly_int:R064_Quantity_sum * R606_Quantity_sum", 
            "poly_int:Initial_km", 
            "poly_int:R364_Quantity_sum * R565_Quantity_sum", 
            "poly_int:R565_Quantity_sum * nb_km", 
            "poly_int:R364_Quantity_sum * Quantity_sum", 
            "poly_int:R193_Quantity_sum * R064_Quantity_sum", 
            "poly_int:Quantity_sum * nb_km", 
            "poly_int:R707_Quantity_sum * Time_begin_exploitation", 
            "poly_int:nb_km * R417_Quantity_sum", 
            "poly_int:Quantity_sum * R417_Quantity_sum", 
            "poly_int:R707_Quantity_sum", 
            "poly_int:Quantity_sum * R575_Quantity_sum", 
            "poly_int:Quantity_sum * R783_Quantity_sum", 
            "poly_int:R064_Quantity_sum * R119_Quantity_sum", 
            "poly_int:nb_km * R119_Quantity_sum", 
            "poly_int:R565_Quantity_sum * Quantity_sum", 
            "poly_int:Initial_km * R575_Quantity_sum", 
            "poly_int:nb_km * R575_Quantity_sum", 
            "poly_int:R565_Quantity_sum * R606_Quantity_sum", 
            "poly_int:Time_begin_exploitation * R606_Quantity_sum", 
            "poly_int:nb_km * R064_Quantity_sum"
        ], 
        "importances": [
            0.0084462568222027513, 
            0.018180716337804215, 
            0.039046519817414908, 
            0.011559982991418489, 
            0.026154643860944668, 
            0.0033539760862262482, 
            0.0028533901525554773, 
            0.0044148613609793549, 
            0.0061897986857674045, 
            0.0051446976193785798, 
            0.017478434481802946, 
            0.0017892084457122007, 
            0.0003926188705557429, 
            0.0024214460343941809, 
            0.0031629558561103608, 
            0.0014315218445825001, 
            9.9852957410186022e-05, 
            0.0058572977943351749, 
            0.00076452344196816901, 
            0.0096179780085560232, 
            0.0013712249476906862, 
            0.0011758050942893049, 
            0.0090595049259513723, 
            0.00055537614885374205, 
            0.010580486149187355, 
            0.0035627479488665524, 
            0.0052271803553152665, 
            0.015672576064227527, 
            0.0012583177288457423, 
            0.00095802715427437623, 
            0.0022189641335083224, 
            0.021388683159640983, 
            0.0023267245583998074, 
            1.4028768790674442e-05, 
            0.0055635838624680418, 
            0.0034159943749817968, 
            0.011865030678264079, 
            0.0015177684735096248, 
            0.0048707327135399867, 
            0.0062565536365253851, 
            0.004348080966154827, 
            0.0094795210357030077, 
            0.0029297039089986108, 
            0.014017569290132046, 
            0.0064218493229175576, 
            0.0053493221190617181, 
            0.00024040319874278461, 
            0.0045189787099151569, 
            0.004390222462834951, 
            0.016094872666360994, 
            0.0096444274801374304, 
            0.014630762458979622, 
            0.0060113923037742852, 
            0.043493929941210284, 
            0.01329725172960261, 
            0.004010425504319029, 
            0.026172800193115346, 
            0.010180252297155135, 
            0.0053732600681728089, 
            0.011395415544702166, 
            0.01521477499440383, 
            0.004800736734926662, 
            0.046900120833709022, 
            0.014281419866163323, 
            0.0001974057919507837, 
            0.0030123120815758924, 
            0.007721935017795699, 
            0.01704419775151533, 
            0.0081387158597534121, 
            0.0084940074301489872, 
            0.016655912166993362, 
            0.0092409905612318329, 
            0.0062204371544530368, 
            0.012387488699939173, 
            0.0096725863960186245, 
            0.0084690707552477346, 
            0.00817780160120073, 
            0.011885746705142437, 
            0.0052267793800758848, 
            0.0016376743757515082, 
            0.0040691319710193553, 
            0.0050342614466745896, 
            0.0041384239414955035, 
            0.0050049076511139703, 
            0.014801544653809678, 
            0.0061523400424392354, 
            0.0074558825077560729, 
            0.0002464071189556772, 
            0.013770538385773292, 
            0.0072183240957369712, 
            0.0082059905512895312, 
            0.0102121694678918, 
            0.0044950181899124416, 
            0.0050460695352167488, 
            0.023868752386374755, 
            0.0058600029215072858, 
            0.0083321168728241104, 
            0.0028400717718725195, 
            0.0067571572042974008, 
            0.0025814647216111336, 
            0.0015393093169009981, 
            0.012732445850025096, 
            0.014956165936883665, 
            0.011763546684438853, 
            0.017674381926422036, 
            0.0012357160625325735, 
            0.037778412700729701, 
            0.005559475145109646, 
            0.0055931232746233954, 
            0.0011030446983618324, 
            0.0051058645353632423, 
            0.0026597654615540911, 
            0.010049708119760385, 
            0.01862722046677881, 
            0.0029306966757058433
        ]
    }, 
    "modelInputNRows": 1805, 
    "modelInputNCols": 121, 
    "modelInputMemory": 1747240, 
    "gridCells": [
        {
            "scoreTimeStd": 0.15664893516678913, 
            "scoreTime": 0.98833333333333329, 
            "fitTime": 10.768333333333333, 
            "score": 0.77772653635737887, 
            "params": {
                "max_features": "auto", 
                "min_samples_split": 30, 
                "n_estimators": 100, 
                "max_depth": 5, 
                "min_samples_leaf": 10
            }, 
            "fitTimeStd": 0.076159190005029423, 
            "scoreStd": 0.041063009051719029
        }, 
        {
            "scoreTimeStd": 0.052618121086434377, 
            "scoreTime": 1.1340000000000001, 
            "fitTime": 10.902999999999999, 
            "score": 0.78065278974034413, 
            "params": {
                "max_features": "auto", 
                "min_samples_split": 30, 
                "n_estimators": 100, 
                "max_depth": 10, 
                "min_samples_leaf": 10
            }, 
            "fitTimeStd": 0.024913182588072728, 
            "scoreStd": 0.03923547680143321
        }, 
        {
            "scoreTimeStd": 0.03289376840679703, 
            "scoreTime": 1.141, 
            "fitTime": 10.795999999999999, 
            "score": 0.78249693167763956, 
            "params": {
                "max_features": "auto", 
                "min_samples_split": 30, 
                "n_estimators": 100, 
                "max_depth": 15, 
                "min_samples_leaf": 10
            }, 
            "fitTimeStd": 0.078693498249008551, 
            "scoreStd": 0.040171028490530371
        }, 
        {
            "scoreTimeStd": 0.096195402985566572, 
            "scoreTime": 0.82966666666666666, 
            "fitTime": 9.1016666666666666, 
            "score": 0.75018780547659192, 
            "params": {
                "max_features": "auto", 
                "min_samples_split": 300, 
                "n_estimators": 100, 
                "max_depth": 5, 
                "min_samples_leaf": 100
            }, 
            "fitTimeStd": 0.040309910554215914, 
            "scoreStd": 0.03458262225260339
        }, 
        {
            "scoreTimeStd": 0.085980617970951259, 
            "scoreTime": 0.88, 
            "fitTime": 7.8163333333333327, 
            "score": 0.75018780547659192, 
            "params": {
                "max_features": "auto", 
                "min_samples_split": 300, 
                "n_estimators": 100, 
                "max_depth": 10, 
                "min_samples_leaf": 100
            }, 
            "fitTimeStd": 0.082495791138430599, 
            "scoreStd": 0.03458262225260339
        }, 
        {
            "scoreTimeStd": 0.10294766739573182, 
            "scoreTime": 0.96966666666666657, 
            "fitTime": 6.5693333333333328, 
            "score": 0.75018780547659192, 
            "params": {
                "max_features": "auto", 
                "min_samples_split": 300, 
                "n_estimators": 100, 
                "max_depth": 15, 
                "min_samples_leaf": 100
            }, 
            "fitTimeStd": 0.22432317956218639, 
            "scoreStd": 0.03458262225260339
        }
    ], 
    "gridBestScore": 0.78249693167763956, 
    "modelInputIsSparse": false
}