{
    "liftVizData": {
        "folds": [
            [
                {
                    "cum_lift": 0.2696629213, 
                    "cum_size": 0.0997229917
                }, 
                {
                    "cum_lift": 0.4943820225, 
                    "cum_size": 0.1994459834
                }, 
                {
                    "cum_lift": 0.6404494382, 
                    "cum_size": 0.2991689751
                }, 
                {
                    "cum_lift": 0.7191011236, 
                    "cum_size": 0.3988919668
                }, 
                {
                    "cum_lift": 0.8202247191, 
                    "cum_size": 0.4986149584
                }, 
                {
                    "cum_lift": 0.8764044944, 
                    "cum_size": 0.5983379501
                }, 
                {
                    "cum_lift": 0.9550561798, 
                    "cum_size": 0.6980609418
                }, 
                {
                    "cum_lift": 0.9887640449, 
                    "cum_size": 0.7977839335
                }, 
                {
                    "cum_lift": 0.9887640449, 
                    "cum_size": 0.8975069252
                }, 
                {
                    "cum_lift": 1.0, 
                    "cum_size": 1.0
                }
            ], 
            [
                {
                    "cum_lift": 0.2083333333, 
                    "cum_size": 0.0997229917
                }, 
                {
                    "cum_lift": 0.3645833333, 
                    "cum_size": 0.1994459834
                }, 
                {
                    "cum_lift": 0.5104166667, 
                    "cum_size": 0.2991689751
                }, 
                {
                    "cum_lift": 0.59375, 
                    "cum_size": 0.3988919668
                }, 
                {
                    "cum_lift": 0.6875, 
                    "cum_size": 0.4986149584
                }, 
                {
                    "cum_lift": 0.71875, 
                    "cum_size": 0.5983379501
                }, 
                {
                    "cum_lift": 0.8020833333, 
                    "cum_size": 0.6980609418
                }, 
                {
                    "cum_lift": 0.8645833333, 
                    "cum_size": 0.7977839335
                }, 
                {
                    "cum_lift": 0.9270833333, 
                    "cum_size": 0.8975069252
                }, 
                {
                    "cum_lift": 1.0, 
                    "cum_size": 1.0
                }
            ], 
            [
                {
                    "cum_lift": 0.2916666667, 
                    "cum_size": 0.0997229917
                }, 
                {
                    "cum_lift": 0.4791666667, 
                    "cum_size": 0.1994459834
                }, 
                {
                    "cum_lift": 0.5833333333, 
                    "cum_size": 0.2991689751
                }, 
                {
                    "cum_lift": 0.6875, 
                    "cum_size": 0.3988919668
                }, 
                {
                    "cum_lift": 0.8020833333, 
                    "cum_size": 0.4986149584
                }, 
                {
                    "cum_lift": 0.8854166667, 
                    "cum_size": 0.5983379501
                }, 
                {
                    "cum_lift": 0.9166666667, 
                    "cum_size": 0.6980609418
                }, 
                {
                    "cum_lift": 0.96875, 
                    "cum_size": 0.7977839335
                }, 
                {
                    "cum_lift": 1.0, 
                    "cum_size": 0.8975069252
                }, 
                {
                    "cum_lift": 1.0, 
                    "cum_size": 1.0
                }
            ], 
            [
                {
                    "cum_lift": 0.2820512821, 
                    "cum_size": 0.0997229917
                }, 
                {
                    "cum_lift": 0.4487179487, 
                    "cum_size": 0.1994459834
                }, 
                {
                    "cum_lift": 0.6025641026, 
                    "cum_size": 0.2991689751
                }, 
                {
                    "cum_lift": 0.6923076923, 
                    "cum_size": 0.3988919668
                }, 
                {
                    "cum_lift": 0.7820512821, 
                    "cum_size": 0.4986149584
                }, 
                {
                    "cum_lift": 0.8717948718, 
                    "cum_size": 0.5983379501
                }, 
                {
                    "cum_lift": 0.9358974359, 
                    "cum_size": 0.6980609418
                }, 
                {
                    "cum_lift": 0.9615384615, 
                    "cum_size": 0.7977839335
                }, 
                {
                    "cum_lift": 1.0, 
                    "cum_size": 0.8975069252
                }, 
                {
                    "cum_lift": 1.0, 
                    "cum_size": 1.0
                }
            ], 
            [
                {
                    "cum_lift": 0.2921348315, 
                    "cum_size": 0.0997229917
                }, 
                {
                    "cum_lift": 0.4943820225, 
                    "cum_size": 0.1994459834
                }, 
                {
                    "cum_lift": 0.6179775281, 
                    "cum_size": 0.2991689751
                }, 
                {
                    "cum_lift": 0.7303370787, 
                    "cum_size": 0.3988919668
                }, 
                {
                    "cum_lift": 0.7752808989, 
                    "cum_size": 0.4986149584
                }, 
                {
                    "cum_lift": 0.8314606742, 
                    "cum_size": 0.5983379501
                }, 
                {
                    "cum_lift": 0.9101123596, 
                    "cum_size": 0.6980609418
                }, 
                {
                    "cum_lift": 0.9550561798, 
                    "cum_size": 0.7977839335
                }, 
                {
                    "cum_lift": 0.9775280899, 
                    "cum_size": 0.8975069252
                }, 
                {
                    "cum_lift": 1.0, 
                    "cum_size": 1.0
                }
            ]
        ], 
        "wizard": {
            "positives": 78, 
            "total": 361
        }, 
        "bins": [
            {
                "cum_lift": 0.2696629213, 
                "bin_pos_prop": 0.6666666667, 
                "bin_min": 0.6633307947, 
                "percentile_idx": 0, 
                "cum_size": 0.0997229917, 
                "bin_lift": 2.7041198502, 
                "bin_max": 0.8714734548
            }, 
            {
                "cum_lift": 0.4943820225, 
                "bin_pos_prop": 0.5555555556, 
                "bin_min": 0.57625488, 
                "percentile_idx": 1, 
                "cum_size": 0.1994459834, 
                "bin_lift": 2.2534332085, 
                "bin_max": 0.6633307947
            }, 
            {
                "cum_lift": 0.6404494382, 
                "bin_pos_prop": 0.3611111111, 
                "bin_min": 0.5079190809, 
                "percentile_idx": 2, 
                "cum_size": 0.2991689751, 
                "bin_lift": 1.4647315855, 
                "bin_max": 0.57625488
            }, 
            {
                "cum_lift": 0.7191011236, 
                "bin_pos_prop": 0.1944444444, 
                "bin_min": 0.4403134728, 
                "percentile_idx": 3, 
                "cum_size": 0.3988919668, 
                "bin_lift": 0.788701623, 
                "bin_max": 0.5079190809
            }, 
            {
                "cum_lift": 0.8202247191, 
                "bin_pos_prop": 0.25, 
                "bin_min": 0.3839088958, 
                "percentile_idx": 4, 
                "cum_size": 0.4986149584, 
                "bin_lift": 1.0140449438, 
                "bin_max": 0.4403134728
            }, 
            {
                "cum_lift": 0.8764044944, 
                "bin_pos_prop": 0.1388888889, 
                "bin_min": 0.303160176, 
                "percentile_idx": 5, 
                "cum_size": 0.5983379501, 
                "bin_lift": 0.5633583021, 
                "bin_max": 0.3839088958
            }, 
            {
                "cum_lift": 0.9550561798, 
                "bin_pos_prop": 0.1944444444, 
                "bin_min": 0.2536016926, 
                "percentile_idx": 6, 
                "cum_size": 0.6980609418, 
                "bin_lift": 0.788701623, 
                "bin_max": 0.303160176
            }, 
            {
                "cum_lift": 0.9887640449, 
                "bin_pos_prop": 0.0833333333, 
                "bin_min": 0.1899162459, 
                "percentile_idx": 7, 
                "cum_size": 0.7977839335, 
                "bin_lift": 0.3380149813, 
                "bin_max": 0.2536016926
            }, 
            {
                "cum_lift": 0.9887640449, 
                "bin_pos_prop": 0.0, 
                "bin_min": 0.0794090205, 
                "percentile_idx": 8, 
                "cum_size": 0.8975069252, 
                "bin_lift": 0.0, 
                "bin_max": 0.1899162459
            }, 
            {
                "cum_lift": 1.0, 
                "bin_pos_prop": 0.027027027, 
                "bin_min": 0.0010237298, 
                "percentile_idx": 9, 
                "cum_size": 1.0, 
                "bin_lift": 0.1096264804, 
                "bin_max": 0.0794090205
            }
        ]
    }, 
    "probaAware": true, 
    "usedThreshold": 0.5, 
    "probaPercentiles": [
        0.011176005757472376, 
        0.019223964417683388, 
        0.023140286079948856, 
        0.025984824899838388, 
        0.03188841858229401, 
        0.0356222010264519, 
        0.04097399978500584, 
        0.05928383351475021, 
        0.07247016418313751, 
        0.07940902054352053, 
        0.09711157856303429, 
        0.10983485115758229, 
        0.13247872947938455, 
        0.14602301078036756, 
        0.15663529966166942, 
        0.16267999956454954, 
        0.1722513362863301, 
        0.17639768680316448, 
        0.18311070994371673, 
        0.1899162459156326, 
        0.19973436743274908, 
        0.20740477436276472, 
        0.21542882342856667, 
        0.21983461263313103, 
        0.228729424870842, 
        0.23454157450292012, 
        0.2387303497252286, 
        0.2422686228608949, 
        0.2481959850486663, 
        0.25360169259157705, 
        0.2623268584821157, 
        0.2666251672477225, 
        0.2715779389792109, 
        0.2748513417013848, 
        0.27802186991545313, 
        0.2827606833795471, 
        0.28749181836288284, 
        0.2918391880898773, 
        0.29619437507067864, 
        0.3031601760048771, 
        0.30945531388549513, 
        0.3125847581773916, 
        0.320233578256952, 
        0.33006067166358294, 
        0.3366506851699736, 
        0.3451202997029093, 
        0.3571103783870022, 
        0.3602539381746741, 
        0.37220502254674237, 
        0.38390889578904924, 
        0.3897687945627979, 
        0.3946333143052729, 
        0.40216820435325984, 
        0.4095585134940004, 
        0.4127194303022892, 
        0.41670908441207377, 
        0.4235925194435368, 
        0.4316020913781428, 
        0.4350443075394144, 
        0.44031347278711697, 
        0.4464366392678525, 
        0.45208868994392715, 
        0.46024336474929495, 
        0.4667196006781067, 
        0.474332504674012, 
        0.48820800257861985, 
        0.49652373663286475, 
        0.49833678404862647, 
        0.5049679939824041, 
        0.5079190809463859, 
        0.5161633166722586, 
        0.5205473233057074, 
        0.5255202348960802, 
        0.5322950838431577, 
        0.5408229707584694, 
        0.5454429872542537, 
        0.551140465788009, 
        0.562543961479306, 
        0.5682995704763073, 
        0.5762548800049716, 
        0.583365154195291, 
        0.5855982534913672, 
        0.5962989130511036, 
        0.605042831223373, 
        0.617615090828924, 
        0.6220387845278148, 
        0.629584195436901, 
        0.6363589069375427, 
        0.6511469788213231, 
        0.6633307946856619, 
        0.6822612236003947, 
        0.6938181436781742, 
        0.7143692881622719, 
        0.7292151062283911, 
        0.7452590500049664, 
        0.7733133381708983, 
        0.7934787427269709, 
        0.8233347232126131, 
        0.8519431759341118
    ], 
    "rocVizData": [
        [
            {
                "y": 0.0, 
                "x": 0.0, 
                "p": 1.8714734548246255
            }, 
            {
                "y": 0.078651685393258425, 
                "x": 0.0036764705882352941, 
                "p": 0.82537324325212869
            }, 
            {
                "y": 0.1348314606741573, 
                "x": 0.018382352941176471, 
                "p": 0.76738523522911672
            }, 
            {
                "y": 0.1797752808988764, 
                "x": 0.025735294117647058, 
                "p": 0.72905976689395813
            }, 
            {
                "y": 0.2247191011235955, 
                "x": 0.036764705882352942, 
                "p": 0.69148570194322811
            }, 
            {
                "y": 0.2696629213483146, 
                "x": 0.044117647058823532, 
                "p": 0.66469540612299283
            }, 
            {
                "y": 0.34831460674157305, 
                "x": 0.051470588235294115, 
                "p": 0.63514319151383469
            }, 
            {
                "y": 0.39325842696629215, 
                "x": 0.058823529411764705, 
                "p": 0.62264583754082192
            }, 
            {
                "y": 0.42696629213483145, 
                "x": 0.080882352941176475, 
                "p": 0.60126007857978803
            }, 
            {
                "y": 0.4943820224719101, 
                "x": 0.091911764705882359, 
                "p": 0.5844022197784462
            }, 
            {
                "y": 0.4943820224719101, 
                "x": 0.14338235294117646, 
                "p": 0.55259344849693159
            }, 
            {
                "y": 0.5393258426966292, 
                "x": 0.15073529411764705, 
                "p": 0.54382443924434642
            }, 
            {
                "y": 0.5730337078651685, 
                "x": 0.16911764705882354, 
                "p": 0.52758512878589248
            }, 
            {
                "y": 0.6179775280898876, 
                "x": 0.17647058823529413, 
                "p": 0.52000637937872962
            }, 
            {
                "y": 0.6629213483146067, 
                "x": 0.19852941176470587, 
                "p": 0.50341535148778649
            }, 
            {
                "y": 0.6741573033707865, 
                "x": 0.24264705882352941, 
                "p": 0.47561436316761346
            }, 
            {
                "y": 0.6966292134831461, 
                "x": 0.27205882352941174, 
                "p": 0.45321233758960489
            }, 
            {
                "y": 0.7303370786516854, 
                "x": 0.29411764705882354, 
                "p": 0.44031347278711697
            }, 
            {
                "y": 0.7415730337078652, 
                "x": 0.33455882352941174, 
                "p": 0.4224364707104783
            }, 
            {
                "y": 0.7640449438202247, 
                "x": 0.36764705882352944, 
                "p": 0.40767918192206787
            }, 
            {
                "y": 0.797752808988764, 
                "x": 0.3860294117647059, 
                "p": 0.39367971637454274
            }, 
            {
                "y": 0.8314606741573034, 
                "x": 0.42279411764705882, 
                "p": 0.36009419992893138
            }, 
            {
                "y": 0.8764044943820225, 
                "x": 0.4485294117647059, 
                "p": 0.33609134564732762
            }, 
            {
                "y": 0.8764044943820225, 
                "x": 0.52941176470588236, 
                "p": 0.29289284572028873
            }, 
            {
                "y": 0.898876404494382, 
                "x": 0.56985294117647056, 
                "p": 0.27802186991545313
            }, 
            {
                "y": 0.93258426966292129, 
                "x": 0.6029411764705882, 
                "p": 0.26576171105449997
            }, 
            {
                "y": 0.9662921348314607, 
                "x": 0.62132352941176472, 
                "p": 0.24972707724278131
            }, 
            {
                "y": 0.97752808988764039, 
                "x": 0.70220588235294112, 
                "p": 0.21552494199403335
            }, 
            {
                "y": 0.9887640449438202, 
                "x": 0.94852941176470584, 
                "p": 0.0260810707146251
            }, 
            {
                "y": 1.0, 
                "x": 1.0, 
                "p": 0.0010237297730810962
            }
        ], 
        [
            {
                "y": 0.0, 
                "x": 0.0, 
                "p": 1.9097209299625202
            }, 
            {
                "y": 0.052083333333333336, 
                "x": 0.011320754716981131, 
                "p": 0.81273159265635098
            }, 
            {
                "y": 0.10416666666666667, 
                "x": 0.018867924528301886, 
                "p": 0.78090329288844262
            }, 
            {
                "y": 0.13541666666666666, 
                "x": 0.037735849056603772, 
                "p": 0.74296088310653785
            }, 
            {
                "y": 0.17708333333333334, 
                "x": 0.052830188679245285, 
                "p": 0.71949315044827511
            }, 
            {
                "y": 0.21875, 
                "x": 0.064150943396226415, 
                "p": 0.70965102026391147
            }, 
            {
                "y": 0.23958333333333334, 
                "x": 0.098113207547169817, 
                "p": 0.68332998324603633
            }, 
            {
                "y": 0.28125, 
                "x": 0.10943396226415095, 
                "p": 0.67436139656420901
            }, 
            {
                "y": 0.3125, 
                "x": 0.13207547169811321, 
                "p": 0.65526121487165923
            }, 
            {
                "y": 0.36458333333333331, 
                "x": 0.13584905660377358, 
                "p": 0.64894526010132925
            }, 
            {
                "y": 0.39583333333333331, 
                "x": 0.15471698113207547, 
                "p": 0.63537705184097459
            }, 
            {
                "y": 0.4375, 
                "x": 0.16603773584905659, 
                "p": 0.62158646676443796
            }, 
            {
                "y": 0.46875, 
                "x": 0.19245283018867926, 
                "p": 0.58604486255343335
            }, 
            {
                "y": 0.51041666666666663, 
                "x": 0.21886792452830189, 
                "p": 0.54958225293565799
            }, 
            {
                "y": 0.54166666666666663, 
                "x": 0.24905660377358491, 
                "p": 0.51736146523502935
            }, 
            {
                "y": 0.5625, 
                "x": 0.28679245283018867, 
                "p": 0.4784490106168362
            }, 
            {
                "y": 0.58333333333333337, 
                "x": 0.32075471698113206, 
                "p": 0.44144605370638607
            }, 
            {
                "y": 0.61458333333333337, 
                "x": 0.35471698113207545, 
                "p": 0.39528750292799653
            }, 
            {
                "y": 0.63541666666666663, 
                "x": 0.39622641509433965, 
                "p": 0.37419523761539752
            }, 
            {
                "y": 0.67708333333333337, 
                "x": 0.42641509433962266, 
                "p": 0.36441252381928885
            }, 
            {
                "y": 0.69791666666666663, 
                "x": 0.4679245283018868, 
                "p": 0.34719164219137783
            }, 
            {
                "y": 0.69791666666666663, 
                "x": 0.52075471698113207, 
                "p": 0.33190720099774784
            }, 
            {
                "y": 0.71875, 
                "x": 0.56603773584905659, 
                "p": 0.32110225433689865
            }, 
            {
                "y": 0.73958333333333337, 
                "x": 0.60377358490566035, 
                "p": 0.31052639304658802
            }, 
            {
                "y": 0.76041666666666663, 
                "x": 0.63396226415094337, 
                "p": 0.29055251860222359
            }, 
            {
                "y": 0.80208333333333337, 
                "x": 0.65283018867924525, 
                "p": 0.27708780726817339
            }, 
            {
                "y": 0.82291666666666663, 
                "x": 0.68301886792452826, 
                "p": 0.26200276078944251
            }, 
            {
                "y": 0.85416666666666663, 
                "x": 0.73584905660377353, 
                "p": 0.23730294780753436
            }, 
            {
                "y": 0.86458333333333337, 
                "x": 0.77735849056603779, 
                "p": 0.21169763402267108
            }, 
            {
                "y": 0.88541666666666663, 
                "x": 0.8075471698113208, 
                "p": 0.19467296491649391
            }, 
            {
                "y": 0.89583333333333337, 
                "x": 0.86037735849056607, 
                "p": 0.13274076903219859
            }, 
            {
                "y": 0.92708333333333337, 
                "x": 0.8867924528301887, 
                "p": 0.087012691199363529
            }, 
            {
                "y": 0.95833333333333337, 
                "x": 0.91698113207547172, 
                "p": 0.074665182991479145
            }, 
            {
                "y": 0.98958333333333337, 
                "x": 0.94339622641509435, 
                "p": 0.068165704820743314
            }, 
            {
                "y": 1.0, 
                "x": 1.0, 
                "p": 0.025005828980608869
            }
        ], 
        [
            {
                "y": 0.010416666666666666, 
                "x": 0.0, 
                "p": 0.92705647241566891
            }, 
            {
                "y": 0.09375, 
                "x": 0.0075471698113207548, 
                "p": 0.80202726987072348
            }, 
            {
                "y": 0.13541666666666666, 
                "x": 0.018867924528301886, 
                "p": 0.76194008793640433
            }, 
            {
                "y": 0.23958333333333334, 
                "x": 0.026415094339622643, 
                "p": 0.68427670171032118
            }, 
            {
                "y": 0.29166666666666669, 
                "x": 0.030188679245283019, 
                "p": 0.65929521653531498
            }, 
            {
                "y": 0.34375, 
                "x": 0.037735849056603772, 
                "p": 0.62770902376808635
            }, 
            {
                "y": 0.375, 
                "x": 0.056603773584905662, 
                "p": 0.61299621938708315
            }, 
            {
                "y": 0.42708333333333331, 
                "x": 0.064150943396226415, 
                "p": 0.59146395322611633
            }, 
            {
                "y": 0.45833333333333331, 
                "x": 0.083018867924528297, 
                "p": 0.56858521402040108
            }, 
            {
                "y": 0.5, 
                "x": 0.10566037735849057, 
                "p": 0.55019864270501873
            }, 
            {
                "y": 0.52083333333333337, 
                "x": 0.13584905660377358, 
                "p": 0.52962440150412038
            }, 
            {
                "y": 0.5625, 
                "x": 0.14716981132075471, 
                "p": 0.51490913274671368
            }, 
            {
                "y": 0.58333333333333337, 
                "x": 0.20754716981132076, 
                "p": 0.46955170140145641
            }, 
            {
                "y": 0.59375, 
                "x": 0.25283018867924528, 
                "p": 0.44887954484298193
            }, 
            {
                "y": 0.625, 
                "x": 0.27169811320754716, 
                "p": 0.44170824974390049
            }, 
            {
                "y": 0.67708333333333337, 
                "x": 0.27924528301886792, 
                "p": 0.4296585330171277
            }, 
            {
                "y": 0.70833333333333337, 
                "x": 0.30188679245283018, 
                "p": 0.41111663147952221
            }, 
            {
                "y": 0.76041666666666663, 
                "x": 0.33584905660377357, 
                "p": 0.39595178568682721
            }, 
            {
                "y": 0.79166666666666663, 
                "x": 0.38490566037735852, 
                "p": 0.37514580902986916
            }, 
            {
                "y": 0.8125, 
                "x": 0.42264150943396228, 
                "p": 0.35389231938025412
            }, 
            {
                "y": 0.85416666666666663, 
                "x": 0.43396226415094341, 
                "p": 0.34204201841818632
            }, 
            {
                "y": 0.875, 
                "x": 0.47924528301886793, 
                "p": 0.31723016821186234
            }, 
            {
                "y": 0.89583333333333337, 
                "x": 0.53962264150943395, 
                "p": 0.27111707286624753
            }, 
            {
                "y": 0.90625, 
                "x": 0.61132075471698111, 
                "p": 0.22791360018927809
            }, 
            {
                "y": 0.92708333333333337, 
                "x": 0.660377358490566, 
                "p": 0.21545673592085271
            }, 
            {
                "y": 0.94791666666666663, 
                "x": 0.71320754716981127, 
                "p": 0.19272953808599033
            }, 
            {
                "y": 0.96875, 
                "x": 0.78867924528301891, 
                "p": 0.14837722884279489
            }, 
            {
                "y": 0.98958333333333337, 
                "x": 0.8226415094339623, 
                "p": 0.13043749866753374
            }, 
            {
                "y": 1.0, 
                "x": 1.0, 
                "p": 0.019642088970505681
            }
        ], 
        [
            {
                "y": 0.01282051282051282, 
                "x": 0.0, 
                "p": 0.8895379978717457
            }, 
            {
                "y": 0.076923076923076927, 
                "x": 0.0035335689045936395, 
                "p": 0.79338301956719159
            }, 
            {
                "y": 0.11538461538461539, 
                "x": 0.017667844522968199, 
                "p": 0.7492487741569468
            }, 
            {
                "y": 0.16666666666666666, 
                "x": 0.024734982332155476, 
                "p": 0.73264654342326518
            }, 
            {
                "y": 0.20512820512820512, 
                "x": 0.042402826855123678, 
                "p": 0.6912137880493191
            }, 
            {
                "y": 0.28205128205128205, 
                "x": 0.049469964664310952, 
                "p": 0.66372674005989185
            }, 
            {
                "y": 0.37179487179487181, 
                "x": 0.060070671378091869, 
                "p": 0.63746931246261329
            }, 
            {
                "y": 0.41025641025641024, 
                "x": 0.077738515901060068, 
                "p": 0.59648896822515129
            }, 
            {
                "y": 0.4358974358974359, 
                "x": 0.10954063604240283, 
                "p": 0.56875204238069765
            }, 
            {
                "y": 0.46153846153846156, 
                "x": 0.13427561837455831, 
                "p": 0.54219646767136409
            }, 
            {
                "y": 0.52564102564102566, 
                "x": 0.14134275618374559, 
                "p": 0.52420973280799998
            }, 
            {
                "y": 0.55128205128205132, 
                "x": 0.17667844522968199, 
                "p": 0.50469811925779073
            }, 
            {
                "y": 0.60256410256410253, 
                "x": 0.19787985865724381, 
                "p": 0.48396046274149673
            }, 
            {
                "y": 0.62820512820512819, 
                "x": 0.23674911660777384, 
                "p": 0.46188476681259444
            }, 
            {
                "y": 0.64102564102564108, 
                "x": 0.28268551236749118, 
                "p": 0.43982525952462143
            }, 
            {
                "y": 0.66666666666666663, 
                "x": 0.31448763250883394, 
                "p": 0.41631100818603634
            }, 
            {
                "y": 0.70512820512820518, 
                "x": 0.32862190812720848, 
                "p": 0.40819677766783435
            }, 
            {
                "y": 0.73076923076923073, 
                "x": 0.36395759717314485, 
                "p": 0.38614986910380172
            }, 
            {
                "y": 0.75641025641025639, 
                "x": 0.40989399293286222, 
                "p": 0.35929803067105132
            }, 
            {
                "y": 0.79487179487179482, 
                "x": 0.43109540636042404, 
                "p": 0.3430739857663575
            }, 
            {
                "y": 0.82051282051282048, 
                "x": 0.46643109540636041, 
                "p": 0.31675809997096172
            }, 
            {
                "y": 0.85897435897435892, 
                "x": 0.48056537102473496, 
                "p": 0.31021957686222063
            }, 
            {
                "y": 0.87179487179487181, 
                "x": 0.54770318021201414, 
                "p": 0.26668229421498379
            }, 
            {
                "y": 0.89743589743589747, 
                "x": 0.57597173144876324, 
                "p": 0.24987857839898403
            }, 
            {
                "y": 0.9358974358974359, 
                "x": 0.72438162544169615, 
                "p": 0.17289312757991063
            }, 
            {
                "y": 0.96153846153846156, 
                "x": 0.79858657243816256, 
                "p": 0.1348861047820549
            }, 
            {
                "y": 0.98717948717948723, 
                "x": 0.82332155477031799, 
                "p": 0.12529533013161814
            }, 
            {
                "y": 1.0, 
                "x": 1.0, 
                "p": 0.011069301053684444
            }
        ], 
        [
            {
                "y": 0.011235955056179775, 
                "x": 0.0, 
                "p": 0.92019749458469957
            }, 
            {
                "y": 0.06741573033707865, 
                "x": 0.0036764705882352941, 
                "p": 0.78802369151131813
            }, 
            {
                "y": 0.1348314606741573, 
                "x": 0.0073529411764705881, 
                "p": 0.75133503319736705
            }, 
            {
                "y": 0.20224719101123595, 
                "x": 0.022058823529411766, 
                "p": 0.71481351791548675
            }, 
            {
                "y": 0.24719101123595505, 
                "x": 0.029411764705882353, 
                "p": 0.69040705994330265
            }, 
            {
                "y": 0.30337078651685395, 
                "x": 0.036764705882352942, 
                "p": 0.6657874209699709
            }, 
            {
                "y": 0.33707865168539325, 
                "x": 0.05514705882352941, 
                "p": 0.62793551221939781
            }, 
            {
                "y": 0.38202247191011235, 
                "x": 0.06985294117647059, 
                "p": 0.59907230813322809
            }, 
            {
                "y": 0.42696629213483145, 
                "x": 0.08455882352941177, 
                "p": 0.57859348121179277
            }, 
            {
                "y": 0.47191011235955055, 
                "x": 0.091911764705882359, 
                "p": 0.56106601837495096
            }, 
            {
                "y": 0.5168539325842697, 
                "x": 0.10661764705882353, 
                "p": 0.5438714027636099
            }, 
            {
                "y": 0.5393258426966292, 
                "x": 0.13602941176470587, 
                "p": 0.52014620691849656
            }, 
            {
                "y": 0.5730337078651685, 
                "x": 0.16544117647058823, 
                "p": 0.49826849374624649
            }, 
            {
                "y": 0.6179775280898876, 
                "x": 0.17647058823529413, 
                "p": 0.48618538122079241
            }, 
            {
                "y": 0.6292134831460674, 
                "x": 0.21691176470588236, 
                "p": 0.46589726135749293
            }, 
            {
                "y": 0.6741573033707865, 
                "x": 0.22794117647058823, 
                "p": 0.45319976937268613
            }, 
            {
                "y": 0.6853932584269663, 
                "x": 0.26838235294117646, 
                "p": 0.43597896177905687
            }, 
            {
                "y": 0.7303370786516854, 
                "x": 0.28308823529411764, 
                "p": 0.41466481903805791
            }, 
            {
                "y": 0.7415730337078652, 
                "x": 0.34558823529411764, 
                "p": 0.38885042903085543
            }, 
            {
                "y": 0.7640449438202247, 
                "x": 0.375, 
                "p": 0.37680577169318674
            }, 
            {
                "y": 0.7865168539325843, 
                "x": 0.40808823529411764, 
                "p": 0.35954545312594738
            }, 
            {
                "y": 0.797752808988764, 
                "x": 0.45220588235294118, 
                "p": 0.32731209674931355
            }, 
            {
                "y": 0.8314606741573034, 
                "x": 0.47426470588235292, 
                "p": 0.31581433128409897
            }, 
            {
                "y": 0.8314606741573034, 
                "x": 0.5625, 
                "p": 0.28659337077905639
            }, 
            {
                "y": 0.8764044943820225, 
                "x": 0.58088235294117652, 
                "p": 0.27514686189201421
            }, 
            {
                "y": 0.898876404494382, 
                "x": 0.61397058823529416, 
                "p": 0.25529488080312179
            }, 
            {
                "y": 0.93258426966292129, 
                "x": 0.63970588235294112, 
                "p": 0.23486271631373526
            }, 
            {
                "y": 0.9550561797752809, 
                "x": 0.67647058823529416, 
                "p": 0.214289594922461
            }, 
            {
                "y": 0.9550561797752809, 
                "x": 0.80514705882352944, 
                "p": 0.15917144121945187
            }, 
            {
                "y": 0.9662921348314607, 
                "x": 0.87132352941176472, 
                "p": 0.1163948486569376
            }, 
            {
                "y": 1.0, 
                "x": 0.8970588235294118, 
                "p": 0.099475297040140631
            }, 
            {
                "y": 1.0, 
                "x": 1.0, 
                "p": 0.0041263983221844058
            }
        ]
    ], 
    "densityData": {
        "1": {
            "incorrect": [
                0.7543916341805492, 
                0.8278134439212234, 
                0.8953230848810236, 
                0.9557436172634877, 
                1.008580896971136, 
                1.0540678172024436, 
                1.093123318412149, 
                1.1272312197052323, 
                1.1582556630112073, 
                1.1882187495649161, 
                1.2190703008537411, 
                1.2524790184144283, 
                1.2896690603542182, 
                1.3313174561484453, 
                1.3775176435152165, 
                1.4278046729859708, 
                1.481229974736395, 
                1.536469137427362, 
                1.5919452833326881, 
                1.645952950248817, 
                1.6967719014262945, 
                1.7427656149657518, 
                1.7824639554661668, 
                1.8146325903449096, 
                1.8383324985909701, 
                1.8529714959490595, 
                1.8583467439145733, 
                1.8546738240807261, 
                1.8425953860964592, 
                1.8231616698367055, 
                1.797776939541425, 
                1.7681099833163032, 
                1.7359726016571446, 
                1.7031762073875463, 
                1.6713818459786955, 
                1.641961815830889, 
                1.6158907828080566, 
                1.5936806857576196, 
                1.5753674021814836, 
                1.5605492817054298, 
                1.5484697957969729, 
                1.5381302192600288, 
                1.5284146220146524, 
                1.518209077136553, 
                1.506499756198215, 
                1.4924397356146968, 
                1.4753807140150175, 
                1.45487214570362, 
                1.4306353839499262, 
                1.4025235176439932, 
                1.3704783616010703, 
                1.3344946720575137, 
                1.2945986184215448, 
                1.2508435844043904, 
                1.2033222948371651, 
                1.1521907940359655, 
                1.0976974857685797, 
                1.0402095896532355, 
                0.9802300106202877, 
                0.9183995342745991, 
                0.8554820181383431, 
                0.792333285694712, 
                0.7298571663664457, 
                0.6689540745843567, 
                0.610468390064383, 
                0.5551406374856652, 
                0.5035692527524521, 
                0.4561849260179279, 
                0.4132385631837565, 
                0.3748022033406757, 
                0.34078103511944974, 
                0.31093405930484813, 
                0.2849008690873198, 
                0.2622322701675386, 
                0.24242281462188806, 
                0.22494359472540093, 
                0.20927375409570914, 
                0.1949291530066031, 
                0.18148658540017232, 
                0.16860202830304646, 
                0.15602171853748123, 
                0.14358542678198497, 
                0.1312220712300959, 
                0.11893864297046128, 
                0.10680413207364947, 
                0.09493059821546876, 
                0.08345363877072659, 
                0.07251427270019241, 
                0.06224376073532801, 
                0.05275225056231404, 
                0.04412150773629092, 
                0.036401478871965515, 
                0.02961009328632362, 
                0.023735549378415023, 
                0.018740318423288913, 
                0.014566177098044033, 
                0.011139697979442899, 
                0.008377746735169465, 
                0.006192638065352509, 
                0.004496688498962108
            ], 
            "incorrectMedian": 0.30881262647108049, 
            "correct": [
                0.057634615328205754, 
                0.06103862484959957, 
                0.06413409139285127, 
                0.06707308996571987, 
                0.07010367156755319, 
                0.07357317083511906, 
                0.07792446413662363, 
                0.08368447567530236, 
                0.09144471777594461, 
                0.10183420074809099, 
                0.11548564551202682, 
                0.13299656503819243, 
                0.15488742428215133, 
                0.18155969792545923, 
                0.21325714980981705, 
                0.25003396212205253, 
                0.29173333858914835, 
                0.3379797962954071, 
                0.3881874851689795, 
                0.4415855384558766, 
                0.49725975317507415, 
                0.554208008517097, 
                0.6114050087814936, 
                0.6678704799960047, 
                0.722734135469926, 
                0.7752907616352875, 
                0.8250397428649892, 
                0.8717051662252854, 
                0.9152350876079829, 
                0.9557812329095975, 
                0.9936629163337952, 
                1.0293208579689823, 
                1.0632675445248962, 
                1.0960406340402933, 
                1.128164693500878, 
                1.1601245151008528, 
                1.1923507789114909, 
                1.2252163964594578, 
                1.2590399486133053, 
                1.2940915835522748, 
                1.33059674824106, 
                1.368734155170285, 
                1.4086261922071497, 
                1.4503221676941516, 
                1.4937768741158313, 
                1.538828508499549, 
                1.585180684401422, 
                1.6323929746867476, 
                1.6798832143809235, 
                1.726942936393406, 
                1.772765203348472, 
                1.8164821649085603, 
                1.8572082808642756, 
                1.8940845375173931, 
                1.92631920059044, 
                1.9532215665762838, 
                1.9742265365116713, 
                1.988909319839257, 
                1.9969908778657115, 
                1.998335619358219, 
                1.99294327387554, 
                1.9809368290505396, 
                1.9625480619650928, 
                1.9381017038560608, 
                1.907998823005298, 
                1.8726997088957325, 
                1.8327064310304337, 
                1.788545296192751, 
                1.7407495612937096, 
                1.6898428895683073, 
                1.6363241044023944, 
                1.5806537793945739, 
                1.523243130037809, 
                1.4644455912102878, 
                1.4045514226674984, 
                1.3437857008453338, 
                1.2823101058544188, 
                1.2202289343930381, 
                1.1575996799400872, 
                1.094448250245918, 
                1.0307884114023858, 
                0.9666443948823535, 
                0.9020748836991419, 
                0.8371959605347717, 
                0.7722002227566345, 
                0.7073692858204046, 
                0.643077377772329, 
                0.5797846497499406, 
                0.5180200704735646, 
                0.4583551411886768, 
                0.40137092989753975, 
                0.34762186104651527, 
                0.2976001481815021, 
                0.25170465148083165, 
                0.21021730999098237, 
                0.1732892612133366, 
                0.14093750204468464, 
                0.11305167173886649, 
                0.08940943941199436, 
                0.0696981962505231
            ], 
            "correctMedian": 0.55077722011077834
        }, 
        "0": {
            "incorrect": [
                0.06969819625052304, 
                0.08940943941199453, 
                0.11305167173886674, 
                0.14093750204468478, 
                0.17328926121333674, 
                0.21021730999098312, 
                0.2517046514808319, 
                0.29760014818150266, 
                0.34762186104651543, 
                0.4013709298975405, 
                0.45835514118867865, 
                0.5180200704735667, 
                0.5797846497499424, 
                0.6430773777723302, 
                0.7073692858204034, 
                0.7722002227566366, 
                0.8371959605347755, 
                0.902074883699141, 
                0.9666443948823553, 
                1.0307884114023875, 
                1.09444825024592, 
                1.1575996799400903, 
                1.2202289343930337, 
                1.2823101058544166, 
                1.3437857008453349, 
                1.404551422667501, 
                1.4644455912102865, 
                1.5232431300378078, 
                1.5806537793945767, 
                1.6363241044023915, 
                1.6898428895683073, 
                1.7407495612937036, 
                1.7885452961927464, 
                1.8327064310304368, 
                1.8726997088957307, 
                1.907998823005298, 
                1.9381017038560642, 
                1.9625480619650963, 
                1.9809368290505396, 
                1.9929432738755435, 
                1.998335619358219, 
                1.996990877865708, 
                1.988909319839257, 
                1.9742265365116731, 
                1.9532215665762873, 
                1.9263192005904348, 
                1.8940845375173931, 
                1.8572082808642771, 
                1.8164821649085618, 
                1.7727652033484704, 
                1.726942936393406, 
                1.679883214380919, 
                1.6323929746867476, 
                1.585180684401422, 
                1.538828508499549, 
                1.4937768741158313, 
                1.450322167694149, 
                1.4086261922071497, 
                1.368734155170285, 
                1.330596748241061, 
                1.2940915835522726, 
                1.2590399486133053, 
                1.2252163964594578, 
                1.1923507789114876, 
                1.1601245151008528, 
                1.1281646935008791, 
                1.0960406340402933, 
                1.0632675445248954, 
                1.0293208579689805, 
                0.9936629163337952, 
                0.9557812329095967, 
                0.9152350876079829, 
                0.8717051662252839, 
                0.8250397428649869, 
                0.7752907616352869, 
                0.7227341354699247, 
                0.667870479996004, 
                0.6114050087814936, 
                0.5542080085170972, 
                0.49725975317507415, 
                0.4415855384558752, 
                0.38818748516897916, 
                0.33797979629540675, 
                0.2917333385891478, 
                0.2500339621220522, 
                0.21325714980981667, 
                0.18155969792545898, 
                0.1548874242821512, 
                0.13299656503819215, 
                0.11548564551202656, 
                0.10183420074809085, 
                0.09144471777594461, 
                0.08368447567530236, 
                0.07792446413662356, 
                0.073573170835119, 
                0.07010367156755319, 
                0.06707308996571987, 
                0.0641340913928513, 
                0.06103862484959946, 
                0.05763461532820578
            ], 
            "incorrectMedian": 0.44922277988922155, 
            "correct": [
                0.00449668849896214, 
                0.006192638065352564, 
                0.00837774673516954, 
                0.011139697979442979, 
                0.014566177098044137, 
                0.018740318423289055, 
                0.023735549378415138, 
                0.029610093286323805, 
                0.03640147887196566, 
                0.044121507736291116, 
                0.05275225056231423, 
                0.06224376073532823, 
                0.07251427270019267, 
                0.08345363877072685, 
                0.09493059821546906, 
                0.10680413207364975, 
                0.11893864297046164, 
                0.13122207123009608, 
                0.14358542678198497, 
                0.15602171853748165, 
                0.16860202830304646, 
                0.18148658540017254, 
                0.19492915300660352, 
                0.20927375409570914, 
                0.22494359472540112, 
                0.24242281462188828, 
                0.2622322701675393, 
                0.28490086908731904, 
                0.31093405930484896, 
                0.34078103511945096, 
                0.3748022033406764, 
                0.4132385631837558, 
                0.4561849260179271, 
                0.5035692527524539, 
                0.5551406374856652, 
                0.6104683900643836, 
                0.6689540745843592, 
                0.7298571663664405, 
                0.7923332856947168, 
                0.8554820181383477, 
                0.9183995342746006, 
                0.9802300106202859, 
                1.0402095896532337, 
                1.0976974857685786, 
                1.1521907940359633, 
                1.203322294837164, 
                1.2508435844043893, 
                1.2945986184215472, 
                1.3344946720575137, 
                1.3704783616010765, 
                1.402523517644008, 
                1.4306353839499273, 
                1.4548721457036111, 
                1.475380714015011, 
                1.4924397356146861, 
                1.5064997561982123, 
                1.518209077136553, 
                1.5284146220146482, 
                1.5381302192600288, 
                1.5484697957969782, 
                1.5605492817054312, 
                1.5753674021814892, 
                1.5936806857576182, 
                1.6158907828080553, 
                1.641961815830886, 
                1.671381845978694, 
                1.703176207387557, 
                1.7359726016571353, 
                1.7681099833162905, 
                1.7977769395414234, 
                1.8231616698367201, 
                1.8425953860964461, 
                1.8546738240807246, 
                1.8583467439145764, 
                1.8529714959490613, 
                1.8383324985909653, 
                1.814632590344895, 
                1.7824639554661763, 
                1.7427656149657595, 
                1.6967719014262945, 
                1.6459529502488142, 
                1.591945283332684, 
                1.5364691374273634, 
                1.4812299747363962, 
                1.4278046729859732, 
                1.3775176435152128, 
                1.3313174561484522, 
                1.289669060354223, 
                1.2524790184144239, 
                1.2190703008537411, 
                1.1882187495649204, 
                1.1582556630112093, 
                1.1272312197052383, 
                1.093123318412147, 
                1.0540678172024416, 
                1.0085808969711387, 
                0.9557436172634919, 
                0.8953230848810252, 
                0.8278134439212189, 
                0.7543916341805506
            ], 
            "correctMedian": 0.69118737352891935
        }
    }, 
    "perCutData": {
        "fp": [
            272, 
            260, 
            246, 
            238, 
            231, 
            227, 
            221, 
            210, 
            197, 
            186, 
            169, 
            156, 
            139, 
            126, 
            118, 
            108, 
            102, 
            88, 
            76, 
            66, 
            55, 
            46, 
            40, 
            29, 
            22, 
            16, 
            13, 
            10, 
            9, 
            7, 
            6, 
            4, 
            3, 
            1, 
            1, 
            0, 
            0, 
            0, 
            0, 
            0
        ], 
        "f1": [
            0.39734535366776935, 
            0.40091691022363463, 
            0.4090910176500403, 
            0.41541426571391638, 
            0.42205151786893486, 
            0.42895107848716041, 
            0.43637569730929943, 
            0.44645866608795526, 
            0.45821577797717772, 
            0.46914511584367852, 
            0.47847195960535693, 
            0.48258758680341407, 
            0.49090845296406388, 
            0.49723829753539323, 
            0.50836852540466848, 
            0.51489640076568666, 
            0.51828029444614043, 
            0.52264596489802884, 
            0.52339058915773629, 
            0.53176071115830148, 
            0.54144413516825229, 
            0.53152650131912704, 
            0.51702745021533603, 
            0.50536114487689576, 
            0.48684070566936721, 
            0.46275900161218519, 
            0.41792744424133932, 
            0.36918993253157684, 
            0.31138045951771998, 
            0.26727548371712062, 
            0.21366255457051181, 
            0.17779624383945053, 
            0.12868441442710682, 
            0.097297279994391278, 
            0.06043164165169914, 
            0.026099397889632968, 
            0.012914920131414976, 
            0.0041237113402061848, 
            0.0, 
            0.0
        ], 
        "cut": [
            0.0, 
            0.025000000000000001, 
            0.050000000000000003, 
            0.075000000000000011, 
            0.10000000000000001, 
            0.125, 
            0.15000000000000002, 
            0.17500000000000002, 
            0.20000000000000001, 
            0.22500000000000001, 
            0.25, 
            0.27500000000000002, 
            0.30000000000000004, 
            0.32500000000000001, 
            0.35000000000000003, 
            0.375, 
            0.40000000000000002, 
            0.42500000000000004, 
            0.45000000000000001, 
            0.47500000000000003, 
            0.5, 
            0.52500000000000002, 
            0.55000000000000004, 
            0.57500000000000007, 
            0.60000000000000009, 
            0.625, 
            0.65000000000000002, 
            0.67500000000000004, 
            0.70000000000000007, 
            0.72500000000000009, 
            0.75, 
            0.77500000000000002, 
            0.80000000000000004, 
            0.82500000000000007, 
            0.85000000000000009, 
            0.875, 
            0.90000000000000002, 
            0.92500000000000004, 
            0.95000000000000007, 
            0.97500000000000009
        ], 
        "recallstd": [
            0.0, 
            0.0, 
            0.0053101115802664618, 
            0.020184418944843272, 
            0.035609126341475734, 
            0.033539756366430452, 
            0.031598727789601266, 
            0.031642354502720849, 
            0.033554134949949528, 
            0.037189638863752275, 
            0.032167623701228824, 
            0.037216976367303443, 
            0.051954787768657917, 
            0.054114596126540931, 
            0.049701108158666525, 
            0.066379508060612907, 
            0.053884079647046182, 
            0.043668017024688033, 
            0.046735949857312137, 
            0.035556146382809295, 
            0.039701749892364524, 
            0.024774527048011016, 
            0.022911689305548013, 
            0.025741950813984192, 
            0.026254251106599236, 
            0.030242522848609468, 
            0.02010483453189895, 
            0.021222812439005864, 
            0.016330581994642233, 
            0.012707332763087218, 
            0.0098243997199396506, 
            0.0079332305279231942, 
            0.016162937944185538, 
            0.01937971382951454, 
            0.0083899612763809611, 
            0.0080784677426560467, 
            0.0089124855347139983, 
            0.0041666666666666666, 
            0.0, 
            0.0
        ], 
        "mccstd": [
            0.0, 
            0.034344229111557843, 
            0.018350059550839026, 
            0.04059694154290816, 
            0.061616460887325919, 
            0.06264806036541945, 
            0.057803517343001008, 
            0.055997081400142111, 
            0.061681095444384243, 
            0.068294945281290848, 
            0.060419878207177188, 
            0.067905019096945879, 
            0.079479593713071089, 
            0.074427248350165925, 
            0.051748926542665837, 
            0.05750582141752493, 
            0.049592387917331671, 
            0.04497629903229574, 
            0.052739307980491146, 
            0.050724598760704516, 
            0.058522315267515182, 
            0.047971488099276399, 
            0.056405767545675008, 
            0.057069543058871373, 
            0.052724949756053449, 
            0.043995218740838449, 
            0.050003717113053493, 
            0.050337459402082008, 
            0.043935660985885458, 
            0.030622587080098133, 
            0.032111335546333337, 
            0.023228543460049593, 
            0.031110466494706716, 
            0.057431610624348046, 
            0.029618983162456765, 
            0.050856364635602232, 
            0.061247950257665967, 
            0.035026445035884694, 
            0.0, 
            0.0
        ], 
        "recall": [
            1.0, 
            1.0, 
            0.99566947565543062, 
            0.98733614232209743, 
            0.97675561797752797, 
            0.96969713339095365, 
            0.95623559492941512, 
            0.94886019878997396, 
            0.94261019878997399, 
            0.92769915010083537, 
            0.90460422068568147, 
            0.87124567847882461, 
            0.84509867473350619, 
            0.81320044655718815, 
            0.7864196197061365, 
            0.75548292999135691, 
            0.71506590319792562, 
            0.67899020455200232, 
            0.63569576490924806, 
            0.61018978680495528, 
            0.58501152405646795, 
            0.53978320368769805, 
            0.49199078075482572, 
            0.45238223854796888, 
            0.41195440795159899, 
            0.37218200806683954, 
            0.31413677614520313, 
            0.2604328723710746, 
            0.20687121866897148, 
            0.16774344569288388, 
            0.127009507346586, 
            0.10214815615096513, 
            0.070872947277441659, 
            0.052122947277441656, 
            0.031428262748487465, 
            0.013308484586574474, 
            0.0065777153558052425, 
            0.0020833333333333333, 
            0.0, 
            0.0
        ], 
        "mcc": [
            0.0, 
            0.050145462681393915, 
            0.10543518222194978, 
            0.12851294176668207, 
            0.14832348165962145, 
            0.1656746316862388, 
            0.18176319201088637, 
            0.20596407255159882, 
            0.23086062085837314, 
            0.24966408964080386, 
            0.26430579044922881, 
            0.26674491072307954, 
            0.27907046058926588, 
            0.28831491935113213, 
            0.30770352524012229, 
            0.31876949453083886, 
            0.32410502117034817, 
            0.33240646105395016, 
            0.33801688519143613, 
            0.35552190608253048, 
            0.37693061704523884, 
            0.37377325228019809, 
            0.36920364024210706, 
            0.3720495271205414, 
            0.36808461712037721, 
            0.3599484584835112, 
            0.33427191440753862, 
            0.30463413095814573, 
            0.26578512302892215, 
            0.24697754685936549, 
            0.21836922864819877, 
            0.20023161768839576, 
            0.17591224917572196, 
            0.15966515766786069, 
            0.13095675458682829, 
            0.07888543309096227, 
            0.037265607468291426, 
            0.017513222517942347, 
            0.0, 
            0.0
        ], 
        "precision": [
            0.24819944598337954, 
            0.25098433802260328, 
            0.25774630180331187, 
            0.26340649367685298, 
            0.26957837426481268, 
            0.27567457226296932, 
            0.28291384288343169, 
            0.29212300910336764, 
            0.30290127236455133, 
            0.3142653704022208, 
            0.325536452954858, 
            0.33407333323093413, 
            0.34618144994643069, 
            0.35833675890975492, 
            0.37599982610578697, 
            0.39123260614329558, 
            0.4073723287487363, 
            0.42550925010831431, 
            0.44597897603979708, 
            0.47294664490926175, 
            0.50639862662624391, 
            0.52638280073142674, 
            0.54902197008839027, 
            0.57972118615706891, 
            0.60542724736369224, 
            0.62869445650600664, 
            0.6439528699798277, 
            0.6485497424776363, 
            0.64149228804401226, 
            0.6600815850815851, 
            0.6775843454790822, 
            0.69724496092143151, 
            0.74696969696969706, 
            0.78452380952380962, 
            0.84333333333333338, 
            0.90000000000000002, 
            0.80000000000000004, 
            1.0, 
            1.0, 
            1.0
        ], 
        "tp": [
            89, 
            89, 
            88, 
            88, 
            88, 
            88, 
            88, 
            88, 
            88, 
            87, 
            85, 
            81, 
            78, 
            78, 
            75, 
            74, 
            68, 
            66, 
            62, 
            60, 
            59, 
            52, 
            46, 
            44, 
            38, 
            33, 
            27, 
            24, 
            20, 
            17, 
            12, 
            9, 
            7, 
            7, 
            3, 
            0, 
            0, 
            0, 
            0, 
            0
        ], 
        "f1std": [
            0.023698759844083834, 
            0.023564979079015638, 
            0.024230381113491278, 
            0.023415989099137294, 
            0.024271176946063532, 
            0.023315507881349673, 
            0.019930400330886906, 
            0.023919788411917123, 
            0.023325914003632313, 
            0.02329397491781908, 
            0.025986328641695259, 
            0.032366564355757174, 
            0.036574673831980646, 
            0.037889772963139515, 
            0.031517700718202188, 
            0.036406158633348652, 
            0.034827744705840095, 
            0.031562614180535159, 
            0.031127089155929002, 
            0.030961657670840401, 
            0.037464850079256068, 
            0.027748436769777271, 
            0.034049134945792758, 
            0.030771615946703711, 
            0.024898877651124782, 
            0.011974026290067032, 
            0.010549308298615964, 
            0.025492400741836656, 
            0.022061013072148222, 
            0.019014571454218147, 
            0.01591821328753696, 
            0.01186857412511837, 
            0.027269963359920695, 
            0.034915067661884486, 
            0.015670978202287078, 
            0.01580904499072297, 
            0.017454414173470024, 
            0.0082474226804123713, 
            0.0, 
            0.0
        ], 
        "tn": [
            0, 
            12, 
            26, 
            34, 
            41, 
            45, 
            51, 
            62, 
            75, 
            86, 
            103, 
            116, 
            133, 
            146, 
            154, 
            164, 
            170, 
            184, 
            196, 
            206, 
            217, 
            226, 
            232, 
            243, 
            250, 
            256, 
            259, 
            262, 
            263, 
            265, 
            266, 
            268, 
            269, 
            271, 
            271, 
            272, 
            272, 
            272, 
            272, 
            272
        ], 
        "precisionstd": [
            0.018257348535494836, 
            0.018159402762304752, 
            0.019081863602992469, 
            0.01891850333420864, 
            0.019427453847254784, 
            0.018388077334167207, 
            0.01592432608301585, 
            0.018895912950590274, 
            0.018670837534169014, 
            0.019474866178110419, 
            0.021841248760332246, 
            0.027421634710176005, 
            0.029153331643810475, 
            0.030049350066057374, 
            0.025992233717759529, 
            0.027847825531068317, 
            0.031221522329322883, 
            0.029951443015817657, 
            0.031325020645637948, 
            0.040432238311298337, 
            0.05103889938590906, 
            0.048676852472072089, 
            0.065270297544817057, 
            0.072870904495063754, 
            0.076148670776872845, 
            0.081906362486649037, 
            0.09805883328754636, 
            0.092743949715434468, 
            0.086675057266240405, 
            0.053549831591598505, 
            0.07184944604230005, 
            0.072987344143680327, 
            0.09415420210540093, 
            0.16904761904761906, 
            0.13482498944104457, 
            0.20000000000000004, 
            0.40000000000000008, 
            0.0, 
            0.0, 
            0.0
        ], 
        "accuracystd": [
            0.018257348535494836, 
            0.020174117956823411, 
            0.024313693360101588, 
            0.02493690290288509, 
            0.024489790698393722, 
            0.020234883509971931, 
            0.021270198139005502, 
            0.024998369357736229, 
            0.030626648113208324, 
            0.039603470361576777, 
            0.036940904328353792, 
            0.039896890609171939, 
            0.041569709656075496, 
            0.037795142162461007, 
            0.020610609681704473, 
            0.017986352444042026, 
            0.020476142507009777, 
            0.020684935958553446, 
            0.028227676903838216, 
            0.030726702767561308, 
            0.033471041478101315, 
            0.031950960344146739, 
            0.033397599718784567, 
            0.033580902959981708, 
            0.032037301484323467, 
            0.028819516462359997, 
            0.027287779182326305, 
            0.023725887097356076, 
            0.021313444943680145, 
            0.018754915102283401, 
            0.019774590911440165, 
            0.018341213692240246, 
            0.018257348535494797, 
            0.021556871421987488, 
            0.019319219694363097, 
            0.018424697117247531, 
            0.018574021733230136, 
            0.017745836429968933, 
            0.018257348535494818, 
            0.018257348535494818
        ], 
        "hammingLoss": [
            0.75180055401662049, 
            0.74072022160664819, 
            0.71301939058171748, 
            0.68864265927977841, 
            0.66260387811634347, 
            0.63933518005540169, 
            0.61163434903047098, 
            0.58282548476454299, 
            0.55235457063711924, 
            0.52077562326869808, 
            0.48919667590027699, 
            0.46371191135734069, 
            0.43490304709141281, 
            0.40775623268698064, 
            0.37617728531855954, 
            0.35124653739612188, 
            0.32853185595567863, 
            0.30692520775623267, 
            0.28698060941828252, 
            0.26703601108033237, 
            0.24653739612188366, 
            0.2371191135734072, 
            0.22936288088642659, 
            0.22105263157894739, 
            0.21662049861495847, 
            0.21495844875346265, 
            0.2177285318559557, 
            0.22105263157894739, 
            0.22714681440443213, 
            0.22825484764542942, 
            0.23213296398891972, 
            0.23434903047091415, 
            0.2371191135734072, 
            0.23878116343490308, 
            0.24210526315789474, 
            0.2454293628808864, 
            0.24709141274238222, 
            0.24764542936288086, 
            0.24819944598337954, 
            0.24819944598337954
        ], 
        "hammingLossstd": [
            0.018257348535494818, 
            0.020174117956823404, 
            0.024313693360101613, 
            0.024936902902885083, 
            0.02448979069839374, 
            0.020234883509971942, 
            0.021270198139005526, 
            0.024998369357736257, 
            0.030626648113208293, 
            0.039603470361576777, 
            0.036940904328353792, 
            0.039896890609171926, 
            0.041569709656075496, 
            0.037795142162461028, 
            0.020610609681704455, 
            0.017986352444042019, 
            0.020476142507009784, 
            0.020684935958553433, 
            0.02822767690383823, 
            0.030726702767561322, 
            0.033471041478101315, 
            0.031950960344146725, 
            0.033397599718784581, 
            0.033580902959981701, 
            0.032037301484323454, 
            0.028819516462360008, 
            0.027287779182326322, 
            0.023725887097356076, 
            0.021313444943680166, 
            0.018754915102283391, 
            0.019774590911440154, 
            0.018341213692240271, 
            0.018257348535494825, 
            0.021556871421987499, 
            0.019319219694363093, 
            0.018424697117247535, 
            0.018574021733230146, 
            0.017745836429968943, 
            0.018257348535494836, 
            0.018257348535494836
        ], 
        "fn": [
            0, 
            0, 
            1, 
            1, 
            1, 
            1, 
            1, 
            1, 
            1, 
            2, 
            4, 
            8, 
            11, 
            11, 
            14, 
            15, 
            21, 
            23, 
            27, 
            29, 
            30, 
            37, 
            43, 
            45, 
            51, 
            56, 
            62, 
            65, 
            69, 
            72, 
            77, 
            80, 
            82, 
            82, 
            86, 
            89, 
            89, 
            89, 
            89, 
            89
        ], 
        "accuracy": [
            0.24819944598337954, 
            0.25927977839335181, 
            0.28698060941828257, 
            0.31135734072022159, 
            0.33739612188365647, 
            0.36066481994459831, 
            0.38836565096952907, 
            0.41717451523545701, 
            0.44764542936288088, 
            0.47922437673130192, 
            0.51080332409972296, 
            0.53628808864265931, 
            0.5650969529085873, 
            0.59224376731301942, 
            0.62382271468144046, 
            0.64875346260387823, 
            0.67146814404432131, 
            0.69307479224376733, 
            0.71301939058171748, 
            0.73296398891966752, 
            0.75346260387811637, 
            0.7628808864265928, 
            0.77063711911357347, 
            0.77894736842105261, 
            0.78337950138504164, 
            0.78504155124653729, 
            0.78227146814404425, 
            0.77894736842105261, 
            0.77285318559556782, 
            0.77174515235457064, 
            0.76786703601108031, 
            0.76565096952908596, 
            0.7628808864265928, 
            0.76121883656509692, 
            0.75789473684210518, 
            0.75457063711911354, 
            0.75290858725761767, 
            0.75235457063711908, 
            0.75180055401662049, 
            0.75180055401662049
        ]
    }, 
    "optimalThreshold": 0.5, 
    "tiMetrics": {
        "liftstd": 0.12076994512866882, 
        "auc": 0.76047552080578706, 
        "logLossstd": 0.048366147385986664, 
        "aucstd": 0.04995444379108703, 
        "logLoss": 0.52362683066731797, 
        "lift": 1.7162521082421012
    }
}