{
  "state": "DONE",
  "preSearchDescription": {
    "gridLength": 6,
    "importantParams": [
      {
        "name": "trees",
        "vals": [
          "100"
        ]
      },
      {
        "name": "depth",
        "vals": [
          "5",
          "10",
          "15"
        ]
      },
      {
        "name": "min_samples",
        "vals": [
          "10",
          "100"
        ]
      }
    ]
  },
  "postSearchDescription": {
    "importantParams": [
      {
        "name": "trees",
        "val": "100"
      },
      {
        "name": "depth",
        "val": "15"
      },
      {
        "name": "min_samples",
        "val": "10"
      }
    ]
  },
  "modelId": "m1",
  "progress": {
    "top_level_todo": [],
    "stack": [],
    "top_level_done": [
      {
        "name": "Loading source dataset",
        "time": 14
      },
      {
        "name": "Collecting statistics",
        "time": 24
      },
      {
        "name": "Preprocessing input",
        "time": 26051
      },
      {
        "name": "Fitting global model",
        "time": 14466
      },
      {
        "name": "Saving model",
        "time": 271
      },
      {
        "name": "Computing global stats",
        "time": 869
      },
      {
        "name": "Fitting folds",
        "time": 201180
      }
    ]
  },
  "startTime": 1519406187978,
  "endTime": 1519406430967,
  "preprocessingTime": 26092,
  "trainingTime": 216897
}