{
    "pw_linear": {
        "shifts": {
            "pw_linear:R707_Quantity_sum+Initial_km": -5.5737501410239575e-15, 
            "pw_linear:R396_Quantity_sum+R417_Quantity_sum": -1.0930007283982843e-16, 
            "pw_linear:R783_Quantity_sum+R446_Quantity_sum": -1.410998126587318e-16, 
            "pw_linear:R783_Quantity_sum+nb_km": -1.4769656719563198e-15, 
            "pw_linear:R193_Quantity_sum-R064_Quantity_sum": 3.389101864645215e-17, 
            "pw_linear:R707_Quantity_sum+R446_Quantity_sum": -7.165705394395055e-18, 
            "pw_linear:R565_Quantity_sum+R119_Quantity_sum": -1.4109212413363053e-16, 
            "pw_linear:R193_Quantity_sum+R119_Quantity_sum": -4.674623261579606e-18, 
            "pw_linear:R707_Quantity_sum+nb_km": -1.4733366881085145e-15, 
            "pw_linear:R707_Quantity_sum+R606_Quantity_sum": -5.867882357298611e-17, 
            "pw_linear:R193_Quantity_sum+R606_Quantity_sum": -1.246463689419878e-16, 
            "pw_linear:R783_Quantity_sum-R193_Quantity_sum": -4.443967508541139e-18, 
            "pw_linear:Quantity_sum+R064_Quantity_sum": -3.619757617683682e-17, 
            "pw_linear:R575_Quantity_sum+R417_Quantity_sum": 3.6283687657971183e-16, 
            "pw_linear:R364_Quantity_sum+R193_Quantity_sum": -2.847829697514944e-17, 
            "pw_linear:R064_Quantity_sum+R417_Quantity_sum": 2.856440845628381e-16, 
            "pw_linear:R064_Quantity_sum-R119_Quantity_sum": 9.616422770428772e-16, 
            "pw_linear:R707_Quantity_sum+R575_Quantity_sum": -3.971892067322409e-17, 
            "pw_linear:R044_Quantity_sum+R606_Quantity_sum": -1.0863270886103714e-15, 
            "pw_linear:Quantity_sum+R119_Quantity_sum": -4.059541253477027e-17, 
            "pw_linear:R707_Quantity_sum+R193_Quantity_sum": 1.433141078879011e-17, 
            "pw_linear:R783_Quantity_sum+R396_Quantity_sum": 3.3577326822319833e-16, 
            "pw_linear:Initial_km+R119_Quantity_sum": -5.547424631077167e-15, 
            "pw_linear:R044_Quantity_sum-Time_begin_exploitation": 5.609547913895528e-17, 
            "pw_linear:R565_Quantity_sum+Quantity_sum": -2.8455231399845596e-17, 
            "pw_linear:R707_Quantity_sum+R783_Quantity_sum": 9.287738322348955e-18, 
            "pw_linear:R575_Quantity_sum+R606_Quantity_sum": 1.6115148612287592e-17, 
            "pw_linear:R044_Quantity_sum+R119_Quantity_sum": 3.6594304072062984e-16, 
            "pw_linear:R364_Quantity_sum-R193_Quantity_sum": -1.7222296226872235e-18, 
            "pw_linear:R565_Quantity_sum-R783_Quantity_sum": 1.1674256513786965e-16, 
            "pw_linear:R119_Quantity_sum+R606_Quantity_sum": 3.606840895513528e-16, 
            "pw_linear:R193_Quantity_sum-R575_Quantity_sum": -1.2663000841811862e-17, 
            "pw_linear:R783_Quantity_sum+R575_Quantity_sum": -4.154263882724824e-16, 
            "pw_linear:R783_Quantity_sum-R119_Quantity_sum": -3.473983181763371e-16, 
            "pw_linear:Time_begin_exploitation+R119_Quantity_sum": -2.9769969192164864e-17, 
            "pw_linear:R783_Quantity_sum-R064_Quantity_sum": -1.0760859731754634e-16, 
            "pw_linear:R396_Quantity_sum+R606_Quantity_sum": 3.7253979525753002e-16, 
            "pw_linear:R565_Quantity_sum+R783_Quantity_sum": 1.3793214031700352e-17, 
            "pw_linear:R044_Quantity_sum-nb_km": 1.3906466006442239e-15, 
            "pw_linear:R364_Quantity_sum+R119_Quantity_sum": -2.0666755472246682e-17, 
            "pw_linear:R565_Quantity_sum+R193_Quantity_sum": 1.62842961645158e-17, 
            "pw_linear:R565_Quantity_sum-R417_Quantity_sum": -3.954977312099588e-17, 
            "pw_linear:R364_Quantity_sum-R396_Quantity_sum": -1.2772177898250069e-16, 
            "pw_linear:R064_Quantity_sum+R606_Quantity_sum": 5.720262675353992e-18, 
            "pw_linear:R044_Quantity_sum+R417_Quantity_sum": -9.121666180161258e-17, 
            "pw_linear:R446_Quantity_sum+Time_begin_exploitation": -5.953993838432973e-17, 
            "pw_linear:Time_begin_exploitation-Initial_km": 5.521468170335238e-15, 
            "pw_linear:Initial_km-R606_Quantity_sum": -5.561079451657044e-15, 
            "pw_linear:R783_Quantity_sum+R417_Quantity_sum": -3.3583477642400857e-16, 
            "pw_linear:R606_Quantity_sum+R417_Quantity_sum": 3.168902505744491e-16, 
            "pw_linear:R044_Quantity_sum+R446_Quantity_sum": -6.605980767021707e-17, 
            "pw_linear:R446_Quantity_sum-R119_Quantity_sum": -2.903187078244177e-17, 
            "pw_linear:R044_Quantity_sum-R417_Quantity_sum": -4.377846192670112e-17, 
            "pw_linear:R565_Quantity_sum+R446_Quantity_sum": 5.0498232865221804e-17, 
            "pw_linear:Quantity_sum-R575_Quantity_sum": -1.1701935204151581e-17, 
            "pw_linear:R364_Quantity_sum+R446_Quantity_sum": -1.6299673214718364e-16, 
            "pw_linear:Initial_km+R417_Quantity_sum": -5.549577418105526e-15, 
            "pw_linear:R565_Quantity_sum-Initial_km": 5.633413095809908e-15, 
            "pw_linear:R783_Quantity_sum-R396_Quantity_sum": -2.615021157448118e-16, 
            "pw_linear:R364_Quantity_sum-R565_Quantity_sum": -1.0234964614826928e-16, 
            "pw_linear:R707_Quantity_sum-Quantity_sum": 4.3255642219813926e-17, 
            "pw_linear:R193_Quantity_sum-Time_begin_exploitation": 4.354780617366265e-17, 
            "pw_linear:Quantity_sum-R606_Quantity_sum": -7.141102114070952e-17, 
            "pw_linear:Initial_km-R119_Quantity_sum": -5.51236495661532e-15, 
            "pw_linear:R446_Quantity_sum-R396_Quantity_sum": 1.4918814106528073e-16, 
            "pw_linear:R044_Quantity_sum+R575_Quantity_sum": 2.367758190190881e-16, 
            "pw_linear:R044_Quantity_sum+R064_Quantity_sum": -3.3534271081752653e-16, 
            "pw_linear:nb_km+Time_begin_exploitation": -1.5407189220961522e-15, 
            "pw_linear:R565_Quantity_sum+R606_Quantity_sum": 1.9245147181019595e-16, 
            "pw_linear:R364_Quantity_sum+R044_Quantity_sum": 3.4014035048072664e-17, 
            "pw_linear:R783_Quantity_sum-Time_begin_exploitation": 2.2481247396149292e-17, 
            "pw_linear:R193_Quantity_sum-R417_Quantity_sum": 7.211836545002748e-17, 
            "pw_linear:R064_Quantity_sum-R417_Quantity_sum": -2.136487355144311e-16, 
            "pw_linear:R364_Quantity_sum-R417_Quantity_sum": 8.080639881447642e-17, 
            "pw_linear:R707_Quantity_sum+Quantity_sum": -1.765285363254404e-17, 
            "pw_linear:R044_Quantity_sum-R119_Quantity_sum": 2.1500960445735805e-16, 
            "pw_linear:R575_Quantity_sum+R064_Quantity_sum": 8.612532047954348e-16, 
            "pw_linear:R064_Quantity_sum-R396_Quantity_sum": 5.60320488068697e-16, 
            "pw_linear:R575_Quantity_sum-R064_Quantity_sum": -2.700210015570325e-16, 
            "pw_linear:nb_km+R396_Quantity_sum": -1.4731982946566914e-15, 
            "pw_linear:R044_Quantity_sum-R396_Quantity_sum": 1.6035187951234255e-16, 
            "pw_linear:R364_Quantity_sum-R606_Quantity_sum": -2.3579168780612396e-16, 
            "pw_linear:R707_Quantity_sum-R606_Quantity_sum": 1.8898394698951763e-17, 
            "pw_linear:R044_Quantity_sum+R396_Quantity_sum": 4.137349127502003e-16, 
            "pw_linear:nb_km+R417_Quantity_sum": -1.4685390484453145e-15, 
            "pw_linear:Initial_km-R064_Quantity_sum": -5.586420830390871e-15, 
            "pw_linear:R364_Quantity_sum-R064_Quantity_sum": 1.7203843766629157e-16, 
            "pw_linear:Quantity_sum-R119_Quantity_sum": -1.956729638276332e-17, 
            "pw_linear:Initial_km+R396_Quantity_sum": -5.566615189729968e-15, 
            "pw_linear:R783_Quantity_sum+R119_Quantity_sum": 2.42957393200519e-16, 
            "pw_linear:nb_km-R575_Quantity_sum": -1.4367739069893667e-15, 
            "pw_linear:R707_Quantity_sum-R575_Quantity_sum": -2.4449509822077548e-17, 
            "pw_linear:R707_Quantity_sum-R565_Quantity_sum": -1.9436591456041522e-17, 
            "pw_linear:R446_Quantity_sum+nb_km": -1.579776629610666e-15, 
            "pw_linear:R193_Quantity_sum+R064_Quantity_sum": -1.2194000810633645e-16, 
            "pw_linear:R707_Quantity_sum-Initial_km": 5.629476570958051e-15, 
            "pw_linear:R044_Quantity_sum+nb_km": -1.5249420685883209e-15, 
            "pw_linear:R575_Quantity_sum-R417_Quantity_sum": 1.702546998427941e-16, 
            "pw_linear:R575_Quantity_sum-R119_Quantity_sum": 7.867206424636047e-16, 
            "pw_linear:Quantity_sum-Time_begin_exploitation": 2.072826367305694e-17, 
            "pw_linear:Quantity_sum+R606_Quantity_sum": -2.2588886747567244e-17, 
            "pw_linear:R565_Quantity_sum+R575_Quantity_sum": 2.421808521652895e-16, 
            "pw_linear:R064_Quantity_sum+R396_Quantity_sum": -4.185633065138056e-16, 
            "pw_linear:R193_Quantity_sum+R417_Quantity_sum": 2.2942558902226225e-17, 
            "pw_linear:R707_Quantity_sum-R064_Quantity_sum": 2.8263018272313544e-17, 
            "pw_linear:R565_Quantity_sum-R446_Quantity_sum": -3.8319609104790724e-17, 
            "pw_linear:R064_Quantity_sum+R119_Quantity_sum": -6.013964334222974e-17, 
            "pw_linear:R364_Quantity_sum-R119_Quantity_sum": -9.323105537814853e-17, 
            "pw_linear:Time_begin_exploitation-R575_Quantity_sum": -3.475213345779576e-17, 
            "pw_linear:R064_Quantity_sum-R606_Quantity_sum": 3.235638903623621e-16, 
            "pw_linear:Initial_km+R575_Quantity_sum": -5.5248511213798026e-15, 
            "pw_linear:R364_Quantity_sum-Initial_km": 5.5870359123989735e-15, 
            "pw_linear:nb_km-R606_Quantity_sum": -1.4718066716133593e-15, 
            "pw_linear:R783_Quantity_sum-R417_Quantity_sum": 2.1172660423911054e-16, 
            "pw_linear:Quantity_sum-R783_Quantity_sum": -1.953654228235819e-17, 
            "pw_linear:R364_Quantity_sum-Quantity_sum": 1.8760001247128684e-17, 
            "pw_linear:R707_Quantity_sum-R783_Quantity_sum": 3.346046124078034e-17, 
            "pw_linear:Quantity_sum-R417_Quantity_sum": -3.138455946343413e-17, 
            "pw_linear:Time_begin_exploitation-R396_Quantity_sum": -5.320459370087315e-17, 
            "pw_linear:R119_Quantity_sum-R606_Quantity_sum": -4.2609806111306214e-16, 
            "pw_linear:R707_Quantity_sum+R565_Quantity_sum": 3.9803494449338197e-17, 
            "pw_linear:R364_Quantity_sum-Time_begin_exploitation": 8.395869410600214e-18, 
            "pw_linear:R119_Quantity_sum-R396_Quantity_sum": 9.618344901704092e-18, 
            "pw_linear:R565_Quantity_sum+R396_Quantity_sum": -1.2686835269625837e-16, 
            "pw_linear:R364_Quantity_sum-R575_Quantity_sum": -9.10321371991818e-18, 
            "pw_linear:R364_Quantity_sum+Quantity_sum": -2.7494165762185318e-17, 
            "pw_linear:Quantity_sum-R193_Quantity_sum": -2.1673952260514657e-17, 
            "pw_linear:Time_begin_exploitation-R064_Quantity_sum": -2.2881050701415967e-17, 
            "pw_linear:R707_Quantity_sum+R064_Quantity_sum": -2.363452616134163e-17, 
            "pw_linear:R193_Quantity_sum-R606_Quantity_sum": -4.4255150482980614e-17, 
            "pw_linear:Quantity_sum+Time_begin_exploitation": -5.1974429684667996e-17, 
            "pw_linear:nb_km-Time_begin_exploitation": -1.4294813409308005e-15, 
            "pw_linear:R783_Quantity_sum+R064_Quantity_sum": 2.1337194861078493e-16, 
            "pw_linear:R565_Quantity_sum-Time_begin_exploitation": 3.0016001995405896e-17, 
            "pw_linear:R707_Quantity_sum-Time_begin_exploitation": 3.739698609263685e-17, 
            "pw_linear:nb_km+R575_Quantity_sum": -1.489067410465738e-15, 
            "pw_linear:R565_Quantity_sum-R193_Quantity_sum": -2.2142952291692874e-17, 
            "pw_linear:R707_Quantity_sum-R119_Quantity_sum": -1.321734350161431e-16, 
            "pw_linear:R364_Quantity_sum-R044_Quantity_sum": -1.0730105631349505e-16, 
            "pw_linear:R364_Quantity_sum+R565_Quantity_sum": 1.569996825681835e-17, 
            "pw_linear:R446_Quantity_sum-Time_begin_exploitation": -3.625908437764708e-17, 
            "pw_linear:R044_Quantity_sum-R606_Quantity_sum": -1.8864565188506122e-16, 
            "pw_linear:R446_Quantity_sum+R606_Quantity_sum": -1.6951660143307099e-16, 
            "pw_linear:R364_Quantity_sum+R783_Quantity_sum": -9.349246523159213e-18, 
            "pw_linear:R044_Quantity_sum-R064_Quantity_sum": -1.458205670709191e-16, 
            "pw_linear:R783_Quantity_sum+R606_Quantity_sum": 4.0029537087315894e-16, 
            "pw_linear:R575_Quantity_sum+R396_Quantity_sum": 5.864806947258099e-17, 
            "pw_linear:R575_Quantity_sum-R396_Quantity_sum": 3.767377299628301e-16, 
            "pw_linear:R783_Quantity_sum-nb_km": 1.4897593777248534e-15, 
            "pw_linear:R193_Quantity_sum+R396_Quantity_sum": 2.0174689865764618e-17, 
            "pw_linear:R565_Quantity_sum-R064_Quantity_sum": 4.3086494667585715e-17, 
            "pw_linear:R783_Quantity_sum-Initial_km": 5.54803971308527e-15, 
            "pw_linear:R707_Quantity_sum-R193_Quantity_sum": 4.268669136231904e-17, 
            "pw_linear:R446_Quantity_sum+R064_Quantity_sum": -3.293764153389315e-17, 
            "pw_linear:R119_Quantity_sum+R396_Quantity_sum": -5.859424979687201e-16, 
            "pw_linear:Quantity_sum+R783_Quantity_sum": -3.143069061404183e-17, 
            "pw_linear:nb_km-R119_Quantity_sum": -1.4957256732034485e-15, 
            "pw_linear:R364_Quantity_sum-R446_Quantity_sum": 7.659308705897375e-17, 
            "pw_linear:R193_Quantity_sum-R396_Quantity_sum": 1.8483214343482524e-17, 
            "pw_linear:R044_Quantity_sum+Time_begin_exploitation": 5.904787277784766e-18, 
            "pw_linear:R446_Quantity_sum-nb_km": 1.4749359013295813e-15, 
            "pw_linear:R044_Quantity_sum-R446_Quantity_sum": 2.7097437866959155e-16, 
            "pw_linear:Time_begin_exploitation-R119_Quantity_sum": -4.244065855907801e-17, 
            "pw_linear:R565_Quantity_sum+R044_Quantity_sum": 1.4312189476036903e-16, 
            "pw_linear:R044_Quantity_sum-Initial_km": 5.558250074419773e-15, 
            "pw_linear:nb_km+R606_Quantity_sum": -1.4827166887320788e-15, 
            "pw_linear:R783_Quantity_sum+Initial_km": -5.607579651469599e-15, 
            "pw_linear:R193_Quantity_sum+R575_Quantity_sum": -4.12720027436831e-17, 
            "pw_linear:R565_Quantity_sum-R044_Quantity_sum": -5.232810183932698e-17, 
            "pw_linear:R044_Quantity_sum+R193_Quantity_sum": 6.765902089128378e-19, 
            "pw_linear:R044_Quantity_sum-Quantity_sum": 3.0846362706344375e-17, 
            "pw_linear:Quantity_sum+R396_Quantity_sum": -5.889410227582201e-18, 
            "pw_linear:R193_Quantity_sum+Initial_km": -5.6292920463556204e-15, 
            "pw_linear:R707_Quantity_sum+R396_Quantity_sum": -2.4910821328154482e-18, 
            "pw_linear:Quantity_sum+R575_Quantity_sum": 3.715095328939582e-17, 
            "pw_linear:R707_Quantity_sum+R417_Quantity_sum": 1.153278765192337e-17, 
            "pw_linear:R565_Quantity_sum+nb_km": -1.4879602628511533e-15, 
            "pw_linear:Quantity_sum-Initial_km": 5.570551714581824e-15, 
            "pw_linear:R707_Quantity_sum-R396_Quantity_sum": -2.4247686038168888e-17, 
            "pw_linear:R396_Quantity_sum-R606_Quantity_sum": -6.93566472336469e-16, 
            "pw_linear:R565_Quantity_sum-R119_Quantity_sum": 5.935541378189895e-17, 
            "pw_linear:Quantity_sum-nb_km": 1.4606890643169053e-15, 
            "pw_linear:R446_Quantity_sum-Initial_km": 5.560341353247321e-15, 
            "pw_linear:Time_begin_exploitation+Initial_km": -5.601890142894651e-15, 
            "pw_linear:Initial_km+R606_Quantity_sum": -5.5426884996147775e-15, 
            "pw_linear:R783_Quantity_sum-R606_Quantity_sum": -1.9436591456041522e-17, 
            "pw_linear:R707_Quantity_sum-R364_Quantity_sum": -1.952885375725691e-17, 
            "pw_linear:R193_Quantity_sum-Initial_km": 5.558127058018152e-15, 
            "pw_linear:R565_Quantity_sum+Initial_km": -5.5244205639741304e-15, 
            "pw_linear:R364_Quantity_sum+R606_Quantity_sum": 1.534014528207834e-16, 
            "pw_linear:Quantity_sum+R417_Quantity_sum": 1.7222296226872235e-18, 
            "pw_linear:nb_km-R064_Quantity_sum": -1.4976708700540728e-15, 
            "pw_linear:Initial_km-R396_Quantity_sum": -5.558250074419773e-15, 
            "pw_linear:Time_begin_exploitation-R417_Quantity_sum": -5.3942692110596246e-17, 
            "pw_linear:R446_Quantity_sum+R575_Quantity_sum": 3.684341228534453e-17, 
            "pw_linear:R193_Quantity_sum-nb_km": 1.464986949848522e-15, 
            "pw_linear:Time_begin_exploitation+R575_Quantity_sum": -4.693075721822684e-17, 
            "pw_linear:R364_Quantity_sum+R575_Quantity_sum": -1.2483089354441857e-16, 
            "pw_linear:Quantity_sum+R446_Quantity_sum": -5.3143085500062895e-17, 
            "pw_linear:R446_Quantity_sum-R064_Quantity_sum": -2.282876873072725e-16, 
            "pw_linear:R044_Quantity_sum-R575_Quantity_sum": 3.4884376089537816e-16, 
            "pw_linear:R565_Quantity_sum-Quantity_sum": 5.501908562477576e-17, 
            "pw_linear:R565_Quantity_sum-R575_Quantity_sum": -1.0960761384387972e-16, 
            "pw_linear:R565_Quantity_sum+R064_Quantity_sum": -8.344356292421623e-17, 
            "pw_linear:R707_Quantity_sum+R364_Quantity_sum": -5.935541378189895e-18, 
            "pw_linear:nb_km+Initial_km": -7.096816209487566e-15, 
            "pw_linear:nb_km-R417_Quantity_sum": -1.486176525027656e-15, 
            "pw_linear:R565_Quantity_sum-nb_km": 1.5312159050709673e-15, 
            "pw_linear:R565_Quantity_sum-R606_Quantity_sum": 2.3875945849521894e-16, 
            "pw_linear:R364_Quantity_sum+nb_km": -1.5250343308895364e-15, 
            "pw_linear:Quantity_sum-R396_Quantity_sum": -5.188216738345261e-17, 
            "pw_linear:Time_begin_exploitation+R417_Quantity_sum": -1.6545706017959395e-17, 
            "pw_linear:R119_Quantity_sum-R417_Quantity_sum": -6.315969600201341e-16, 
            "pw_linear:R193_Quantity_sum+nb_km": -1.5241117078773825e-15, 
            "pw_linear:nb_km-R396_Quantity_sum": -1.5070816247780423e-15, 
            "pw_linear:R364_Quantity_sum-nb_km": 1.497647804478769e-15, 
            "pw_linear:R364_Quantity_sum-R783_Quantity_sum": 3.1015510258572585e-17, 
            "pw_linear:Quantity_sum+Initial_km": -5.604627257830707e-15, 
            "pw_linear:R446_Quantity_sum-R575_Quantity_sum": 1.42576009478178e-16, 
            "pw_linear:R783_Quantity_sum-R575_Quantity_sum": -1.7400670009221983e-16, 
            "pw_linear:R044_Quantity_sum+Quantity_sum": 8.68803336444894e-18, 
            "pw_linear:R119_Quantity_sum+R417_Quantity_sum": -6.077010240053489e-17, 
            "pw_linear:Quantity_sum-R446_Quantity_sum": -3.684341228534453e-17, 
            "pw_linear:R783_Quantity_sum+Time_begin_exploitation": -3.715095328939582e-17, 
            "pw_linear:R565_Quantity_sum-R396_Quantity_sum": -5.784846286204763e-17, 
            "pw_linear:R707_Quantity_sum-R446_Quantity_sum": 5.701810215110915e-17, 
            "pw_linear:nb_km-Initial_km": 4.107640666510649e-15, 
            "pw_linear:Initial_km-R575_Quantity_sum": -5.632059915392082e-15, 
            "pw_linear:R707_Quantity_sum+R119_Quantity_sum": 4.005721577768051e-18, 
            "pw_linear:Time_begin_exploitation+R396_Quantity_sum": -6.575226666616578e-17, 
            "pw_linear:nb_km+R064_Quantity_sum": -1.5333379379989212e-15, 
            "pw_linear:R364_Quantity_sum+R396_Quantity_sum": -3.505967446184705e-18, 
            "pw_linear:R364_Quantity_sum+R417_Quantity_sum": -7.842295603307893e-18, 
            "pw_linear:R783_Quantity_sum-R446_Quantity_sum": 3.358962846248188e-16, 
            "pw_linear:R707_Quantity_sum+R044_Quantity_sum": -2.4880067227749354e-17, 
            "pw_linear:R446_Quantity_sum+R396_Quantity_sum": 6.283062712767852e-17, 
            "pw_linear:Quantity_sum+nb_km": -1.501814985083664e-15, 
            "pw_linear:R193_Quantity_sum+R446_Quantity_sum": -8.069875946305847e-17, 
            "pw_linear:R446_Quantity_sum-R606_Quantity_sum": -7.232134251270134e-16, 
            "pw_linear:R783_Quantity_sum+R193_Quantity_sum": -3.253783822862647e-17, 
            "pw_linear:R575_Quantity_sum-R606_Quantity_sum": -4.124432405331849e-16, 
            "pw_linear:R044_Quantity_sum+R783_Quantity_sum": 4.0533904333960006e-17, 
            "pw_linear:R575_Quantity_sum+R119_Quantity_sum": 8.032971025819692e-17, 
            "pw_linear:R193_Quantity_sum-R119_Quantity_sum": -7.613177555289681e-17, 
            "pw_linear:R364_Quantity_sum+Initial_km": -5.6300301447653435e-15, 
            "pw_linear:R565_Quantity_sum+Time_begin_exploitation": -3.318367433713418e-17, 
            "pw_linear:R446_Quantity_sum+Initial_km": -5.5762719772571786e-15, 
            "pw_linear:R446_Quantity_sum+R119_Quantity_sum": 9.386151443645368e-17, 
            "pw_linear:Time_begin_exploitation-R606_Quantity_sum": 2.890885438082125e-18, 
            "pw_linear:R446_Quantity_sum+R417_Quantity_sum": -1.9621116058472296e-17, 
            "pw_linear:R044_Quantity_sum+Initial_km": -5.5828533547438756e-15, 
            "pw_linear:Quantity_sum+R193_Quantity_sum": -2.678682145286735e-17, 
            "pw_linear:R707_Quantity_sum+Time_begin_exploitation": -6.341495503537597e-17, 
            "pw_linear:R364_Quantity_sum+Time_begin_exploitation": -3.493665806022653e-17, 
            "pw_linear:R707_Quantity_sum-nb_km": 1.493426804198165e-15, 
            "pw_linear:R707_Quantity_sum-R417_Quantity_sum": 5.6280003741386055e-18, 
            "pw_linear:R193_Quantity_sum-R446_Quantity_sum": -1.3608689429269578e-17, 
            "pw_linear:R044_Quantity_sum-R783_Quantity_sum": -8.37587924533688e-17, 
            "pw_linear:R707_Quantity_sum-R044_Quantity_sum": -1.0687049890782324e-17, 
            "pw_linear:R364_Quantity_sum+R064_Quantity_sum": 2.5187608231800644e-17, 
            "pw_linear:R446_Quantity_sum-R417_Quantity_sum": 1.3431853351940087e-16, 
            "pw_linear:Initial_km+R064_Quantity_sum": -5.5405357125864184e-15, 
            "pw_linear:R044_Quantity_sum-R193_Quantity_sum": 5.355057733043085e-17, 
            "pw_linear:Initial_km-R417_Quantity_sum": -5.575103321441783e-15, 
            "pw_linear:R193_Quantity_sum+Time_begin_exploitation": -4.490098659148833e-17, 
            "pw_linear:Time_begin_exploitation+R064_Quantity_sum": -9.09091207975613e-17, 
            "pw_linear:R396_Quantity_sum-R417_Quantity_sum": -5.225736740839518e-16, 
            "pw_linear:Quantity_sum-R064_Quantity_sum": -2.969308394115204e-17, 
            "pw_linear:nb_km+R119_Quantity_sum": -1.4591898019221552e-15, 
            "pw_linear:R565_Quantity_sum+R417_Quantity_sum": 1.2337007377517495e-16, 
            "pw_linear:Time_begin_exploitation+R606_Quantity_sum": -3.9303740317754846e-17, 
            "pw_linear:R606_Quantity_sum-R417_Quantity_sum": 1.5558499394954756e-16
        }, 
        "inv_scales": {
            "pw_linear:R707_Quantity_sum+Initial_km": 0.653032357135077, 
            "pw_linear:R396_Quantity_sum+R417_Quantity_sum": 0.7005028007426405, 
            "pw_linear:R783_Quantity_sum+R446_Quantity_sum": 0.7204136470842398, 
            "pw_linear:R783_Quantity_sum+nb_km": 0.6980997900949589, 
            "pw_linear:R193_Quantity_sum-R064_Quantity_sum": 0.7749852142405517, 
            "pw_linear:R707_Quantity_sum+R446_Quantity_sum": 0.6994350989335445, 
            "pw_linear:R565_Quantity_sum+R119_Quantity_sum": 0.6989181345230927, 
            "pw_linear:R193_Quantity_sum+R119_Quantity_sum": 0.7050461098806323, 
            "pw_linear:R707_Quantity_sum+nb_km": 0.6914425545424431, 
            "pw_linear:R707_Quantity_sum+R606_Quantity_sum": 0.7068852743624247, 
            "pw_linear:R193_Quantity_sum+R606_Quantity_sum": 0.6999463922550556, 
            "pw_linear:R783_Quantity_sum-R193_Quantity_sum": 0.7310085017024954, 
            "pw_linear:Quantity_sum+R064_Quantity_sum": 0.6759357387748648, 
            "pw_linear:R575_Quantity_sum+R417_Quantity_sum": 0.7068859398874061, 
            "pw_linear:R364_Quantity_sum+R193_Quantity_sum": 0.6982336982488649, 
            "pw_linear:R064_Quantity_sum+R417_Quantity_sum": 0.6970864900517642, 
            "pw_linear:R064_Quantity_sum-R119_Quantity_sum": 0.7072751711387014, 
            "pw_linear:R707_Quantity_sum+R575_Quantity_sum": 0.707669211764066, 
            "pw_linear:R044_Quantity_sum+R606_Quantity_sum": 0.706646508573369, 
            "pw_linear:Quantity_sum+R119_Quantity_sum": 0.663308063151099, 
            "pw_linear:R707_Quantity_sum+R193_Quantity_sum": 0.6620358397374986, 
            "pw_linear:R783_Quantity_sum+R396_Quantity_sum": 0.7082750657524185, 
            "pw_linear:Initial_km+R119_Quantity_sum": 0.691789215437112, 
            "pw_linear:R044_Quantity_sum-Time_begin_exploitation": 0.6902320388630342, 
            "pw_linear:R565_Quantity_sum+Quantity_sum": 0.5486310063003624, 
            "pw_linear:R707_Quantity_sum+R783_Quantity_sum": 0.6640808532214812, 
            "pw_linear:R575_Quantity_sum+R606_Quantity_sum": 0.7020984440899458, 
            "pw_linear:R044_Quantity_sum+R119_Quantity_sum": 0.7093967694283307, 
            "pw_linear:R364_Quantity_sum-R193_Quantity_sum": 0.7163269704020786, 
            "pw_linear:R565_Quantity_sum-R783_Quantity_sum": 0.7037799271871725, 
            "pw_linear:R119_Quantity_sum+R606_Quantity_sum": 0.7088630864735354, 
            "pw_linear:R193_Quantity_sum-R575_Quantity_sum": 0.7028738009188112, 
            "pw_linear:R783_Quantity_sum+R575_Quantity_sum": 0.7090913939238069, 
            "pw_linear:R783_Quantity_sum-R119_Quantity_sum": 0.7066313807174264, 
            "pw_linear:Time_begin_exploitation+R119_Quantity_sum": 0.7182301246601829, 
            "pw_linear:R783_Quantity_sum-R064_Quantity_sum": 0.7057571071623838, 
            "pw_linear:R396_Quantity_sum+R606_Quantity_sum": 0.7076814016086551, 
            "pw_linear:R565_Quantity_sum+R783_Quantity_sum": 0.710481265009209, 
            "pw_linear:R044_Quantity_sum-nb_km": 0.7085147654291281, 
            "pw_linear:R364_Quantity_sum+R119_Quantity_sum": 0.7113914737707823, 
            "pw_linear:R565_Quantity_sum+R193_Quantity_sum": 0.6793868357892413, 
            "pw_linear:R565_Quantity_sum-R417_Quantity_sum": 0.7087054953551778, 
            "pw_linear:R364_Quantity_sum-R396_Quantity_sum": 0.7044589290118715, 
            "pw_linear:R064_Quantity_sum+R606_Quantity_sum": 0.7077364795844012, 
            "pw_linear:R044_Quantity_sum+R417_Quantity_sum": 0.7087385979056573, 
            "pw_linear:R446_Quantity_sum+Time_begin_exploitation": 0.7541691630618582, 
            "pw_linear:Time_begin_exploitation-Initial_km": 0.570061545264756, 
            "pw_linear:Initial_km-R606_Quantity_sum": 0.7257590750152749, 
            "pw_linear:R783_Quantity_sum+R417_Quantity_sum": 0.7019522862137467, 
            "pw_linear:R606_Quantity_sum+R417_Quantity_sum": 0.7057677584560409, 
            "pw_linear:R044_Quantity_sum+R446_Quantity_sum": 0.705046148359231, 
            "pw_linear:R446_Quantity_sum-R119_Quantity_sum": 0.7042738557614515, 
            "pw_linear:R044_Quantity_sum-R417_Quantity_sum": 0.7054861842137584, 
            "pw_linear:R565_Quantity_sum+R446_Quantity_sum": 0.6607547317246012, 
            "pw_linear:Quantity_sum-R575_Quantity_sum": 0.7086662470814798, 
            "pw_linear:R364_Quantity_sum+R446_Quantity_sum": 0.6960478433470058, 
            "pw_linear:Initial_km+R417_Quantity_sum": 0.6760074981114019, 
            "pw_linear:R565_Quantity_sum-Initial_km": 0.8263635500339656, 
            "pw_linear:R783_Quantity_sum-R396_Quantity_sum": 0.7059442587953179, 
            "pw_linear:R364_Quantity_sum-R565_Quantity_sum": 0.7135070768249776, 
            "pw_linear:R707_Quantity_sum-Quantity_sum": 1.2332012935002694, 
            "pw_linear:R193_Quantity_sum-Time_begin_exploitation": 0.6528750062046228, 
            "pw_linear:Quantity_sum-R606_Quantity_sum": 0.7202197898200207, 
            "pw_linear:Initial_km-R119_Quantity_sum": 0.7234890706006599, 
            "pw_linear:R446_Quantity_sum-R396_Quantity_sum": 0.7143650876355304, 
            "pw_linear:R044_Quantity_sum+R575_Quantity_sum": 0.7105563997320088, 
            "pw_linear:R044_Quantity_sum+R064_Quantity_sum": 0.7082194056539084, 
            "pw_linear:nb_km+Time_begin_exploitation": 0.7299048269721342, 
            "pw_linear:R565_Quantity_sum+R606_Quantity_sum": 0.6998957888403547, 
            "pw_linear:R364_Quantity_sum+R044_Quantity_sum": 0.680937566025267, 
            "pw_linear:R783_Quantity_sum-Time_begin_exploitation": 0.6731436524752685, 
            "pw_linear:R193_Quantity_sum-R417_Quantity_sum": 0.7560242761745245, 
            "pw_linear:R064_Quantity_sum-R417_Quantity_sum": 0.7175719900057527, 
            "pw_linear:R364_Quantity_sum-R417_Quantity_sum": 0.7197099115482746, 
            "pw_linear:R707_Quantity_sum+Quantity_sum": 0.5469754855125792, 
            "pw_linear:R044_Quantity_sum-R119_Quantity_sum": 0.7048388275075471, 
            "pw_linear:R575_Quantity_sum+R064_Quantity_sum": 0.7079769331406575, 
            "pw_linear:R064_Quantity_sum-R396_Quantity_sum": 0.7068921358140617, 
            "pw_linear:R575_Quantity_sum-R064_Quantity_sum": 0.7062398297942081, 
            "pw_linear:nb_km+R396_Quantity_sum": 0.7063148208578399, 
            "pw_linear:R044_Quantity_sum-R396_Quantity_sum": 0.7060959197973807, 
            "pw_linear:R364_Quantity_sum-R606_Quantity_sum": 0.7031437422199569, 
            "pw_linear:R707_Quantity_sum-R606_Quantity_sum": 0.7073284963727984, 
            "pw_linear:R044_Quantity_sum+R396_Quantity_sum": 0.7081219965533516, 
            "pw_linear:nb_km+R417_Quantity_sum": 0.699266063989355, 
            "pw_linear:Initial_km-R064_Quantity_sum": 0.7253812033846687, 
            "pw_linear:R364_Quantity_sum-R064_Quantity_sum": 0.7042362706652278, 
            "pw_linear:Quantity_sum-R119_Quantity_sum": 0.760911412248912, 
            "pw_linear:Initial_km+R396_Quantity_sum": 0.707891509190918, 
            "pw_linear:R783_Quantity_sum+R119_Quantity_sum": 0.7075831424542485, 
            "pw_linear:nb_km-R575_Quantity_sum": 0.7115736817564131, 
            "pw_linear:R707_Quantity_sum-R575_Quantity_sum": 0.7065456894810641, 
            "pw_linear:R707_Quantity_sum-R565_Quantity_sum": 0.7235654254382938, 
            "pw_linear:R446_Quantity_sum+nb_km": 0.7073076584516234, 
            "pw_linear:R193_Quantity_sum+R064_Quantity_sum": 0.6544194153992902, 
            "pw_linear:R707_Quantity_sum-Initial_km": 0.7773065435742503, 
            "pw_linear:R044_Quantity_sum+nb_km": 0.7057071577000581, 
            "pw_linear:R575_Quantity_sum-R417_Quantity_sum": 0.7073278295970654, 
            "pw_linear:R575_Quantity_sum-R119_Quantity_sum": 0.7059095425405233, 
            "pw_linear:Quantity_sum-Time_begin_exploitation": 0.5979698760059917, 
            "pw_linear:Quantity_sum+R606_Quantity_sum": 0.694684887039014, 
            "pw_linear:R565_Quantity_sum+R575_Quantity_sum": 0.7096412950412192, 
            "pw_linear:R064_Quantity_sum+R396_Quantity_sum": 0.7073216222068612, 
            "pw_linear:R193_Quantity_sum+R417_Quantity_sum": 0.6666012983090438, 
            "pw_linear:R707_Quantity_sum-R064_Quantity_sum": 0.7408181158864314, 
            "pw_linear:R565_Quantity_sum-R446_Quantity_sum": 0.7648181264555836, 
            "pw_linear:R064_Quantity_sum+R119_Quantity_sum": 0.7069385114493879, 
            "pw_linear:R364_Quantity_sum-R119_Quantity_sum": 0.702898587339793, 
            "pw_linear:Time_begin_exploitation-R575_Quantity_sum": 0.697642997101107, 
            "pw_linear:R064_Quantity_sum-R606_Quantity_sum": 0.7064787605987002, 
            "pw_linear:Initial_km+R575_Quantity_sum": 0.7261444544163312, 
            "pw_linear:R364_Quantity_sum-Initial_km": 0.7533594230658335, 
            "pw_linear:nb_km-R606_Quantity_sum": 0.7075713703052442, 
            "pw_linear:R783_Quantity_sum-R417_Quantity_sum": 0.7123765193685102, 
            "pw_linear:Quantity_sum-R783_Quantity_sum": 0.7527912137034342, 
            "pw_linear:R364_Quantity_sum-Quantity_sum": 0.7488256673138509, 
            "pw_linear:R707_Quantity_sum-R783_Quantity_sum": 0.7597495251501603, 
            "pw_linear:Quantity_sum-R417_Quantity_sum": 0.8385368501756372, 
            "pw_linear:Time_begin_exploitation-R396_Quantity_sum": 0.7024574702871161, 
            "pw_linear:R119_Quantity_sum-R606_Quantity_sum": 0.7053634660032593, 
            "pw_linear:R707_Quantity_sum+R565_Quantity_sum": 0.6917224840110663, 
            "pw_linear:R364_Quantity_sum-Time_begin_exploitation": 0.6594871913782065, 
            "pw_linear:R119_Quantity_sum-R396_Quantity_sum": 0.7065092177430794, 
            "pw_linear:R565_Quantity_sum+R396_Quantity_sum": 0.7112899853508627, 
            "pw_linear:R364_Quantity_sum-R575_Quantity_sum": 0.7128552743716424, 
            "pw_linear:R364_Quantity_sum+Quantity_sum": 0.6716642445971406, 
            "pw_linear:Quantity_sum-R193_Quantity_sum": 0.9037592683435253, 
            "pw_linear:Time_begin_exploitation-R064_Quantity_sum": 0.701321879392509, 
            "pw_linear:R707_Quantity_sum+R064_Quantity_sum": 0.6776149177321008, 
            "pw_linear:R193_Quantity_sum-R606_Quantity_sum": 0.7144915145728773, 
            "pw_linear:Quantity_sum+Time_begin_exploitation": 0.9116073512796747, 
            "pw_linear:nb_km-Time_begin_exploitation": 0.6863196640942538, 
            "pw_linear:R783_Quantity_sum+R064_Quantity_sum": 0.7084642282040782, 
            "pw_linear:R565_Quantity_sum-Time_begin_exploitation": 0.6479314120668808, 
            "pw_linear:R707_Quantity_sum-Time_begin_exploitation": 0.6135392720193784, 
            "pw_linear:nb_km+R575_Quantity_sum": 0.7027229609273883, 
            "pw_linear:R565_Quantity_sum-R193_Quantity_sum": 0.7385224625464717, 
            "pw_linear:R707_Quantity_sum-R119_Quantity_sum": 0.6985992021797999, 
            "pw_linear:R364_Quantity_sum-R044_Quantity_sum": 0.7365452913975603, 
            "pw_linear:R364_Quantity_sum+R565_Quantity_sum": 0.700875687869023, 
            "pw_linear:R446_Quantity_sum-Time_begin_exploitation": 0.6678813040510685, 
            "pw_linear:R044_Quantity_sum-R606_Quantity_sum": 0.7075679543655374, 
            "pw_linear:R446_Quantity_sum+R606_Quantity_sum": 0.7033131182950366, 
            "pw_linear:R364_Quantity_sum+R783_Quantity_sum": 0.6936707576282585, 
            "pw_linear:R044_Quantity_sum-R064_Quantity_sum": 0.7059993841512086, 
            "pw_linear:R783_Quantity_sum+R606_Quantity_sum": 0.7105773555922018, 
            "pw_linear:R575_Quantity_sum+R396_Quantity_sum": 0.7079007879565422, 
            "pw_linear:R575_Quantity_sum-R396_Quantity_sum": 0.7063154401960138, 
            "pw_linear:R783_Quantity_sum-nb_km": 0.7164716459116347, 
            "pw_linear:R193_Quantity_sum+R396_Quantity_sum": 0.7095840344406572, 
            "pw_linear:R565_Quantity_sum-R064_Quantity_sum": 0.703552583409789, 
            "pw_linear:R783_Quantity_sum-Initial_km": 0.7070268669428651, 
            "pw_linear:R707_Quantity_sum-R193_Quantity_sum": 0.7628448202761355, 
            "pw_linear:R446_Quantity_sum+R064_Quantity_sum": 0.7106951866260222, 
            "pw_linear:R119_Quantity_sum+R396_Quantity_sum": 0.707705863451746, 
            "pw_linear:Quantity_sum+R783_Quantity_sum": 0.66884303501928, 
            "pw_linear:nb_km-R119_Quantity_sum": 0.706213584966633, 
            "pw_linear:R364_Quantity_sum-R446_Quantity_sum": 0.7187101625114627, 
            "pw_linear:R193_Quantity_sum-R396_Quantity_sum": 0.7046552933557068, 
            "pw_linear:R044_Quantity_sum+Time_begin_exploitation": 0.725282951550052, 
            "pw_linear:R446_Quantity_sum-nb_km": 0.7069060749733587, 
            "pw_linear:R044_Quantity_sum-R446_Quantity_sum": 0.7091855880602044, 
            "pw_linear:Time_begin_exploitation-R119_Quantity_sum": 0.6964847366881772, 
            "pw_linear:R565_Quantity_sum+R044_Quantity_sum": 0.698874584435474, 
            "pw_linear:R044_Quantity_sum-Initial_km": 0.7112291330419497, 
            "pw_linear:nb_km+R606_Quantity_sum": 0.7066431060109473, 
            "pw_linear:R783_Quantity_sum+Initial_km": 0.7071867225341381, 
            "pw_linear:R193_Quantity_sum+R575_Quantity_sum": 0.7114171723007803, 
            "pw_linear:R565_Quantity_sum-R044_Quantity_sum": 0.7156369103588295, 
            "pw_linear:R044_Quantity_sum+R193_Quantity_sum": 0.7106665222780826, 
            "pw_linear:R044_Quantity_sum-Quantity_sum": 0.7090354068649056, 
            "pw_linear:Quantity_sum+R396_Quantity_sum": 0.7056686507571104, 
            "pw_linear:R193_Quantity_sum+Initial_km": 0.6313472431394203, 
            "pw_linear:R707_Quantity_sum+R396_Quantity_sum": 0.7056951135560585, 
            "pw_linear:Quantity_sum+R575_Quantity_sum": 0.7055575653048007, 
            "pw_linear:R707_Quantity_sum+R417_Quantity_sum": 0.7023929050790453, 
            "pw_linear:R565_Quantity_sum+nb_km": 0.7031093809842027, 
            "pw_linear:Quantity_sum-Initial_km": 0.8896414964282063, 
            "pw_linear:R707_Quantity_sum-R396_Quantity_sum": 0.7085269545227943, 
            "pw_linear:R396_Quantity_sum-R606_Quantity_sum": 0.7065335582294311, 
            "pw_linear:R565_Quantity_sum-R119_Quantity_sum": 0.7155901598505832, 
            "pw_linear:Quantity_sum-nb_km": 0.7241414208246321, 
            "pw_linear:R446_Quantity_sum-Initial_km": 0.7701624775833277, 
            "pw_linear:Time_begin_exploitation+Initial_km": 1.0409922962845224, 
            "pw_linear:Initial_km+R606_Quantity_sum": 0.6898224309730014, 
            "pw_linear:R783_Quantity_sum-R606_Quantity_sum": 0.7036865675740624, 
            "pw_linear:R707_Quantity_sum-R364_Quantity_sum": 0.7175909613534621, 
            "pw_linear:R193_Quantity_sum-Initial_km": 0.8188980753667962, 
            "pw_linear:R565_Quantity_sum+Initial_km": 0.6279991320796586, 
            "pw_linear:R364_Quantity_sum+R606_Quantity_sum": 0.7111375935874664, 
            "pw_linear:Quantity_sum+R417_Quantity_sum": 0.622836444171969, 
            "pw_linear:nb_km-R064_Quantity_sum": 0.7085309249396932, 
            "pw_linear:Initial_km-R396_Quantity_sum": 0.7063246571232045, 
            "pw_linear:Time_begin_exploitation-R417_Quantity_sum": 0.6779357388659016, 
            "pw_linear:R446_Quantity_sum+R575_Quantity_sum": 0.6915199187895656, 
            "pw_linear:R193_Quantity_sum-nb_km": 0.7153522597013829, 
            "pw_linear:Time_begin_exploitation+R575_Quantity_sum": 0.7169664577495986, 
            "pw_linear:R364_Quantity_sum+R575_Quantity_sum": 0.7014951503647098, 
            "pw_linear:Quantity_sum+R446_Quantity_sum": 0.6565791654903307, 
            "pw_linear:R446_Quantity_sum-R064_Quantity_sum": 0.703572187738357, 
            "pw_linear:R044_Quantity_sum-R575_Quantity_sum": 0.7037069214554866, 
            "pw_linear:R565_Quantity_sum-Quantity_sum": 1.2147373277135673, 
            "pw_linear:R565_Quantity_sum-R575_Quantity_sum": 0.7045992311537467, 
            "pw_linear:R565_Quantity_sum+R064_Quantity_sum": 0.7107153941349355, 
            "pw_linear:R707_Quantity_sum+R364_Quantity_sum": 0.6970690989028805, 
            "pw_linear:nb_km+Initial_km": 0.6983351589794938, 
            "pw_linear:nb_km-R417_Quantity_sum": 0.7152173034290592, 
            "pw_linear:R565_Quantity_sum-nb_km": 0.7111731453995522, 
            "pw_linear:R565_Quantity_sum-R606_Quantity_sum": 0.7145453505864203, 
            "pw_linear:R364_Quantity_sum+nb_km": 0.7026832325667975, 
            "pw_linear:Quantity_sum-R396_Quantity_sum": 0.7085537402001153, 
            "pw_linear:Time_begin_exploitation+R417_Quantity_sum": 0.7403995418024386, 
            "pw_linear:R119_Quantity_sum-R417_Quantity_sum": 0.708516681371575, 
            "pw_linear:R193_Quantity_sum+nb_km": 0.6991400072599945, 
            "pw_linear:nb_km-R396_Quantity_sum": 0.7079014114760837, 
            "pw_linear:R364_Quantity_sum-nb_km": 0.7116149373120961, 
            "pw_linear:R364_Quantity_sum-R783_Quantity_sum": 0.7213550690968934, 
            "pw_linear:Quantity_sum+Initial_km": 0.6045066014254947, 
            "pw_linear:R446_Quantity_sum-R575_Quantity_sum": 0.7237974865231536, 
            "pw_linear:R783_Quantity_sum-R575_Quantity_sum": 0.7051387393803998, 
            "pw_linear:R044_Quantity_sum+Quantity_sum": 0.7051938083621017, 
            "pw_linear:R119_Quantity_sum+R417_Quantity_sum": 0.7057052644595019, 
            "pw_linear:Quantity_sum-R446_Quantity_sum": 0.7714404952364737, 
            "pw_linear:R783_Quantity_sum+Time_begin_exploitation": 0.7467906542303123, 
            "pw_linear:R565_Quantity_sum-R396_Quantity_sum": 0.7029965255673162, 
            "pw_linear:R707_Quantity_sum-R446_Quantity_sum": 0.7150365689206052, 
            "pw_linear:nb_km-Initial_km": 0.7162174650789037, 
            "pw_linear:Initial_km-R575_Quantity_sum": 0.6894920119238257, 
            "pw_linear:R707_Quantity_sum+R119_Quantity_sum": 0.7159329450268118, 
            "pw_linear:Time_begin_exploitation+R396_Quantity_sum": 0.7118496474981378, 
            "pw_linear:nb_km+R064_Quantity_sum": 0.7056911906217108, 
            "pw_linear:R364_Quantity_sum+R396_Quantity_sum": 0.7097847170569587, 
            "pw_linear:R364_Quantity_sum+R417_Quantity_sum": 0.6951433730233085, 
            "pw_linear:R783_Quantity_sum-R446_Quantity_sum": 0.6945110620802925, 
            "pw_linear:R707_Quantity_sum+R044_Quantity_sum": 0.7179927958455842, 
            "pw_linear:R446_Quantity_sum+R396_Quantity_sum": 0.7000653160292291, 
            "pw_linear:Quantity_sum+nb_km": 0.6912203844283488, 
            "pw_linear:R193_Quantity_sum+R446_Quantity_sum": 0.709462932112621, 
            "pw_linear:R446_Quantity_sum-R606_Quantity_sum": 0.7109625027925865, 
            "pw_linear:R783_Quantity_sum+R193_Quantity_sum": 0.685406035504487, 
            "pw_linear:R575_Quantity_sum-R606_Quantity_sum": 0.712223849623064, 
            "pw_linear:R044_Quantity_sum+R783_Quantity_sum": 0.7068968158138946, 
            "pw_linear:R575_Quantity_sum+R119_Quantity_sum": 0.7083101322009309, 
            "pw_linear:R193_Quantity_sum-R119_Quantity_sum": 0.7091856272205611, 
            "pw_linear:R364_Quantity_sum+Initial_km": 0.668445314144777, 
            "pw_linear:R565_Quantity_sum+Time_begin_exploitation": 0.7861598644702688, 
            "pw_linear:R446_Quantity_sum+Initial_km": 0.6573704919641778, 
            "pw_linear:R446_Quantity_sum+R119_Quantity_sum": 0.7099741700950737, 
            "pw_linear:Time_begin_exploitation-R606_Quantity_sum": 0.6986681581602527, 
            "pw_linear:R446_Quantity_sum+R417_Quantity_sum": 0.7085968203839017, 
            "pw_linear:R044_Quantity_sum+Initial_km": 0.7030552889382536, 
            "pw_linear:Quantity_sum+R193_Quantity_sum": 0.6002265444367242, 
            "pw_linear:R707_Quantity_sum+Time_begin_exploitation": 0.8627531413283236, 
            "pw_linear:R364_Quantity_sum+Time_begin_exploitation": 0.7667971440155739, 
            "pw_linear:R707_Quantity_sum-nb_km": 0.7238862287215526, 
            "pw_linear:R707_Quantity_sum-R417_Quantity_sum": 0.7119168560678086, 
            "pw_linear:R193_Quantity_sum-R446_Quantity_sum": 0.7047739499878781, 
            "pw_linear:R044_Quantity_sum-R783_Quantity_sum": 0.7073169337647138, 
            "pw_linear:R707_Quantity_sum-R044_Quantity_sum": 0.6967013635515421, 
            "pw_linear:R364_Quantity_sum+R064_Quantity_sum": 0.7100126814425267, 
            "pw_linear:R446_Quantity_sum-R417_Quantity_sum": 0.7056261024045101, 
            "pw_linear:Initial_km+R064_Quantity_sum": 0.6901473872062897, 
            "pw_linear:R044_Quantity_sum-R193_Quantity_sum": 0.7036000021554442, 
            "pw_linear:Initial_km-R417_Quantity_sum": 0.7429351172797308, 
            "pw_linear:R193_Quantity_sum+Time_begin_exploitation": 0.7775721396900931, 
            "pw_linear:Time_begin_exploitation+R064_Quantity_sum": 0.7130372373714022, 
            "pw_linear:R396_Quantity_sum-R417_Quantity_sum": 0.7139011307103067, 
            "pw_linear:Quantity_sum-R064_Quantity_sum": 0.7430304033109255, 
            "pw_linear:nb_km+R119_Quantity_sum": 0.7080033750594001, 
            "pw_linear:R565_Quantity_sum+R417_Quantity_sum": 0.7055188376822455, 
            "pw_linear:Time_begin_exploitation+R606_Quantity_sum": 0.7158587503217894, 
            "pw_linear:R606_Quantity_sum-R417_Quantity_sum": 0.7084534543616037
        }
    }, 
    "polynomial_interaction": {
        "shifts": {
            "poly_int:R193_Quantity_sum * R119_Quantity_sum": 0.028990961494106605, 
            "poly_int:Quantity_sum * R396_Quantity_sum": -0.001345247129846355, 
            "poly_int:R364_Quantity_sum * R064_Quantity_sum": 0.0360624247056817, 
            "poly_int:R064_Quantity_sum": -2.375600485794189e-16, 
            "poly_int:Time_begin_exploitation": 2.229979820375903e-16, 
            "poly_int:Time_begin_exploitation * R417_Quantity_sum": -0.0005676100471845108, 
            "poly_int:R565_Quantity_sum * R044_Quantity_sum": -0.0031378258050008866, 
            "poly_int:R707_Quantity_sum * R417_Quantity_sum": 0.025265292979419922, 
            "poly_int:R606_Quantity_sum * R417_Quantity_sum": -0.06145889582548378, 
            "poly_int:Quantity_sum * R193_Quantity_sum": -0.012003018879607603, 
            "poly_int:R565_Quantity_sum * R417_Quantity_sum": 0.003968318072897508, 
            "poly_int:R364_Quantity_sum * nb_km": 0.2887480939105953, 
            "poly_int:R119_Quantity_sum * R396_Quantity_sum": 0.13370404400938904, 
            "poly_int:R575_Quantity_sum * R396_Quantity_sum": -0.005586691663567883, 
            "poly_int:R575_Quantity_sum * R606_Quantity_sum": -0.027299622662711676, 
            "poly_int:R565_Quantity_sum * Time_begin_exploitation": 0.005850683211708609, 
            "poly_int:R417_Quantity_sum": -1.5170075106837977e-15, 
            "poly_int:R707_Quantity_sum * nb_km": 0.09407294570759517, 
            "poly_int:R446_Quantity_sum * R064_Quantity_sum": -0.001622393669600783, 
            "poly_int:Quantity_sum": -4.0804540417525143e-16, 
            "poly_int:R044_Quantity_sum * R783_Quantity_sum": 0.16740925486338326, 
            "poly_int:R783_Quantity_sum * R396_Quantity_sum": 0.06428909861452085, 
            "poly_int:Time_begin_exploitation * R119_Quantity_sum": 0.022044880923739494, 
            "poly_int:R446_Quantity_sum * Initial_km": -0.011721217708047182, 
            "poly_int:R044_Quantity_sum * R193_Quantity_sum": -0.008164212150079547, 
            "poly_int:R575_Quantity_sum * R417_Quantity_sum": 0.012508650166019724, 
            "poly_int:R064_Quantity_sum * R396_Quantity_sum": -0.009739068928925173, 
            "poly_int:R396_Quantity_sum * R606_Quantity_sum": -0.10339734813755697, 
            "poly_int:R575_Quantity_sum": -4.854688519451636e-16, 
            "poly_int:R193_Quantity_sum * R446_Quantity_sum": -0.00752736206457085, 
            "poly_int:R044_Quantity_sum": -2.917795275936613e-17, 
            "poly_int:Initial_km * R064_Quantity_sum": 0.02070057892612553, 
            "poly_int:R044_Quantity_sum * R119_Quantity_sum": 0.08889106762212945, 
            "poly_int:R364_Quantity_sum * Time_begin_exploitation": 0.15974537818960466, 
            "poly_int:Quantity_sum * R575_Quantity_sum": -0.0033930411568961626, 
            "poly_int:Quantity_sum * R783_Quantity_sum": 0.005850792941901266, 
            "poly_int:R446_Quantity_sum": -3.7791023004077565e-16, 
            "poly_int:R364_Quantity_sum * R417_Quantity_sum": 0.046468692427185536, 
            "poly_int:R044_Quantity_sum * Time_begin_exploitation": -0.010067222330332278, 
            "poly_int:Time_begin_exploitation * R396_Quantity_sum": -0.03658083180192239, 
            "poly_int:R364_Quantity_sum": -3.1961198846030305e-17, 
            "poly_int:Initial_km * R417_Quantity_sum": 0.011396640790660707, 
            "poly_int:Initial_km * R396_Quantity_sum": -0.009471340699618252, 
            "poly_int:R707_Quantity_sum * R396_Quantity_sum": -0.00022594469147419426, 
            "poly_int:R565_Quantity_sum * R783_Quantity_sum": -0.009987408611525231, 
            "poly_int:R044_Quantity_sum * R446_Quantity_sum": -0.0006070488399283189, 
            "poly_int:R783_Quantity_sum * R446_Quantity_sum": -0.006966219301118869, 
            "poly_int:R193_Quantity_sum * Time_begin_exploitation": 0.032011062662125604, 
            "poly_int:R364_Quantity_sum * R575_Quantity_sum": 0.004393851207578505, 
            "poly_int:R707_Quantity_sum * R364_Quantity_sum": 0.368053703477959, 
            "poly_int:R446_Quantity_sum * R119_Quantity_sum": 0.004002569038350025, 
            "poly_int:R783_Quantity_sum * Time_begin_exploitation": -0.006627366169799678, 
            "poly_int:R783_Quantity_sum * R417_Quantity_sum": 0.022907360712493958, 
            "poly_int:R783_Quantity_sum * R575_Quantity_sum": -0.01207435641635957, 
            "poly_int:R565_Quantity_sum * Quantity_sum": -0.006442164852927626, 
            "poly_int:R707_Quantity_sum * R606_Quantity_sum": -0.5383043854599888, 
            "poly_int:R193_Quantity_sum * R396_Quantity_sum": 0.039092413094619666, 
            "poly_int:R783_Quantity_sum * nb_km": 0.12515127633779288, 
            "poly_int:Quantity_sum * R119_Quantity_sum": -0.024490837721326597, 
            "poly_int:": 1.0, 
            "poly_int:R783_Quantity_sum * R119_Quantity_sum": 0.1407154050271054, 
            "poly_int:R565_Quantity_sum * R575_Quantity_sum": -0.009680690830898255, 
            "poly_int:R707_Quantity_sum * R446_Quantity_sum": -0.0022146290230193487, 
            "poly_int:R707_Quantity_sum * R575_Quantity_sum": -0.05171892269827455, 
            "poly_int:R044_Quantity_sum * R606_Quantity_sum": -0.016555999164304332, 
            "poly_int:R364_Quantity_sum * R193_Quantity_sum": 0.10826094466820518, 
            "poly_int:R119_Quantity_sum * R417_Quantity_sum": 0.04579666653200338, 
            "poly_int:R364_Quantity_sum * R606_Quantity_sum": -0.39811484412205067, 
            "poly_int:R364_Quantity_sum * R565_Quantity_sum": 0.005429730657043237, 
            "poly_int:R364_Quantity_sum * Quantity_sum": 0.13634594526075877, 
            "poly_int:Quantity_sum * nb_km": 0.003973701927315776, 
            "poly_int:nb_km * R417_Quantity_sum": 0.022538794556252767, 
            "poly_int:R565_Quantity_sum * R396_Quantity_sum": 0.0005938072113419115, 
            "poly_int:R044_Quantity_sum * R396_Quantity_sum": -0.0038262912177191273, 
            "poly_int:nb_km * R119_Quantity_sum": 0.013459912676352515, 
            "poly_int:R446_Quantity_sum * R606_Quantity_sum": -0.01327372211764569, 
            "poly_int:R396_Quantity_sum * R417_Quantity_sum": 0.025956385605663, 
            "poly_int:R193_Quantity_sum * R575_Quantity_sum": 0.016054151333741922, 
            "poly_int:nb_km": 2.4797031156655505e-16, 
            "poly_int:Time_begin_exploitation * R064_Quantity_sum": 0.010811079329991495, 
            "poly_int:R707_Quantity_sum * Quantity_sum": 0.044749370745371386, 
            "poly_int:R783_Quantity_sum * Initial_km": 0.08322145740640312, 
            "poly_int:R064_Quantity_sum * R417_Quantity_sum": 0.0013120352482283893, 
            "poly_int:Time_begin_exploitation * R575_Quantity_sum": 0.04556280519237408, 
            "poly_int:R707_Quantity_sum * R783_Quantity_sum": 0.254251501191893, 
            "poly_int:R119_Quantity_sum": -3.0984756158167457e-18, 
            "poly_int:Quantity_sum * Initial_km": 0.023556559316707974, 
            "poly_int:R783_Quantity_sum * R606_Quantity_sum": -0.1729362957939693, 
            "poly_int:R044_Quantity_sum * Quantity_sum": 0.00047584485897953876, 
            "poly_int:R707_Quantity_sum * R044_Quantity_sum": 0.04972346372512543, 
            "poly_int:R446_Quantity_sum * R417_Quantity_sum": 0.00224252782367293, 
            "poly_int:Time_begin_exploitation * R606_Quantity_sum": -0.12084478793369213, 
            "poly_int:R364_Quantity_sum * R044_Quantity_sum": 0.09430514043754291, 
            "poly_int:R575_Quantity_sum * R119_Quantity_sum": -0.0015880176672981104, 
            "poly_int:R783_Quantity_sum": 2.117419812893131e-17, 
            "poly_int:R707_Quantity_sum * R119_Quantity_sum": 0.17237138284474113, 
            "poly_int:R446_Quantity_sum * Time_begin_exploitation": 0.020206563195984874, 
            "poly_int:R193_Quantity_sum": -1.6653345369377347e-17, 
            "poly_int:R446_Quantity_sum * R396_Quantity_sum": -0.003294410256178627, 
            "poly_int:Quantity_sum * R606_Quantity_sum": -0.030717436677496435, 
            "poly_int:Quantity_sum * R446_Quantity_sum": -0.0016913719937586853, 
            "poly_int:Initial_km * R119_Quantity_sum": 0.044950850407358973, 
            "poly_int:R565_Quantity_sum * Initial_km": 0.023684059270121897, 
            "poly_int:R044_Quantity_sum * R417_Quantity_sum": 0.0040137254018764775, 
            "poly_int:R193_Quantity_sum * nb_km": 0.03469692359404945, 
            "poly_int:nb_km * R396_Quantity_sum": 0.014731923693055997, 
            "poly_int:R193_Quantity_sum * Initial_km": 0.01785002542389288, 
            "poly_int:nb_km * R575_Quantity_sum": 0.0006245800484007897, 
            "poly_int:R707_Quantity_sum * R193_Quantity_sum": 0.11895506346060106, 
            "poly_int:R364_Quantity_sum * Initial_km": 0.6607854586032678, 
            "poly_int:Quantity_sum * Time_begin_exploitation": -0.008056668428842579, 
            "poly_int:R707_Quantity_sum * Initial_km": 0.2676550475084162, 
            "poly_int:R044_Quantity_sum * R064_Quantity_sum": -0.0017776943120441048, 
            "poly_int:R193_Quantity_sum * R417_Quantity_sum": 0.012623081344191897, 
            "poly_int:R707_Quantity_sum": -5.560341353247321e-15, 
            "poly_int:R119_Quantity_sum * R606_Quantity_sum": -0.32808479211566366, 
            "poly_int:R364_Quantity_sum * R396_Quantity_sum": 0.11762536675223266, 
            "poly_int:R565_Quantity_sum": 3.6294451593112976e-16, 
            "poly_int:R396_Quantity_sum": 1.3762459931295224e-16, 
            "poly_int:R565_Quantity_sum * R193_Quantity_sum": 0.07829585637279303, 
            "poly_int:R575_Quantity_sum * R064_Quantity_sum": 0.014309718911081355, 
            "poly_int:R193_Quantity_sum * R606_Quantity_sum": -0.14954494861964635, 
            "poly_int:R446_Quantity_sum * nb_km": 0.018933354564101675, 
            "poly_int:R364_Quantity_sum * R783_Quantity_sum": 0.38762579558741284, 
            "poly_int:R044_Quantity_sum * Initial_km": -0.010123482813978906, 
            "poly_int:R193_Quantity_sum * R064_Quantity_sum": -0.011297847468757014, 
            "poly_int:nb_km * R064_Quantity_sum": 0.0037960091118168127, 
            "poly_int:R565_Quantity_sum * R119_Quantity_sum": -0.03007691438732342, 
            "poly_int:nb_km * R606_Quantity_sum": -0.08786123871833801, 
            "poly_int:R783_Quantity_sum * R064_Quantity_sum": 0.020553078963128343, 
            "poly_int:R606_Quantity_sum": -5.726413495435018e-17, 
            "poly_int:R565_Quantity_sum * R064_Quantity_sum": 0.0013023978032319192, 
            "poly_int:Initial_km * R575_Quantity_sum": -0.00712637822916246, 
            "poly_int:nb_km * Time_begin_exploitation": -0.00419885578627363, 
            "poly_int:R364_Quantity_sum * R119_Quantity_sum": 0.670850652482483, 
            "poly_int:nb_km * Initial_km": 0.004504060588685187, 
            "poly_int:Time_begin_exploitation * Initial_km": 0.14514090766670254, 
            "poly_int:R044_Quantity_sum * R575_Quantity_sum": -0.002455264834102106, 
            "poly_int:Initial_km * R606_Quantity_sum": -0.19089465501244873, 
            "poly_int:R446_Quantity_sum * R575_Quantity_sum": -0.0022407711478023462, 
            "poly_int:R707_Quantity_sum * R565_Quantity_sum": 0.011552192281360616, 
            "poly_int:R364_Quantity_sum * R446_Quantity_sum": 0.004077829729499925, 
            "poly_int:R064_Quantity_sum * R606_Quantity_sum": -0.024288730090375535, 
            "poly_int:Initial_km": 8.759536647890864e-17, 
            "poly_int:Quantity_sum * R064_Quantity_sum": -0.00494639306284332, 
            "poly_int:R044_Quantity_sum * nb_km": 0.028939646550664708, 
            "poly_int:R565_Quantity_sum * nb_km": -0.004596998510160906, 
            "poly_int:Quantity_sum * R417_Quantity_sum": -0.0025297329968689093, 
            "poly_int:R707_Quantity_sum * R064_Quantity_sum": 0.05071216585658357, 
            "poly_int:R064_Quantity_sum * R119_Quantity_sum": 0.0006264631609035898, 
            "poly_int:R565_Quantity_sum * R446_Quantity_sum": -0.002863703105675962, 
            "poly_int:R783_Quantity_sum * R193_Quantity_sum": 0.025563117357890332, 
            "poly_int:R565_Quantity_sum * R606_Quantity_sum": -0.049466134361270654, 
            "poly_int:R707_Quantity_sum * Time_begin_exploitation": 0.15695624568984426
        }, 
        "inv_scales": {
            "poly_int:R193_Quantity_sum * R119_Quantity_sum": 1.773128713735579, 
            "poly_int:Quantity_sum * R396_Quantity_sum": 2.501951589359501, 
            "poly_int:R364_Quantity_sum * R064_Quantity_sum": 1.1207390945232385, 
            "poly_int:R064_Quantity_sum": 1.0000000000000024, 
            "poly_int:Time_begin_exploitation": 1.0000000000000047, 
            "poly_int:Time_begin_exploitation * R417_Quantity_sum": 2.137658205321465, 
            "poly_int:R565_Quantity_sum * R044_Quantity_sum": 8.045729159091353, 
            "poly_int:R707_Quantity_sum * R417_Quantity_sum": 1.3787997067766957, 
            "poly_int:R606_Quantity_sum * R417_Quantity_sum": 0.33100291867809595, 
            "poly_int:Quantity_sum * R193_Quantity_sum": 2.872083546834637, 
            "poly_int:R565_Quantity_sum * R417_Quantity_sum": 6.231631017472358, 
            "poly_int:R364_Quantity_sum * nb_km": 0.1734616172848419, 
            "poly_int:R119_Quantity_sum * R396_Quantity_sum": 0.9697669693840187, 
            "poly_int:R575_Quantity_sum * R396_Quantity_sum": 3.521810217153648, 
            "poly_int:R575_Quantity_sum * R606_Quantity_sum": 1.96557209549865, 
            "poly_int:R565_Quantity_sum * Time_begin_exploitation": 1.2828361820134613, 
            "poly_int:R417_Quantity_sum": 0.9999999999999993, 
            "poly_int:R707_Quantity_sum * nb_km": 1.397512871433241, 
            "poly_int:R446_Quantity_sum * R064_Quantity_sum": 13.736315079970677, 
            "poly_int:Quantity_sum": 1.0000000000000415, 
            "poly_int:R044_Quantity_sum * R783_Quantity_sum": 0.14319205829413595, 
            "poly_int:R783_Quantity_sum * R396_Quantity_sum": 0.9252476741180262, 
            "poly_int:Time_begin_exploitation * R119_Quantity_sum": 1.557713136963145, 
            "poly_int:R446_Quantity_sum * Initial_km": 2.0069863355167654, 
            "poly_int:R044_Quantity_sum * R193_Quantity_sum": 3.122107618914721, 
            "poly_int:R575_Quantity_sum * R417_Quantity_sum": 4.3121904429291655, 
            "poly_int:R064_Quantity_sum * R396_Quantity_sum": 5.102189986637872, 
            "poly_int:R396_Quantity_sum * R606_Quantity_sum": 1.8764957354499305, 
            "poly_int:R575_Quantity_sum": 0.9999999999999969, 
            "poly_int:R193_Quantity_sum * R446_Quantity_sum": 3.1202188089340663, 
            "poly_int:R044_Quantity_sum": 1.000000000000006, 
            "poly_int:Initial_km * R064_Quantity_sum": 1.6024321250222509, 
            "poly_int:R044_Quantity_sum * R119_Quantity_sum": 0.2717361060482258, 
            "poly_int:R364_Quantity_sum * Time_begin_exploitation": 0.33185588560008905, 
            "poly_int:Quantity_sum * R575_Quantity_sum": 6.157288505504632, 
            "poly_int:Quantity_sum * R783_Quantity_sum": 3.2485486013040563, 
            "poly_int:R446_Quantity_sum": 1.0000000000000226, 
            "poly_int:R364_Quantity_sum * R417_Quantity_sum": 0.8959979335169145, 
            "poly_int:R044_Quantity_sum * Time_begin_exploitation": 2.272713946960939, 
            "poly_int:Time_begin_exploitation * R396_Quantity_sum": 2.3007808928795317, 
            "poly_int:R364_Quantity_sum": 1.0000000000000002, 
            "poly_int:Initial_km * R417_Quantity_sum": 1.922213925216165, 
            "poly_int:Initial_km * R396_Quantity_sum": 1.9186463136065501, 
            "poly_int:R707_Quantity_sum * R396_Quantity_sum": 1.270569797600609, 
            "poly_int:R565_Quantity_sum * R783_Quantity_sum": 2.7303832890045348, 
            "poly_int:R044_Quantity_sum * R446_Quantity_sum": 28.64827785491347, 
            "poly_int:R783_Quantity_sum * R446_Quantity_sum": 3.3700357751912624, 
            "poly_int:R193_Quantity_sum * Time_begin_exploitation": 1.359830021317887, 
            "poly_int:R364_Quantity_sum * R575_Quantity_sum": 3.2547686663788284, 
            "poly_int:R707_Quantity_sum * R364_Quantity_sum": 0.8535542156000224, 
            "poly_int:R446_Quantity_sum * R119_Quantity_sum": 5.828247448146698, 
            "poly_int:R783_Quantity_sum * Time_begin_exploitation": 1.5667701378997976, 
            "poly_int:R783_Quantity_sum * R417_Quantity_sum": 1.7645565313910407, 
            "poly_int:R783_Quantity_sum * R575_Quantity_sum": 2.676029849051816, 
            "poly_int:R565_Quantity_sum * Quantity_sum": 6.963503886094527, 
            "poly_int:R707_Quantity_sum * R606_Quantity_sum": 0.9255770754429952, 
            "poly_int:R193_Quantity_sum * R396_Quantity_sum": 0.8290177321200239, 
            "poly_int:R783_Quantity_sum * nb_km": 0.4112167397930061, 
            "poly_int:Quantity_sum * R119_Quantity_sum": 1.4764365754543827, 
            "poly_int:": 0.0, 
            "poly_int:R783_Quantity_sum * R119_Quantity_sum": 0.9347582526495966, 
            "poly_int:R565_Quantity_sum * R575_Quantity_sum": 6.38971570781296, 
            "poly_int:R707_Quantity_sum * R446_Quantity_sum": 10.315874107611622, 
            "poly_int:R707_Quantity_sum * R575_Quantity_sum": 0.9119722363897482, 
            "poly_int:R044_Quantity_sum * R606_Quantity_sum": 1.4086756682888228, 
            "poly_int:R364_Quantity_sum * R193_Quantity_sum": 0.5482796380226344, 
            "poly_int:R119_Quantity_sum * R417_Quantity_sum": 0.9630532757476798, 
            "poly_int:R364_Quantity_sum * R606_Quantity_sum": 1.1226438280434148, 
            "poly_int:R364_Quantity_sum * R565_Quantity_sum": 2.7232769433938633, 
            "poly_int:R364_Quantity_sum * Quantity_sum": 0.21829506651606165, 
            "poly_int:Quantity_sum * nb_km": 1.9162331061098612, 
            "poly_int:nb_km * R417_Quantity_sum": 5.776599994498473, 
            "poly_int:R565_Quantity_sum * R396_Quantity_sum": 1.6410957595709617, 
            "poly_int:R044_Quantity_sum * R396_Quantity_sum": 6.972829542636938, 
            "poly_int:nb_km * R119_Quantity_sum": 1.0578835536812607, 
            "poly_int:R446_Quantity_sum * R606_Quantity_sum": 1.7726833993062932, 
            "poly_int:R396_Quantity_sum * R417_Quantity_sum": 3.6252443328816186, 
            "poly_int:R193_Quantity_sum * R575_Quantity_sum": 1.4256874676561375, 
            "poly_int:nb_km": 1.0000000000000033, 
            "poly_int:Time_begin_exploitation * R064_Quantity_sum": 1.3469075167937532, 
            "poly_int:R707_Quantity_sum * Quantity_sum": 1.095817362426382, 
            "poly_int:R783_Quantity_sum * Initial_km": 1.3464860207632325, 
            "poly_int:R064_Quantity_sum * R417_Quantity_sum": 5.306576089913069, 
            "poly_int:Time_begin_exploitation * R575_Quantity_sum": 0.4226446802387921, 
            "poly_int:R707_Quantity_sum * R783_Quantity_sum": 0.9560083811732446, 
            "poly_int:R119_Quantity_sum": 1.0000000000000009, 
            "poly_int:Quantity_sum * Initial_km": 1.3791214078768064, 
            "poly_int:R783_Quantity_sum * R606_Quantity_sum": 1.6105136190363845, 
            "poly_int:R044_Quantity_sum * Quantity_sum": 26.08105254049572, 
            "poly_int:R707_Quantity_sum * R044_Quantity_sum": 0.5288896643821995, 
            "poly_int:R446_Quantity_sum * R417_Quantity_sum": 10.19497046714364, 
            "poly_int:Time_begin_exploitation * R606_Quantity_sum": 1.545049934548305, 
            "poly_int:R364_Quantity_sum * R044_Quantity_sum": 0.2527173479814913, 
            "poly_int:R575_Quantity_sum * R119_Quantity_sum": 3.942316458439584, 
            "poly_int:R783_Quantity_sum": 1.0000000000000009, 
            "poly_int:R707_Quantity_sum * R119_Quantity_sum": 0.8062564185685489, 
            "poly_int:R446_Quantity_sum * Time_begin_exploitation": 1.1650550893458627, 
            "poly_int:R193_Quantity_sum": 1.0000000000000002, 
            "poly_int:R446_Quantity_sum * R396_Quantity_sum": 7.049561721929183, 
            "poly_int:Quantity_sum * R606_Quantity_sum": 1.7068776578366474, 
            "poly_int:Quantity_sum * R446_Quantity_sum": 13.231488502260449, 
            "poly_int:Initial_km * R119_Quantity_sum": 1.5426674667732145, 
            "poly_int:R565_Quantity_sum * Initial_km": 1.6973016938123235, 
            "poly_int:R044_Quantity_sum * R417_Quantity_sum": 5.676489363048127, 
            "poly_int:R193_Quantity_sum * nb_km": 0.9425649604348608, 
            "poly_int:nb_km * R396_Quantity_sum": 1.8118630463990686, 
            "poly_int:R193_Quantity_sum * Initial_km": 0.4780412982790497, 
            "poly_int:nb_km * R575_Quantity_sum": 2.382490870345297, 
            "poly_int:R707_Quantity_sum * R193_Quantity_sum": 0.9570844379527718, 
            "poly_int:R364_Quantity_sum * Initial_km": 0.15186734421359463, 
            "poly_int:Quantity_sum * Time_begin_exploitation": 2.6539958033358406, 
            "poly_int:R707_Quantity_sum * Initial_km": 0.8274620077977246, 
            "poly_int:R044_Quantity_sum * R064_Quantity_sum": 13.595838605677354, 
            "poly_int:R193_Quantity_sum * R417_Quantity_sum": 2.5904804805686594, 
            "poly_int:R707_Quantity_sum": 1.0000000000000009, 
            "poly_int:R119_Quantity_sum * R606_Quantity_sum": 1.163694050517444, 
            "poly_int:R364_Quantity_sum * R396_Quantity_sum": 1.0857200474452042, 
            "poly_int:R565_Quantity_sum": 0.9999999999999971, 
            "poly_int:R396_Quantity_sum": 1.0000000000000069, 
            "poly_int:R565_Quantity_sum * R193_Quantity_sum": 0.3730250098020197, 
            "poly_int:R575_Quantity_sum * R064_Quantity_sum": 1.1534519886411516, 
            "poly_int:R193_Quantity_sum * R606_Quantity_sum": 1.7317105405354034, 
            "poly_int:R446_Quantity_sum * nb_km": 1.2433363979730236, 
            "poly_int:R364_Quantity_sum * R783_Quantity_sum": 0.36142784710562514, 
            "poly_int:R044_Quantity_sum * Initial_km": 2.607777449927651, 
            "poly_int:R193_Quantity_sum * R064_Quantity_sum": 3.4994451676847156, 
            "poly_int:nb_km * R064_Quantity_sum": 2.2487083823325826, 
            "poly_int:R565_Quantity_sum * R119_Quantity_sum": 2.112688881598539, 
            "poly_int:nb_km * R606_Quantity_sum": 1.9511732673703033, 
            "poly_int:R783_Quantity_sum * R064_Quantity_sum": 0.935060857492186, 
            "poly_int:R606_Quantity_sum": 1.0000000000000018, 
            "poly_int:R565_Quantity_sum * R064_Quantity_sum": 3.918871149146447, 
            "poly_int:Initial_km * R575_Quantity_sum": 3.3332576788374113, 
            "poly_int:nb_km * Time_begin_exploitation": 2.075880612578317, 
            "poly_int:R364_Quantity_sum * R119_Quantity_sum": 0.15083960594662219, 
            "poly_int:nb_km * Initial_km": 1.5903200234385764, 
            "poly_int:Time_begin_exploitation * Initial_km": 0.22251258903602342, 
            "poly_int:R044_Quantity_sum * R575_Quantity_sum": 10.14504631171892, 
            "poly_int:Initial_km * R606_Quantity_sum": 1.7054271597685426, 
            "poly_int:R446_Quantity_sum * R575_Quantity_sum": 10.202502180337978, 
            "poly_int:R707_Quantity_sum * R565_Quantity_sum": 1.0332512725676128, 
            "poly_int:R364_Quantity_sum * R446_Quantity_sum": 5.722650558575782, 
            "poly_int:R064_Quantity_sum * R606_Quantity_sum": 2.152278906985066, 
            "poly_int:Initial_km": 0.9999999999999993, 
            "poly_int:Quantity_sum * R064_Quantity_sum": 10.067939480625181, 
            "poly_int:R044_Quantity_sum * nb_km": 0.7975021965988253, 
            "poly_int:R565_Quantity_sum * nb_km": 2.5375535597389973, 
            "poly_int:Quantity_sum * R417_Quantity_sum": 7.156130301924007, 
            "poly_int:R707_Quantity_sum * R064_Quantity_sum": 0.8417978198146367, 
            "poly_int:R064_Quantity_sum * R119_Quantity_sum": 2.306099136084563, 
            "poly_int:R565_Quantity_sum * R446_Quantity_sum": 8.073962516303961, 
            "poly_int:R783_Quantity_sum * R193_Quantity_sum": 1.3350603008241697, 
            "poly_int:R565_Quantity_sum * R606_Quantity_sum": 1.6835046423317546, 
            "poly_int:R707_Quantity_sum * Time_begin_exploitation": 0.9599330909901251
        }
    }, 
    "NUM_DERIVATIVE": {
        "shifts": {
            "NUM_DERIVATIVE:log(R565_Quantity_sum)": -0.5043053417750266, 
            "NUM_DERIVATIVE:log(R193_Quantity_sum)": -0.23846812560660818, 
            "NUM_DERIVATIVE:log(Quantity_sum)": -0.4506355059827337, 
            "NUM_DERIVATIVE:R707_Quantity_sum^2": 0.9994459833794999, 
            "NUM_DERIVATIVE:sqrt(R193_Quantity_sum)": 0.23442969232108238, 
            "NUM_DERIVATIVE:log(R364_Quantity_sum)": -0.1710442394542354, 
            "NUM_DERIVATIVE:R575_Quantity_sum^2": 0.9994459833795079, 
            "NUM_DERIVATIVE:log(R396_Quantity_sum)": 0.0020767887897365947, 
            "NUM_DERIVATIVE:sqrt(R575_Quantity_sum)": 0.04852842817132216, 
            "NUM_DERIVATIVE:R783_Quantity_sum^2": 0.9994459833794876, 
            "NUM_DERIVATIVE:sqrt(R565_Quantity_sum)": 0.23136622948454996, 
            "NUM_DERIVATIVE:R396_Quantity_sum^2": 0.9994459833794563, 
            "NUM_DERIVATIVE:sqrt(Quantity_sum)": 0.3028105007102616, 
            "NUM_DERIVATIVE:R606_Quantity_sum^2": 0.9994459833794967, 
            "NUM_DERIVATIVE:log(Initial_km)": -0.1548124413782075, 
            "NUM_DERIVATIVE:R119_Quantity_sum^2": 0.9994459833794184, 
            "NUM_DERIVATIVE:log(R417_Quantity_sum)": -0.10108013402410283, 
            "NUM_DERIVATIVE:sqrt(R783_Quantity_sum)": 0.12685126382068457, 
            "NUM_DERIVATIVE:sqrt(R119_Quantity_sum)": 0.03976862836077581, 
            "NUM_DERIVATIVE:Initial_km^2": 0.9994459833795004, 
            "NUM_DERIVATIVE:sqrt(R417_Quantity_sum)": 0.1691657195687575, 
            "NUM_DERIVATIVE:sqrt(R064_Quantity_sum)": 0.004743711496155261, 
            "NUM_DERIVATIVE:log(R044_Quantity_sum)": -0.07346988377487806, 
            "NUM_DERIVATIVE:log(R064_Quantity_sum)": 0.002876213126943378, 
            "NUM_DERIVATIVE:sqrt(Initial_km)": 0.43573002249171455, 
            "NUM_DERIVATIVE:R417_Quantity_sum^2": 0.9994459833794949, 
            "NUM_DERIVATIVE:sqrt(R364_Quantity_sum)": 0.1862210735694286, 
            "NUM_DERIVATIVE:R565_Quantity_sum^2": 0.9994459833795031, 
            "NUM_DERIVATIVE:log(R783_Quantity_sum)": -0.11793128125228462, 
            "NUM_DERIVATIVE:R193_Quantity_sum^2": 0.9994459833794997, 
            "NUM_DERIVATIVE:log(R575_Quantity_sum)": -0.02861505196165978, 
            "NUM_DERIVATIVE:R044_Quantity_sum^2": 0.9994459833795074, 
            "NUM_DERIVATIVE:sqrt(R396_Quantity_sum)": 0.0036101210037764236, 
            "NUM_DERIVATIVE:sqrt(R446_Quantity_sum)": 0.21975790083147448, 
            "NUM_DERIVATIVE:R064_Quantity_sum^2": 0.9994459833794895, 
            "NUM_DERIVATIVE:log(R446_Quantity_sum)": -0.2620330800763329, 
            "NUM_DERIVATIVE:Quantity_sum^2": 0.999445983379501, 
            "NUM_DERIVATIVE:log(R119_Quantity_sum)": -0.08359313365801492, 
            "NUM_DERIVATIVE:sqrt(R707_Quantity_sum)": 0.2915523087378112, 
            "NUM_DERIVATIVE:log(nb_km)": -1.2091782754295262, 
            "NUM_DERIVATIVE:R446_Quantity_sum^2": 0.9994459833794924, 
            "NUM_DERIVATIVE:sqrt(R044_Quantity_sum)": 0.07110184401723761, 
            "NUM_DERIVATIVE:log(R707_Quantity_sum)": -0.2475451232447611, 
            "NUM_DERIVATIVE:nb_km^2": 0.9994459833795029, 
            "NUM_DERIVATIVE:sqrt(nb_km)": 0.15962801033936555, 
            "NUM_DERIVATIVE:R364_Quantity_sum^2": 0.9994459833795013, 
            "NUM_DERIVATIVE:log(R606_Quantity_sum)": -0.014333346559747709, 
            "NUM_DERIVATIVE:sqrt(R606_Quantity_sum)": 0.02673883605270142
        }, 
        "inv_scales": {
            "NUM_DERIVATIVE:log(R565_Quantity_sum)": 0.948954523535644, 
            "NUM_DERIVATIVE:log(R193_Quantity_sum)": 1.2291043655933065, 
            "NUM_DERIVATIVE:log(Quantity_sum)": 1.0580492429594628, 
            "NUM_DERIVATIVE:R707_Quantity_sum^2": 0.09396514785440455, 
            "NUM_DERIVATIVE:sqrt(R193_Quantity_sum)": 2.1586474924939765, 
            "NUM_DERIVATIVE:log(R364_Quantity_sum)": 1.498624943546485, 
            "NUM_DERIVATIVE:R575_Quantity_sum^2": 0.0464061182282017, 
            "NUM_DERIVATIVE:log(R396_Quantity_sum)": 11.333630927812113, 
            "NUM_DERIVATIVE:sqrt(R575_Quantity_sum)": 3.3661757514649486, 
            "NUM_DERIVATIVE:R783_Quantity_sum^2": 0.07268281981024338, 
            "NUM_DERIVATIVE:sqrt(R565_Quantity_sum)": 2.382367380124709, 
            "NUM_DERIVATIVE:R396_Quantity_sum^2": 0.023563666984192266, 
            "NUM_DERIVATIVE:sqrt(Quantity_sum)": 2.2026307341511235, 
            "NUM_DERIVATIVE:R606_Quantity_sum^2": 0.047765981917306535, 
            "NUM_DERIVATIVE:log(Initial_km)": 1.648646610044925, 
            "NUM_DERIVATIVE:R119_Quantity_sum^2": 0.027103423042959943, 
            "NUM_DERIVATIVE:log(R417_Quantity_sum)": 1.8069860950257757, 
            "NUM_DERIVATIVE:sqrt(R783_Quantity_sum)": 2.4493738606352595, 
            "NUM_DERIVATIVE:sqrt(R119_Quantity_sum)": 3.97414791505265, 
            "NUM_DERIVATIVE:Initial_km^2": 1.0281379741230203, 
            "NUM_DERIVATIVE:sqrt(R417_Quantity_sum)": 2.4525917446801078, 
            "NUM_DERIVATIVE:sqrt(R064_Quantity_sum)": 6.231305486177693, 
            "NUM_DERIVATIVE:log(R044_Quantity_sum)": 2.239957218539398, 
            "NUM_DERIVATIVE:log(R064_Quantity_sum)": 10.58674658038537, 
            "NUM_DERIVATIVE:sqrt(Initial_km)": 2.0044627640817057, 
            "NUM_DERIVATIVE:R417_Quantity_sum^2": 0.043149027721695994, 
            "NUM_DERIVATIVE:sqrt(R364_Quantity_sum)": 2.276924155301802, 
            "NUM_DERIVATIVE:R565_Quantity_sum^2": 0.0960043880422007, 
            "NUM_DERIVATIVE:log(R783_Quantity_sum)": 1.5123355908118052, 
            "NUM_DERIVATIVE:R193_Quantity_sum^2": 0.0950932768964888, 
            "NUM_DERIVATIVE:log(R575_Quantity_sum)": 2.998661240400675, 
            "NUM_DERIVATIVE:R044_Quantity_sum^2": 0.05257577706748686, 
            "NUM_DERIVATIVE:sqrt(R396_Quantity_sum)": 6.5198805339961305, 
            "NUM_DERIVATIVE:sqrt(R446_Quantity_sum)": 2.1682285072761736, 
            "NUM_DERIVATIVE:R064_Quantity_sum^2": 0.02380424474687737, 
            "NUM_DERIVATIVE:log(R446_Quantity_sum)": 1.0816879741718013, 
            "NUM_DERIVATIVE:Quantity_sum^2": 0.16407070026255874, 
            "NUM_DERIVATIVE:log(R119_Quantity_sum)": 1.747346657215959, 
            "NUM_DERIVATIVE:sqrt(R707_Quantity_sum)": 2.2123308302100355, 
            "NUM_DERIVATIVE:log(nb_km)": 0.6814452194871721, 
            "NUM_DERIVATIVE:R446_Quantity_sum^2": 0.1251851478329755, 
            "NUM_DERIVATIVE:sqrt(R044_Quantity_sum)": 3.0663334915749108, 
            "NUM_DERIVATIVE:log(R707_Quantity_sum)": 1.4757541772751783, 
            "NUM_DERIVATIVE:nb_km^2": 0.02434888954499048, 
            "NUM_DERIVATIVE:sqrt(nb_km)": 4.230612137299431, 
            "NUM_DERIVATIVE:R364_Quantity_sum^2": 0.09637330282173277, 
            "NUM_DERIVATIVE:log(R606_Quantity_sum)": 3.280578205398163, 
            "NUM_DERIVATIVE:sqrt(R606_Quantity_sum)": 3.8724749530930977
        }
    }
}