{
    "per_feature": {
        "R707_Quantity_sum": {
            "stats": {
                "std": 268.58598191690777, 
                "p99": 901.7200000000003, 
                "min": 0.0, 
                "max": 5279.0, 
                "average": 279.3268698060942, 
                "median": 224.0
            }, 
            "missing_impute_with_value": 279.3268698060942
        }, 
        "R782_Quantity_sum": {
            "stats": {}
        }, 
        "Quantity_sum": {
            "stats": {
                "std": 442.4770667463274, 
                "p99": 2441.96, 
                "min": 1.0, 
                "max": 5509.0, 
                "average": 523.3418282548477, 
                "median": 444.0
            }, 
            "missing_impute_with_value": 523.3418282548477
        }, 
        "failure_bin": {
            "stats": {}
        }, 
        "R364_Quantity_sum": {
            "stats": {
                "std": 28.336423741006676, 
                "p99": 94.96000000000004, 
                "min": 0.0, 
                "max": 477.0, 
                "average": 10.062049861495845, 
                "median": 2.0
            }, 
            "missing_impute_with_value": 10.062049861495845
        }, 
        "R565_Quantity_sum": {
            "stats": {
                "std": 266.0636074909688, 
                "p99": 983.9200000000019, 
                "min": 0.0, 
                "max": 4246.0, 
                "average": 133.49418282548476, 
                "median": 88.0
            }, 
            "missing_impute_with_value": 133.49418282548476
        }, 
        "R044_Quantity_sum": {
            "stats": {
                "std": 3.688427225322839, 
                "p99": 8.0, 
                "min": 0.0, 
                "max": 100.0, 
                "average": 0.4487534626038781, 
                "median": 0.0
            }, 
            "missing_impute_with_value": 0.4487534626038781
        }, 
        "R783_Quantity_sum": {
            "stats": {
                "std": 10.952560692463429, 
                "p99": 50.960000000000036, 
                "min": 0.0, 
                "max": 258.0, 
                "average": 2.5329639889196676, 
                "median": 0.0
            }, 
            "missing_impute_with_value": 2.5329639889196676
        }, 
        "R193_Quantity_sum": {
            "stats": {
                "std": 95.9264882758247, 
                "p99": 429.6800000000003, 
                "min": -1.0, 
                "max": 2006.0, 
                "average": 53.390581717451525, 
                "median": 25.0
            }, 
            "missing_impute_with_value": 53.390581717451525
        }, 
        "R446_Quantity_sum": {
            "stats": {
                "std": 26.921844198898246, 
                "p99": 108.0, 
                "min": -2.0, 
                "max": 351.0, 
                "average": 11.88808864265928, 
                "median": 3.0
            }, 
            "missing_impute_with_value": 11.88808864265928
        }, 
        "nb_km": {
            "stats": {
                "std": 3784.892988801169, 
                "p99": 2900.954395942721, 
                "min": 0.0, 
                "max": 159919.3518197203, 
                "average": 1817.3908569420635, 
                "median": 1798.9971563064792
            }, 
            "missing_impute_with_value": 1817.3908569420635
        }, 
        "Time_begin_exploitation": {
            "stats": {
                "std": 167.25578216035757, 
                "p99": 650.9200000000001, 
                "min": 0.0, 
                "max": 710.0, 
                "average": 124.3218836565097, 
                "median": 57.0
            }, 
            "missing_impute_with_value": 124.3218836565097
        }, 
        "Asset": {
            "stats": {}
        }, 
        "Initial_km": {
            "stats": {
                "std": 2308.3886052187718, 
                "p99": 33830.804318799215, 
                "min": 25740.475446546152, 
                "max": 34902.348411569845, 
                "average": 28956.387399086838, 
                "median": 28683.758500847118
            }, 
            "missing_impute_with_value": 28956.387399086838
        }, 
        "R575_Quantity_sum": {
            "stats": {
                "std": 3.869976537854933, 
                "p99": 7.960000000000036, 
                "min": 0.0, 
                "max": 112.0, 
                "average": 0.3684210526315789, 
                "median": 0.0
            }, 
            "missing_impute_with_value": 0.3684210526315789
        }, 
        "R064_Quantity_sum": {
            "stats": {
                "std": 1.8688730861361609, 
                "p99": 0.0, 
                "min": 0.0, 
                "max": 79.0, 
                "average": 0.0481994459833795, 
                "median": 0.0
            }, 
            "missing_impute_with_value": 0.0481994459833795
        }, 
        "R119_Quantity_sum": {
            "stats": {
                "std": 60.32945495603376, 
                "p99": 104.5600000000004, 
                "min": 0.0, 
                "max": 2391.0, 
                "average": 4.335180055401662, 
                "median": 0.0
            }, 
            "missing_impute_with_value": 4.335180055401662
        }, 
        "R396_Quantity_sum": {
            "stats": {
                "std": 2.283143092815645, 
                "p99": 0.0, 
                "min": 0.0, 
                "max": 97.0, 
                "average": 0.05373961218836565, 
                "median": 0.0
            }, 
            "missing_impute_with_value": 0.05373961218836565
        }, 
        "R606_Quantity_sum": {
            "stats": {
                "std": 8.278757705073051, 
                "p99": 4.0, 
                "min": 0.0, 
                "max": 203.0, 
                "average": 0.5706371191135734, 
                "median": 0.0
            }, 
            "missing_impute_with_value": 0.5706371191135734
        }, 
        "R417_Quantity_sum": {
            "stats": {
                "std": 109.62087941011082, 
                "p99": 285.84000000000015, 
                "min": 0.0, 
                "max": 3346.0, 
                "average": 26.822160664819943, 
                "median": 0.0
            }, 
            "missing_impute_with_value": 26.822160664819943
        }
    }, 
    "feature_order": [
        "R707_Quantity_sum", 
        "R782_Quantity_sum", 
        "failure_bin", 
        "R364_Quantity_sum", 
        "R565_Quantity_sum", 
        "R044_Quantity_sum", 
        "Quantity_sum", 
        "R783_Quantity_sum", 
        "R193_Quantity_sum", 
        "R446_Quantity_sum", 
        "nb_km", 
        "Time_begin_exploitation", 
        "Asset", 
        "Initial_km", 
        "R575_Quantity_sum", 
        "R064_Quantity_sum", 
        "R119_Quantity_sum", 
        "R396_Quantity_sum", 
        "R606_Quantity_sum", 
        "R417_Quantity_sum"
    ]
}