{
    "gridSize": 12, 
    "nThreads": 24, 
    "metric": "ROC_AUC", 
    "gridPoints": [
        {
            "index": 0, 
            "finishedAt": 1519401145902.0, 
            "score": 0.77413347314465175, 
            "parameters": {
                "max_features": "auto", 
                "min_samples_split": 3, 
                "n_estimators": 100, 
                "max_depth": 5, 
                "min_samples_leaf": 1
            }, 
            "time": 44382.0
        }, 
        {
            "index": 1, 
            "finishedAt": 1519401149141.0, 
            "score": 0.77680234586445374, 
            "parameters": {
                "max_features": "auto", 
                "min_samples_split": 3, 
                "n_estimators": 100, 
                "max_depth": 10, 
                "min_samples_leaf": 1
            }, 
            "time": 46517.0
        }, 
        {
            "index": 2, 
            "finishedAt": 1519401153389.0, 
            "score": 0.77608783297179529, 
            "parameters": {
                "max_features": "auto", 
                "min_samples_split": 3, 
                "n_estimators": 100, 
                "max_depth": 15, 
                "min_samples_leaf": 1
            }, 
            "time": 48921.0
        }, 
        {
            "index": 3, 
            "finishedAt": 1519401154011.0, 
            "score": 0.77878403432627308, 
            "parameters": {
                "max_features": "auto", 
                "min_samples_split": 3, 
                "n_estimators": 100, 
                "max_depth": 20, 
                "min_samples_leaf": 1
            }, 
            "time": 47880.0
        }, 
        {
            "index": 4, 
            "finishedAt": 1519401149093.0, 
            "score": 0.77329511499444914, 
            "parameters": {
                "max_features": "auto", 
                "min_samples_split": 30, 
                "n_estimators": 100, 
                "max_depth": 5, 
                "min_samples_leaf": 10
            }, 
            "time": 37671.0
        }, 
        {
            "index": 5, 
            "finishedAt": 1519401151703.0, 
            "score": 0.78474048562455134, 
            "parameters": {
                "max_features": "auto", 
                "min_samples_split": 30, 
                "n_estimators": 100, 
                "max_depth": 10, 
                "min_samples_leaf": 10
            }, 
            "time": 35939.0
        }, 
        {
            "index": 6, 
            "finishedAt": 1519401153856.0, 
            "score": 0.78437144522644575, 
            "parameters": {
                "max_features": "auto", 
                "min_samples_split": 30, 
                "n_estimators": 100, 
                "max_depth": 15, 
                "min_samples_leaf": 10
            }, 
            "time": 35259.0
        }, 
        {
            "index": 7, 
            "finishedAt": 1519401154039.0, 
            "score": 0.78430236178552759, 
            "parameters": {
                "max_features": "auto", 
                "min_samples_split": 30, 
                "n_estimators": 100, 
                "max_depth": 20, 
                "min_samples_leaf": 10
            }, 
            "time": 33348.0
        }, 
        {
            "index": 8, 
            "finishedAt": 1519401155877.0, 
            "score": 0.74988437968987121, 
            "parameters": {
                "max_features": "auto", 
                "min_samples_split": 300, 
                "n_estimators": 100, 
                "max_depth": 5, 
                "min_samples_leaf": 100
            }, 
            "time": 27334.0
        }, 
        {
            "index": 9, 
            "finishedAt": 1519401156062.0, 
            "score": 0.7499174622846938, 
            "parameters": {
                "max_features": "auto", 
                "min_samples_split": 300, 
                "n_estimators": 100, 
                "max_depth": 10, 
                "min_samples_leaf": 100
            }, 
            "time": 20211.0
        }, 
        {
            "index": 10, 
            "finishedAt": 1519401156238.0, 
            "score": 0.74988437968987121, 
            "parameters": {
                "max_features": "auto", 
                "min_samples_split": 300, 
                "n_estimators": 100, 
                "max_depth": 15, 
                "min_samples_leaf": 100
            }, 
            "time": 20136.0
        }, 
        {
            "index": 11, 
            "finishedAt": 1519401156234.0, 
            "score": 0.74988437968987121, 
            "parameters": {
                "max_features": "auto", 
                "min_samples_split": 300, 
                "n_estimators": 100, 
                "max_depth": 20, 
                "min_samples_leaf": 100
            }, 
            "time": 19220.0
        }
    ], 
    "startedAt": 1519401130051, 
    "nSplits": 3
}