[
    {
        "parameters": {
            "max_features": "auto", 
            "min_samples_split": 3, 
            "n_estimators": 100, 
            "max_depth": 5, 
            "min_samples_leaf": 1
        }, 
        "score_time": 1478, 
        "test_score": 0.738270787343635, 
        "fit_time": 13267, 
        "num_samples": 603, 
        "best_iteration": null, 
        "train_score": 0.925446932351369, 
        "parameter_id": 0, 
        "time": 14745, 
        "done_at": 1519401145722, 
        "grid_point_id": "{\"max_features\": \"auto\", \"min_samples_split\": 3, \"n_estimators\": 100, \"max_depth\": 5, \"min_samples_leaf\": 1}@0"
    }, 
    {
        "parameters": {
            "max_features": "auto", 
            "min_samples_split": 3, 
            "n_estimators": 100, 
            "max_depth": 5, 
            "min_samples_leaf": 1
        }, 
        "score_time": 1401, 
        "test_score": 0.8235730830908118, 
        "fit_time": 13416, 
        "num_samples": 601, 
        "best_iteration": null, 
        "train_score": 0.9220828174947799, 
        "parameter_id": 0, 
        "time": 14817, 
        "done_at": 1519401145902, 
        "grid_point_id": "{\"max_features\": \"auto\", \"min_samples_split\": 3, \"n_estimators\": 100, \"max_depth\": 5, \"min_samples_leaf\": 1}@2"
    }, 
    {
        "parameters": {
            "max_features": "auto", 
            "min_samples_split": 3, 
            "n_estimators": 100, 
            "max_depth": 5, 
            "min_samples_leaf": 1
        }, 
        "score_time": 1455, 
        "test_score": 0.7606758923798778, 
        "fit_time": 13365, 
        "num_samples": 601, 
        "best_iteration": null, 
        "train_score": 0.9232062676693953, 
        "parameter_id": 0, 
        "time": 14820, 
        "done_at": 1519401145885, 
        "grid_point_id": "{\"max_features\": \"auto\", \"min_samples_split\": 3, \"n_estimators\": 100, \"max_depth\": 5, \"min_samples_leaf\": 1}@1"
    }, 
    {
        "parameters": {
            "max_features": "auto", 
            "min_samples_split": 30, 
            "n_estimators": 100, 
            "max_depth": 5, 
            "min_samples_leaf": 10
        }, 
        "score_time": 1136, 
        "test_score": 0.8219397754944469, 
        "fit_time": 11358, 
        "num_samples": 601, 
        "best_iteration": null, 
        "train_score": 0.8915611892311388, 
        "parameter_id": 4, 
        "time": 12494, 
        "done_at": 1519401149093, 
        "grid_point_id": "{\"max_features\": \"auto\", \"min_samples_split\": 30, \"n_estimators\": 100, \"max_depth\": 5, \"min_samples_leaf\": 10}@2"
    }, 
    {
        "parameters": {
            "max_features": "auto", 
            "min_samples_split": 30, 
            "n_estimators": 100, 
            "max_depth": 15, 
            "min_samples_leaf": 10
        }, 
        "score_time": 2253, 
        "test_score": 0.8335065629268872, 
        "fit_time": 9066, 
        "num_samples": 601, 
        "best_iteration": null, 
        "train_score": 0.9460854782978251, 
        "parameter_id": 6, 
        "time": 11319, 
        "done_at": 1519401149588, 
        "grid_point_id": "{\"max_features\": \"auto\", \"min_samples_split\": 30, \"n_estimators\": 100, \"max_depth\": 15, \"min_samples_leaf\": 10}@2"
    }, 
    {
        "parameters": {
            "max_features": "auto", 
            "min_samples_split": 30, 
            "n_estimators": 100, 
            "max_depth": 5, 
            "min_samples_leaf": 10
        }, 
        "score_time": 966, 
        "test_score": 0.7631258537744254, 
        "fit_time": 11487, 
        "num_samples": 601, 
        "best_iteration": null, 
        "train_score": 0.8921340009978012, 
        "parameter_id": 4, 
        "time": 12453, 
        "done_at": 1519401148643, 
        "grid_point_id": "{\"max_features\": \"auto\", \"min_samples_split\": 30, \"n_estimators\": 100, \"max_depth\": 5, \"min_samples_leaf\": 10}@1"
    }, 
    {
        "parameters": {
            "max_features": "auto", 
            "min_samples_split": 3, 
            "n_estimators": 100, 
            "max_depth": 10, 
            "min_samples_leaf": 1
        }, 
        "score_time": 1159, 
        "test_score": 0.7453421633554084, 
        "fit_time": 14258, 
        "num_samples": 603, 
        "best_iteration": null, 
        "train_score": 0.9989606224386768, 
        "parameter_id": 1, 
        "time": 15417, 
        "done_at": 1519401148948, 
        "grid_point_id": "{\"max_features\": \"auto\", \"min_samples_split\": 3, \"n_estimators\": 100, \"max_depth\": 10, \"min_samples_leaf\": 1}@0"
    }, 
    {
        "parameters": {
            "max_features": "auto", 
            "min_samples_split": 30, 
            "n_estimators": 100, 
            "max_depth": 10, 
            "min_samples_leaf": 10
        }, 
        "score_time": 1414, 
        "test_score": 0.8350804775197482, 
        "fit_time": 10092, 
        "num_samples": 601, 
        "best_iteration": null, 
        "train_score": 0.9448622480090172, 
        "parameter_id": 5, 
        "time": 11506, 
        "done_at": 1519401148980, 
        "grid_point_id": "{\"max_features\": \"auto\", \"min_samples_split\": 30, \"n_estimators\": 100, \"max_depth\": 10, \"min_samples_leaf\": 10}@2"
    }, 
    {
        "parameters": {
            "max_features": "auto", 
            "min_samples_split": 3, 
            "n_estimators": 100, 
            "max_depth": 10, 
            "min_samples_leaf": 1
        }, 
        "score_time": 1484, 
        "test_score": 0.7610322504009028, 
        "fit_time": 14058, 
        "num_samples": 601, 
        "best_iteration": null, 
        "train_score": 0.9994013193148432, 
        "parameter_id": 1, 
        "time": 15542, 
        "done_at": 1519401149056, 
        "grid_point_id": "{\"max_features\": \"auto\", \"min_samples_split\": 3, \"n_estimators\": 100, \"max_depth\": 10, \"min_samples_leaf\": 1}@1"
    }, 
    {
        "parameters": {
            "max_features": "auto", 
            "min_samples_split": 30, 
            "n_estimators": 100, 
            "max_depth": 10, 
            "min_samples_leaf": 10
        }, 
        "score_time": 1516, 
        "test_score": 0.7711736057492427, 
        "fit_time": 10098, 
        "num_samples": 601, 
        "best_iteration": null, 
        "train_score": 0.9417062399526969, 
        "parameter_id": 5, 
        "time": 11614, 
        "done_at": 1519401148850, 
        "grid_point_id": "{\"max_features\": \"auto\", \"min_samples_split\": 30, \"n_estimators\": 100, \"max_depth\": 10, \"min_samples_leaf\": 10}@1"
    }, 
    {
        "parameters": {
            "max_features": "auto", 
            "min_samples_split": 3, 
            "n_estimators": 100, 
            "max_depth": 10, 
            "min_samples_leaf": 1
        }, 
        "score_time": 1511, 
        "test_score": 0.8241373166241017, 
        "fit_time": 14047, 
        "num_samples": 601, 
        "best_iteration": null, 
        "train_score": 0.9998854376466675, 
        "parameter_id": 1, 
        "time": 15558, 
        "done_at": 1519401149141, 
        "grid_point_id": "{\"max_features\": \"auto\", \"min_samples_split\": 3, \"n_estimators\": 100, \"max_depth\": 10, \"min_samples_leaf\": 1}@2"
    }, 
    {
        "parameters": {
            "max_features": "auto", 
            "min_samples_split": 30, 
            "n_estimators": 100, 
            "max_depth": 5, 
            "min_samples_leaf": 10
        }, 
        "score_time": 1021, 
        "test_score": 0.7346578366445916, 
        "fit_time": 11703, 
        "num_samples": 603, 
        "best_iteration": null, 
        "train_score": 0.8948632476094316, 
        "parameter_id": 4, 
        "time": 12724, 
        "done_at": 1519401148740, 
        "grid_point_id": "{\"max_features\": \"auto\", \"min_samples_split\": 30, \"n_estimators\": 100, \"max_depth\": 5, \"min_samples_leaf\": 10}@0"
    }, 
    {
        "parameters": {
            "max_features": "auto", 
            "min_samples_split": 30, 
            "n_estimators": 100, 
            "max_depth": 10, 
            "min_samples_leaf": 10
        }, 
        "score_time": 2520, 
        "test_score": 0.7477998528329655, 
        "fit_time": 10299, 
        "num_samples": 603, 
        "best_iteration": null, 
        "train_score": 0.9389848250876047, 
        "parameter_id": 5, 
        "time": 12819, 
        "done_at": 1519401151703, 
        "grid_point_id": "{\"max_features\": \"auto\", \"min_samples_split\": 30, \"n_estimators\": 100, \"max_depth\": 10, \"min_samples_leaf\": 10}@0"
    }, 
    {
        "parameters": {
            "max_features": "auto", 
            "min_samples_split": 30, 
            "n_estimators": 100, 
            "max_depth": 15, 
            "min_samples_leaf": 10
        }, 
        "score_time": 2365, 
        "test_score": 0.7482855040470935, 
        "fit_time": 9327, 
        "num_samples": 603, 
        "best_iteration": null, 
        "train_score": 0.9393671675476628, 
        "parameter_id": 6, 
        "time": 11692, 
        "done_at": 1519401149832, 
        "grid_point_id": "{\"max_features\": \"auto\", \"min_samples_split\": 30, \"n_estimators\": 100, \"max_depth\": 15, \"min_samples_leaf\": 10}@0"
    }, 
    {
        "parameters": {
            "max_features": "auto", 
            "min_samples_split": 3, 
            "n_estimators": 100, 
            "max_depth": 15, 
            "min_samples_leaf": 1
        }, 
        "score_time": 2461, 
        "test_score": 0.758567440755479, 
        "fit_time": 13678, 
        "num_samples": 601, 
        "best_iteration": null, 
        "train_score": 1.0, 
        "parameter_id": 2, 
        "time": 16139, 
        "done_at": 1519401151856, 
        "grid_point_id": "{\"max_features\": \"auto\", \"min_samples_split\": 3, \"n_estimators\": 100, \"max_depth\": 15, \"min_samples_leaf\": 1}@1"
    }, 
    {
        "parameters": {
            "max_features": "auto", 
            "min_samples_split": 3, 
            "n_estimators": 100, 
            "max_depth": 15, 
            "min_samples_leaf": 1
        }, 
        "score_time": 2630, 
        "test_score": 0.8302473718595951, 
        "fit_time": 13809, 
        "num_samples": 601, 
        "best_iteration": null, 
        "train_score": 1.0, 
        "parameter_id": 2, 
        "time": 16439, 
        "done_at": 1519401153389, 
        "grid_point_id": "{\"max_features\": \"auto\", \"min_samples_split\": 3, \"n_estimators\": 100, \"max_depth\": 15, \"min_samples_leaf\": 1}@2"
    }, 
    {
        "parameters": {
            "max_features": "auto", 
            "min_samples_split": 3, 
            "n_estimators": 100, 
            "max_depth": 15, 
            "min_samples_leaf": 1
        }, 
        "score_time": 2689, 
        "test_score": 0.7395069904341428, 
        "fit_time": 13654, 
        "num_samples": 603, 
        "best_iteration": null, 
        "train_score": 1.0, 
        "parameter_id": 2, 
        "time": 16343, 
        "done_at": 1519401152606, 
        "grid_point_id": "{\"max_features\": \"auto\", \"min_samples_split\": 3, \"n_estimators\": 100, \"max_depth\": 15, \"min_samples_leaf\": 1}@0"
    }, 
    {
        "parameters": {
            "max_features": "auto", 
            "min_samples_split": 30, 
            "n_estimators": 100, 
            "max_depth": 20, 
            "min_samples_leaf": 10
        }, 
        "score_time": 2831, 
        "test_score": 0.7711587574983666, 
        "fit_time": 8182, 
        "num_samples": 601, 
        "best_iteration": null, 
        "train_score": 0.942061013692049, 
        "parameter_id": 7, 
        "time": 11013, 
        "done_at": 1519401153871, 
        "grid_point_id": "{\"max_features\": \"auto\", \"min_samples_split\": 30, \"n_estimators\": 100, \"max_depth\": 20, \"min_samples_leaf\": 10}@1"
    }, 
    {
        "parameters": {
            "max_features": "auto", 
            "min_samples_split": 3, 
            "n_estimators": 100, 
            "max_depth": 20, 
            "min_samples_leaf": 1
        }, 
        "score_time": 2855, 
        "test_score": 0.7404930095658573, 
        "fit_time": 13191, 
        "num_samples": 603, 
        "best_iteration": null, 
        "train_score": 1.0, 
        "parameter_id": 3, 
        "time": 16046, 
        "done_at": 1519401154011, 
        "grid_point_id": "{\"max_features\": \"auto\", \"min_samples_split\": 3, \"n_estimators\": 100, \"max_depth\": 20, \"min_samples_leaf\": 1}@0"
    }, 
    {
        "parameters": {
            "max_features": "auto", 
            "min_samples_split": 30, 
            "n_estimators": 100, 
            "max_depth": 20, 
            "min_samples_leaf": 10
        }, 
        "score_time": 2841, 
        "test_score": 0.8335065629268872, 
        "fit_time": 8254, 
        "num_samples": 601, 
        "best_iteration": null, 
        "train_score": 0.9460854782978251, 
        "parameter_id": 7, 
        "time": 11095, 
        "done_at": 1519401153929, 
        "grid_point_id": "{\"max_features\": \"auto\", \"min_samples_split\": 30, \"n_estimators\": 100, \"max_depth\": 20, \"min_samples_leaf\": 10}@2"
    }, 
    {
        "parameters": {
            "max_features": "auto", 
            "min_samples_split": 3, 
            "n_estimators": 100, 
            "max_depth": 20, 
            "min_samples_leaf": 1
        }, 
        "score_time": 2754, 
        "test_score": 0.8290372394131971, 
        "fit_time": 13218, 
        "num_samples": 601, 
        "best_iteration": null, 
        "train_score": 1.0, 
        "parameter_id": 3, 
        "time": 15972, 
        "done_at": 1519401153891, 
        "grid_point_id": "{\"max_features\": \"auto\", \"min_samples_split\": 3, \"n_estimators\": 100, \"max_depth\": 20, \"min_samples_leaf\": 1}@2"
    }, 
    {
        "parameters": {
            "max_features": "auto", 
            "min_samples_split": 3, 
            "n_estimators": 100, 
            "max_depth": 20, 
            "min_samples_leaf": 1
        }, 
        "score_time": 2683, 
        "test_score": 0.7669492783750076, 
        "fit_time": 13179, 
        "num_samples": 601, 
        "best_iteration": null, 
        "train_score": 1.0, 
        "parameter_id": 3, 
        "time": 15862, 
        "done_at": 1519401153809, 
        "grid_point_id": "{\"max_features\": \"auto\", \"min_samples_split\": 3, \"n_estimators\": 100, \"max_depth\": 20, \"min_samples_leaf\": 1}@1"
    }, 
    {
        "parameters": {
            "max_features": "auto", 
            "min_samples_split": 30, 
            "n_estimators": 100, 
            "max_depth": 15, 
            "min_samples_leaf": 10
        }, 
        "score_time": 2943, 
        "test_score": 0.7711587574983666, 
        "fit_time": 9305, 
        "num_samples": 601, 
        "best_iteration": null, 
        "train_score": 0.942061013692049, 
        "parameter_id": 6, 
        "time": 12248, 
        "done_at": 1519401153856, 
        "grid_point_id": "{\"max_features\": \"auto\", \"min_samples_split\": 30, \"n_estimators\": 100, \"max_depth\": 15, \"min_samples_leaf\": 10}@1"
    }, 
    {
        "parameters": {
            "max_features": "auto", 
            "min_samples_split": 30, 
            "n_estimators": 100, 
            "max_depth": 20, 
            "min_samples_leaf": 10
        }, 
        "score_time": 2828, 
        "test_score": 0.7482855040470935, 
        "fit_time": 8412, 
        "num_samples": 603, 
        "best_iteration": null, 
        "train_score": 0.9393671675476628, 
        "parameter_id": 7, 
        "time": 11240, 
        "done_at": 1519401154039, 
        "grid_point_id": "{\"max_features\": \"auto\", \"min_samples_split\": 30, \"n_estimators\": 100, \"max_depth\": 20, \"min_samples_leaf\": 10}@0"
    }, 
    {
        "parameters": {
            "max_features": "auto", 
            "min_samples_split": 300, 
            "n_estimators": 100, 
            "max_depth": 5, 
            "min_samples_leaf": 100
        }, 
        "score_time": 867, 
        "test_score": 0.7139735099337747, 
        "fit_time": 8168, 
        "num_samples": 603, 
        "best_iteration": null, 
        "train_score": 0.7911426471461662, 
        "parameter_id": 8, 
        "time": 9035, 
        "done_at": 1519401155805, 
        "grid_point_id": "{\"max_features\": \"auto\", \"min_samples_split\": 300, \"n_estimators\": 100, \"max_depth\": 5, \"min_samples_leaf\": 100}@0"
    }, 
    {
        "parameters": {
            "max_features": "auto", 
            "min_samples_split": 300, 
            "n_estimators": 100, 
            "max_depth": 5, 
            "min_samples_leaf": 100
        }, 
        "score_time": 800, 
        "test_score": 0.7438305517610027, 
        "fit_time": 8336, 
        "num_samples": 601, 
        "best_iteration": null, 
        "train_score": 0.7831944418780835, 
        "parameter_id": 8, 
        "time": 9136, 
        "done_at": 1519401155810, 
        "grid_point_id": "{\"max_features\": \"auto\", \"min_samples_split\": 300, \"n_estimators\": 100, \"max_depth\": 5, \"min_samples_leaf\": 100}@1"
    }, 
    {
        "parameters": {
            "max_features": "auto", 
            "min_samples_split": 300, 
            "n_estimators": 100, 
            "max_depth": 15, 
            "min_samples_leaf": 100
        }, 
        "score_time": 527, 
        "test_score": 0.7139735099337747, 
        "fit_time": 5965, 
        "num_samples": 603, 
        "best_iteration": null, 
        "train_score": 0.7911426471461662, 
        "parameter_id": 10, 
        "time": 6492, 
        "done_at": 1519401156093, 
        "grid_point_id": "{\"max_features\": \"auto\", \"min_samples_split\": 300, \"n_estimators\": 100, \"max_depth\": 15, \"min_samples_leaf\": 100}@0"
    }, 
    {
        "parameters": {
            "max_features": "auto", 
            "min_samples_split": 300, 
            "n_estimators": 100, 
            "max_depth": 20, 
            "min_samples_leaf": 100
        }, 
        "score_time": 624, 
        "test_score": 0.7139735099337747, 
        "fit_time": 6093, 
        "num_samples": 603, 
        "best_iteration": null, 
        "train_score": 0.7911426471461662, 
        "parameter_id": 11, 
        "time": 6717, 
        "done_at": 1519401156234, 
        "grid_point_id": "{\"max_features\": \"auto\", \"min_samples_split\": 300, \"n_estimators\": 100, \"max_depth\": 20, \"min_samples_leaf\": 100}@0"
    }, 
    {
        "parameters": {
            "max_features": "auto", 
            "min_samples_split": 300, 
            "n_estimators": 100, 
            "max_depth": 10, 
            "min_samples_leaf": 100
        }, 
        "score_time": 509, 
        "test_score": 0.7438305517610027, 
        "fit_time": 6244, 
        "num_samples": 601, 
        "best_iteration": null, 
        "train_score": 0.7831944418780835, 
        "parameter_id": 9, 
        "time": 6753, 
        "done_at": 1519401155992, 
        "grid_point_id": "{\"max_features\": \"auto\", \"min_samples_split\": 300, \"n_estimators\": 100, \"max_depth\": 10, \"min_samples_leaf\": 100}@1"
    }, 
    {
        "parameters": {
            "max_features": "auto", 
            "min_samples_split": 300, 
            "n_estimators": 100, 
            "max_depth": 10, 
            "min_samples_leaf": 100
        }, 
        "score_time": 655, 
        "test_score": 0.7139735099337747, 
        "fit_time": 6247, 
        "num_samples": 603, 
        "best_iteration": null, 
        "train_score": 0.7911426471461662, 
        "parameter_id": 9, 
        "time": 6902, 
        "done_at": 1519401156054, 
        "grid_point_id": "{\"max_features\": \"auto\", \"min_samples_split\": 300, \"n_estimators\": 100, \"max_depth\": 10, \"min_samples_leaf\": 100}@0"
    }, 
    {
        "parameters": {
            "max_features": "auto", 
            "min_samples_split": 300, 
            "n_estimators": 100, 
            "max_depth": 10, 
            "min_samples_leaf": 100
        }, 
        "score_time": 516, 
        "test_score": 0.7919685811011462, 
        "fit_time": 6040, 
        "num_samples": 601, 
        "best_iteration": null, 
        "train_score": 0.769470980616789, 
        "parameter_id": 9, 
        "time": 6556, 
        "done_at": 1519401156062, 
        "grid_point_id": "{\"max_features\": \"auto\", \"min_samples_split\": 300, \"n_estimators\": 100, \"max_depth\": 10, \"min_samples_leaf\": 100}@2"
    }, 
    {
        "parameters": {
            "max_features": "auto", 
            "min_samples_split": 300, 
            "n_estimators": 100, 
            "max_depth": 20, 
            "min_samples_leaf": 100
        }, 
        "score_time": 577, 
        "test_score": 0.7438305517610027, 
        "fit_time": 6034, 
        "num_samples": 601, 
        "best_iteration": null, 
        "train_score": 0.7831944418780835, 
        "parameter_id": 11, 
        "time": 6611, 
        "done_at": 1519401156137, 
        "grid_point_id": "{\"max_features\": \"auto\", \"min_samples_split\": 300, \"n_estimators\": 100, \"max_depth\": 20, \"min_samples_leaf\": 100}@1"
    }, 
    {
        "parameters": {
            "max_features": "auto", 
            "min_samples_split": 300, 
            "n_estimators": 100, 
            "max_depth": 5, 
            "min_samples_leaf": 100
        }, 
        "score_time": 840, 
        "test_score": 0.7919685811011462, 
        "fit_time": 8323, 
        "num_samples": 601, 
        "best_iteration": null, 
        "train_score": 0.769470980616789, 
        "parameter_id": 8, 
        "time": 9163, 
        "done_at": 1519401155877, 
        "grid_point_id": "{\"max_features\": \"auto\", \"min_samples_split\": 300, \"n_estimators\": 100, \"max_depth\": 5, \"min_samples_leaf\": 100}@2"
    }, 
    {
        "parameters": {
            "max_features": "auto", 
            "min_samples_split": 300, 
            "n_estimators": 100, 
            "max_depth": 15, 
            "min_samples_leaf": 100
        }, 
        "score_time": 622, 
        "test_score": 0.7438305517610027, 
        "fit_time": 6251, 
        "num_samples": 601, 
        "best_iteration": null, 
        "train_score": 0.7831944418780835, 
        "parameter_id": 10, 
        "time": 6873, 
        "done_at": 1519401156238, 
        "grid_point_id": "{\"max_features\": \"auto\", \"min_samples_split\": 300, \"n_estimators\": 100, \"max_depth\": 15, \"min_samples_leaf\": 100}@1"
    }, 
    {
        "parameters": {
            "max_features": "auto", 
            "min_samples_split": 300, 
            "n_estimators": 100, 
            "max_depth": 20, 
            "min_samples_leaf": 100
        }, 
        "score_time": 507, 
        "test_score": 0.7919685811011462, 
        "fit_time": 5385, 
        "num_samples": 601, 
        "best_iteration": null, 
        "train_score": 0.769470980616789, 
        "parameter_id": 11, 
        "time": 5892, 
        "done_at": 1519401156086, 
        "grid_point_id": "{\"max_features\": \"auto\", \"min_samples_split\": 300, \"n_estimators\": 100, \"max_depth\": 20, \"min_samples_leaf\": 100}@2"
    }, 
    {
        "parameters": {
            "max_features": "auto", 
            "min_samples_split": 300, 
            "n_estimators": 100, 
            "max_depth": 15, 
            "min_samples_leaf": 100
        }, 
        "score_time": 613, 
        "test_score": 0.7919685811011462, 
        "fit_time": 6158, 
        "num_samples": 601, 
        "best_iteration": null, 
        "train_score": 0.769470980616789, 
        "parameter_id": 10, 
        "time": 6771, 
        "done_at": 1519401156130, 
        "grid_point_id": "{\"max_features\": \"auto\", \"min_samples_split\": 300, \"n_estimators\": 100, \"max_depth\": 15, \"min_samples_leaf\": 100}@2"
    }
]