{
    "usedGridSearch": true, 
    "probaAware": true, 
    "gridSize": 12, 
    "rawImportance": {
        "variables": [
            "NUM_DERIVATIVE:log(R565_Quantity_sum)", 
            "NUM_DERIVATIVE:R565_Quantity_sum^2", 
            "NUM_DERIVATIVE:log(R193_Quantity_sum)", 
            "NUM_DERIVATIVE:log(Quantity_sum)", 
            "NUM_DERIVATIVE:R707_Quantity_sum^2", 
            "NUM_DERIVATIVE:sqrt(R193_Quantity_sum)", 
            "NUM_DERIVATIVE:log(R364_Quantity_sum)", 
            "NUM_DERIVATIVE:sqrt(R575_Quantity_sum)", 
            "NUM_DERIVATIVE:sqrt(Quantity_sum)", 
            "NUM_DERIVATIVE:log(Initial_km)", 
            "NUM_DERIVATIVE:Initial_km^2", 
            "NUM_DERIVATIVE:log(R044_Quantity_sum)", 
            "NUM_DERIVATIVE:sqrt(Initial_km)", 
            "NUM_DERIVATIVE:sqrt(R364_Quantity_sum)", 
            "NUM_DERIVATIVE:sqrt(R417_Quantity_sum)", 
            "NUM_DERIVATIVE:R193_Quantity_sum^2", 
            "NUM_DERIVATIVE:log(R575_Quantity_sum)", 
            "NUM_DERIVATIVE:R044_Quantity_sum^2", 
            "NUM_DERIVATIVE:sqrt(R446_Quantity_sum)", 
            "NUM_DERIVATIVE:log(R446_Quantity_sum)", 
            "NUM_DERIVATIVE:Quantity_sum^2", 
            "NUM_DERIVATIVE:log(nb_km)", 
            "NUM_DERIVATIVE:log(R417_Quantity_sum)", 
            "NUM_DERIVATIVE:sqrt(R044_Quantity_sum)", 
            "NUM_DERIVATIVE:log(R707_Quantity_sum)", 
            "NUM_DERIVATIVE:sqrt(nb_km)", 
            "NUM_DERIVATIVE:R364_Quantity_sum^2", 
            "pw_linear:R193_Quantity_sum+Initial_km", 
            "pw_linear:R783_Quantity_sum+R193_Quantity_sum", 
            "pw_linear:R193_Quantity_sum+nb_km", 
            "pw_linear:R565_Quantity_sum-Initial_km", 
            "pw_linear:R707_Quantity_sum+R193_Quantity_sum", 
            "pw_linear:R193_Quantity_sum-Time_begin_exploitation", 
            "pw_linear:R565_Quantity_sum-R193_Quantity_sum", 
            "pw_linear:R193_Quantity_sum-R396_Quantity_sum", 
            "pw_linear:R193_Quantity_sum-R575_Quantity_sum", 
            "pw_linear:R044_Quantity_sum+R193_Quantity_sum", 
            "pw_linear:R193_Quantity_sum+R446_Quantity_sum", 
            "poly_int:Initial_km * R396_Quantity_sum", 
            "poly_int:R193_Quantity_sum * R575_Quantity_sum", 
            "poly_int:R707_Quantity_sum * R396_Quantity_sum", 
            "poly_int:R565_Quantity_sum * R193_Quantity_sum", 
            "poly_int:R575_Quantity_sum * R119_Quantity_sum", 
            "poly_int:Quantity_sum * R396_Quantity_sum", 
            "poly_int:R364_Quantity_sum * R064_Quantity_sum", 
            "poly_int:R707_Quantity_sum * R783_Quantity_sum", 
            "poly_int:Quantity_sum * R575_Quantity_sum", 
            "poly_int:R193_Quantity_sum * Time_begin_exploitation", 
            "poly_int:R783_Quantity_sum * R417_Quantity_sum", 
            "poly_int:Quantity_sum * Initial_km", 
            "poly_int:R707_Quantity_sum * R364_Quantity_sum", 
            "poly_int:R783_Quantity_sum * R606_Quantity_sum", 
            "poly_int:R565_Quantity_sum * R119_Quantity_sum", 
            "poly_int:R783_Quantity_sum * Time_begin_exploitation", 
            "poly_int:R707_Quantity_sum * R193_Quantity_sum", 
            "poly_int:R783_Quantity_sum * R575_Quantity_sum", 
            "poly_int:R606_Quantity_sum * R417_Quantity_sum", 
            "poly_int:Quantity_sum * R193_Quantity_sum", 
            "poly_int:R565_Quantity_sum * R417_Quantity_sum", 
            "poly_int:Time_begin_exploitation * R606_Quantity_sum", 
            "poly_int:R707_Quantity_sum * R606_Quantity_sum", 
            "poly_int:R707_Quantity_sum * R575_Quantity_sum", 
            "poly_int:R575_Quantity_sum * R396_Quantity_sum", 
            "poly_int:R783_Quantity_sum * nb_km", 
            "poly_int:R565_Quantity_sum * R396_Quantity_sum", 
            "poly_int:R707_Quantity_sum * nb_km", 
            "poly_int:R064_Quantity_sum * R119_Quantity_sum", 
            "poly_int:Quantity_sum * R606_Quantity_sum", 
            "poly_int:Initial_km * R119_Quantity_sum", 
            "poly_int:R783_Quantity_sum * R119_Quantity_sum", 
            "poly_int:nb_km * Initial_km", 
            "poly_int:R783_Quantity_sum * R396_Quantity_sum", 
            "poly_int:Time_begin_exploitation * Initial_km", 
            "poly_int:Time_begin_exploitation * R119_Quantity_sum", 
            "poly_int:R707_Quantity_sum * Initial_km", 
            "poly_int:Initial_km * R606_Quantity_sum", 
            "poly_int:nb_km * Time_begin_exploitation", 
            "poly_int:R193_Quantity_sum * nb_km", 
            "poly_int:nb_km * R396_Quantity_sum", 
            "poly_int:R064_Quantity_sum * R396_Quantity_sum", 
            "poly_int:R396_Quantity_sum * R606_Quantity_sum", 
            "poly_int:R783_Quantity_sum * Initial_km", 
            "poly_int:R783_Quantity_sum * R193_Quantity_sum", 
            "poly_int:R565_Quantity_sum * nb_km", 
            "poly_int:R707_Quantity_sum * R565_Quantity_sum", 
            "poly_int:R119_Quantity_sum * R396_Quantity_sum", 
            "poly_int:R565_Quantity_sum * R064_Quantity_sum", 
            "poly_int:R364_Quantity_sum * Initial_km", 
            "poly_int:Quantity_sum * Time_begin_exploitation", 
            "poly_int:R364_Quantity_sum * R193_Quantity_sum", 
            "poly_int:R193_Quantity_sum * Initial_km", 
            "poly_int:R064_Quantity_sum * R606_Quantity_sum", 
            "poly_int:R364_Quantity_sum * R565_Quantity_sum", 
            "poly_int:R364_Quantity_sum * Quantity_sum", 
            "poly_int:R193_Quantity_sum * R064_Quantity_sum", 
            "poly_int:Quantity_sum * nb_km", 
            "poly_int:R707_Quantity_sum * Time_begin_exploitation", 
            "poly_int:nb_km * R417_Quantity_sum", 
            "poly_int:Quantity_sum * R417_Quantity_sum", 
            "poly_int:R119_Quantity_sum * R606_Quantity_sum", 
            "poly_int:Quantity_sum * R783_Quantity_sum", 
            "poly_int:R193_Quantity_sum * R396_Quantity_sum", 
            "poly_int:nb_km * R119_Quantity_sum", 
            "poly_int:R193_Quantity_sum * R417_Quantity_sum", 
            "poly_int:Initial_km * R575_Quantity_sum", 
            "poly_int:nb_km * R575_Quantity_sum", 
            "poly_int:R565_Quantity_sum * Quantity_sum", 
            "poly_int:nb_km * R064_Quantity_sum"
        ], 
        "importances": [
            0.0012202976950048544, 
            0.0030972981292414089, 
            0.0021019712163148395, 
            0.0040859733900976405, 
            0.0058228198491004877, 
            0.0084889667109988992, 
            0.00096797323878724888, 
            0.00046369276556893846, 
            0.0030139449614868087, 
            0.0023884223452920938, 
            0.0080951178612445242, 
            7.6435029511804915e-05, 
            0.0027248009216236531, 
            0.00025648784995407155, 
            0.0019393422677500057, 
            0.0059656377517251658, 
            0.00020650925654327616, 
            6.1852236924087869e-05, 
            0.0076974241453804156, 
            0.0024683774895633993, 
            0.0071207061089114121, 
            0.011616172595211714, 
            0.0014798603244295871, 
            0.0004631153013530733, 
            0.00095365927068596034, 
            0.017752409975662044, 
            0.0026503359771196965, 
            0.025199722496019084, 
            0.015542457861520663, 
            0.047401458972258011, 
            0.010393888687070519, 
            0.019914712368321721, 
            0.045529120722506915, 
            0.014496232249760216, 
            0.034836683684738912, 
            0.044246921189698502, 
            0.027761351681995304, 
            0.012435027049365775, 
            0.0048318870342188899, 
            0.0018617808894944936, 
            0.0066312057512123261, 
            0.0029586273958050469, 
            0.0049637524932717439, 
            0.0044398070980041808, 
            0.0063520737063884562, 
            0.014741273774559662, 
            0.00062962865871771028, 
            0.0074754565902643913, 
            0.010686253068034052, 
            0.0094416175238155996, 
            0.0083118186458805039, 
            0.011280966452342379, 
            0.0088698227912060394, 
            0.013018519753434779, 
            0.0046489575586991126, 
            0.025368120235540453, 
            0.011759521059720456, 
            0.0045964837748632172, 
            0.024154361328567398, 
            0.024173329398860185, 
            0.019404796029410282, 
            0.012779367661119154, 
            0.003092055610562337, 
            0.0051810661646863546, 
            0.0028808747531312282, 
            0.010785640896359118, 
            0.0070190461969252826, 
            0.0089860610688994903, 
            0.0061342487999738356, 
            0.0064417455057765314, 
            0.0048559151711851309, 
            0.016758082309822526, 
            0.0094882885278435251, 
            0.0071787268441422074, 
            0.0089708929964521563, 
            0.0065418543206598257, 
            0.0087479500881989577, 
            0.0033489754639348264, 
            0.0037508462839924454, 
            0.0032709806260224593, 
            0.018695829813110021, 
            0.0066484597560079843, 
            0.0044528791007096271, 
            0.00095254519774633825, 
            0.015626637853023918, 
            0.0056780444495487812, 
            0.0010064201387753179, 
            0.0069828978240237052, 
            0.012821049325389631, 
            0.0054985888732598598, 
            0.0062205261129118835, 
            0.030108572234990406, 
            0.005828849958925836, 
            0.0056679210504003959, 
            0.0036643650910632986, 
            0.0035342955640350377, 
            0.017982887917215463, 
            0.010115243928621337, 
            0.012208424862234122, 
            0.0086173763436843739, 
            0.015947983386461952, 
            0.0035690989381887083, 
            0.0053845414200535567, 
            0.0083288376367468622, 
            0.0079279807776153274, 
            0.0027526598167619482, 
            0.0025823491197895392, 
            0.0034448715779632853
        ]
    }, 
    "modelInputNRows": 1805, 
    "modelInputNCols": 114, 
    "modelInputMemory": 1646160, 
    "gridCells": [
        {
            "scoreTimeStd": 0.03227313984655901, 
            "scoreTime": 1.4446666666666665, 
            "fitTime": 13.349333333333334, 
            "score": 0.77413347314465186, 
            "params": {
                "max_features": "auto", 
                "min_samples_split": 3, 
                "n_estimators": 100, 
                "max_depth": 5, 
                "min_samples_leaf": 1
            }, 
            "fitTimeStd": 0.061829514706885226, 
            "scoreStd": 0.036108424174416405
        }, 
        {
            "scoreTimeStd": 0.15995068684510924, 
            "scoreTime": 1.3846666666666667, 
            "fitTime": 14.121, 
            "score": 0.77680234586445374, 
            "params": {
                "max_features": "auto", 
                "min_samples_split": 3, 
                "n_estimators": 100, 
                "max_depth": 10, 
                "min_samples_leaf": 1
            }, 
            "fitTimeStd": 0.096977660657836876, 
            "scoreStd": 0.034051302303571764
        }, 
        {
            "scoreTimeStd": 0.096624128571605947, 
            "scoreTime": 2.5933333333333333, 
            "fitTime": 13.713666666666667, 
            "score": 0.77606671335925081, 
            "params": {
                "max_features": "auto", 
                "min_samples_split": 3, 
                "n_estimators": 100, 
                "max_depth": 15, 
                "min_samples_leaf": 1
            }, 
            "fitTimeStd": 0.068119176611451782, 
            "scoreStd": 0.039062990474969923
        }, 
        {
            "scoreTimeStd": 0.070573838401114863, 
            "scoreTime": 2.7639999999999998, 
            "fitTime": 13.196, 
            "score": 0.77878403432627308, 
            "params": {
                "max_features": "auto", 
                "min_samples_split": 3, 
                "n_estimators": 100, 
                "max_depth": 20, 
                "min_samples_leaf": 1
            }, 
            "fitTimeStd": 0.016309506430299908, 
            "scoreStd": 0.037112192276379165
        }, 
        {
            "scoreTimeStd": 0.070828431202919234, 
            "scoreTime": 1.0409999999999999, 
            "fitTime": 11.516, 
            "score": 0.77319840370486481, 
            "params": {
                "max_features": "auto", 
                "min_samples_split": 30, 
                "n_estimators": 100, 
                "max_depth": 5, 
                "min_samples_leaf": 10
            }, 
            "fitTimeStd": 0.14233060106667106, 
            "scoreStd": 0.036346021289296031
        }, 
        {
            "scoreTimeStd": 0.49907202775640402, 
            "scoreTime": 1.8166666666666664, 
            "fitTime": 10.162999999999998, 
            "score": 0.78464377579110334, 
            "params": {
                "max_features": "auto", 
                "min_samples_split": 30, 
                "n_estimators": 100, 
                "max_depth": 10, 
                "min_samples_leaf": 10
            }, 
            "fitTimeStd": 0.096197713070529364, 
            "scoreStd": 0.036890692345616281
        }, 
        {
            "scoreTimeStd": 0.30234784970662881, 
            "scoreTime": 2.5203333333333333, 
            "fitTime": 9.2326666666666668, 
            "score": 0.78427701746037393, 
            "params": {
                "max_features": "auto", 
                "min_samples_split": 30, 
                "n_estimators": 100, 
                "max_depth": 15, 
                "min_samples_leaf": 10
            }, 
            "fitTimeStd": 0.11819287438570676, 
            "scoreStd": 0.036013981291156558
        }, 
        {
            "scoreTimeStd": 0.0055577773335111647, 
            "scoreTime": 2.8333333333333335, 
            "fitTime": 8.2826666666666657, 
            "score": 0.78427701746037393, 
            "params": {
                "max_features": "auto", 
                "min_samples_split": 30, 
                "n_estimators": 100, 
                "max_depth": 20, 
                "min_samples_leaf": 10
            }, 
            "fitTimeStd": 0.09606016633108444, 
            "scoreStd": 0.036013981291156558
        }, 
        {
            "scoreTimeStd": 0.027523727137790662, 
            "scoreTime": 0.83566666666666667, 
            "fitTime": 8.2756666666666661, 
            "score": 0.74988437968987121, 
            "params": {
                "max_features": "auto", 
                "min_samples_split": 300, 
                "n_estimators": 100, 
                "max_depth": 5, 
                "min_samples_leaf": 100
            }, 
            "fitTimeStd": 0.076316592050630114, 
            "scoreStd": 0.032136034823025399
        }, 
        {
            "scoreTimeStd": 0.06723590310739247, 
            "scoreTime": 0.56000000000000005, 
            "fitTime": 6.1769999999999996, 
            "score": 0.74988437968987121, 
            "params": {
                "max_features": "auto", 
                "min_samples_split": 300, 
                "n_estimators": 100, 
                "max_depth": 10, 
                "min_samples_leaf": 100
            }, 
            "fitTimeStd": 0.096881370758262808, 
            "scoreStd": 0.032136034823025399
        }, 
        {
            "scoreTimeStd": 0.042820036846732794, 
            "scoreTime": 0.58733333333333337, 
            "fitTime": 6.1246666666666671, 
            "score": 0.74988437968987121, 
            "params": {
                "max_features": "auto", 
                "min_samples_split": 300, 
                "n_estimators": 100, 
                "max_depth": 15, 
                "min_samples_leaf": 100
            }, 
            "fitTimeStd": 0.1191143241689356, 
            "scoreStd": 0.032136034823025399
        }, 
        {
            "scoreTimeStd": 0.048071705699807329, 
            "scoreTime": 0.56933333333333336, 
            "fitTime": 5.8373333333333335, 
            "score": 0.74988437968987121, 
            "params": {
                "max_features": "auto", 
                "min_samples_split": 300, 
                "n_estimators": 100, 
                "max_depth": 20, 
                "min_samples_leaf": 100
            }, 
            "fitTimeStd": 0.3207536264625685, 
            "scoreStd": 0.032136034823025399
        }
    ], 
    "gridBestScore": 0.78464377579110334, 
    "modelInputIsSparse": false
}