{
    "liftVizData": {
        "folds": [
            [
                {
                    "cum_lift": 0.2808988764, 
                    "cum_size": 0.0997229917
                }, 
                {
                    "cum_lift": 0.4943820225, 
                    "cum_size": 0.1994459834
                }, 
                {
                    "cum_lift": 0.6516853933, 
                    "cum_size": 0.2991689751
                }, 
                {
                    "cum_lift": 0.7640449438, 
                    "cum_size": 0.3988919668
                }, 
                {
                    "cum_lift": 0.8314606742, 
                    "cum_size": 0.4986149584
                }, 
                {
                    "cum_lift": 0.8876404494, 
                    "cum_size": 0.5983379501
                }, 
                {
                    "cum_lift": 0.9325842697, 
                    "cum_size": 0.6980609418
                }, 
                {
                    "cum_lift": 0.9775280899, 
                    "cum_size": 0.7977839335
                }, 
                {
                    "cum_lift": 0.9887640449, 
                    "cum_size": 0.8975069252
                }, 
                {
                    "cum_lift": 1.0, 
                    "cum_size": 1.0
                }
            ], 
            [
                {
                    "cum_lift": 0.2291666667, 
                    "cum_size": 0.0997229917
                }, 
                {
                    "cum_lift": 0.46875, 
                    "cum_size": 0.1994459834
                }, 
                {
                    "cum_lift": 0.5833333333, 
                    "cum_size": 0.2991689751
                }, 
                {
                    "cum_lift": 0.7083333333, 
                    "cum_size": 0.3988919668
                }, 
                {
                    "cum_lift": 0.7916666667, 
                    "cum_size": 0.4986149584
                }, 
                {
                    "cum_lift": 0.8541666667, 
                    "cum_size": 0.5983379501
                }, 
                {
                    "cum_lift": 0.875, 
                    "cum_size": 0.6980609418
                }, 
                {
                    "cum_lift": 0.9583333333, 
                    "cum_size": 0.7977839335
                }, 
                {
                    "cum_lift": 0.9895833333, 
                    "cum_size": 0.8975069252
                }, 
                {
                    "cum_lift": 1.0, 
                    "cum_size": 1.0
                }
            ], 
            [
                {
                    "cum_lift": 0.2916666667, 
                    "cum_size": 0.0997229917
                }, 
                {
                    "cum_lift": 0.4791666667, 
                    "cum_size": 0.1994459834
                }, 
                {
                    "cum_lift": 0.5625, 
                    "cum_size": 0.2991689751
                }, 
                {
                    "cum_lift": 0.7083333333, 
                    "cum_size": 0.3988919668
                }, 
                {
                    "cum_lift": 0.7916666667, 
                    "cum_size": 0.4986149584
                }, 
                {
                    "cum_lift": 0.8854166667, 
                    "cum_size": 0.5983379501
                }, 
                {
                    "cum_lift": 0.9166666667, 
                    "cum_size": 0.6980609418
                }, 
                {
                    "cum_lift": 0.9583333333, 
                    "cum_size": 0.7977839335
                }, 
                {
                    "cum_lift": 1.0, 
                    "cum_size": 0.8975069252
                }, 
                {
                    "cum_lift": 1.0, 
                    "cum_size": 1.0
                }
            ], 
            [
                {
                    "cum_lift": 0.2564102564, 
                    "cum_size": 0.0997229917
                }, 
                {
                    "cum_lift": 0.4743589744, 
                    "cum_size": 0.1994459834
                }, 
                {
                    "cum_lift": 0.641025641, 
                    "cum_size": 0.2991689751
                }, 
                {
                    "cum_lift": 0.7051282051, 
                    "cum_size": 0.3988919668
                }, 
                {
                    "cum_lift": 0.7948717949, 
                    "cum_size": 0.4986149584
                }, 
                {
                    "cum_lift": 0.858974359, 
                    "cum_size": 0.5983379501
                }, 
                {
                    "cum_lift": 0.9358974359, 
                    "cum_size": 0.6980609418
                }, 
                {
                    "cum_lift": 0.9743589744, 
                    "cum_size": 0.7977839335
                }, 
                {
                    "cum_lift": 1.0, 
                    "cum_size": 0.8975069252
                }, 
                {
                    "cum_lift": 1.0, 
                    "cum_size": 1.0
                }
            ], 
            [
                {
                    "cum_lift": 0.2696629213, 
                    "cum_size": 0.0997229917
                }, 
                {
                    "cum_lift": 0.5280898876, 
                    "cum_size": 0.1994459834
                }, 
                {
                    "cum_lift": 0.6292134831, 
                    "cum_size": 0.2991689751
                }, 
                {
                    "cum_lift": 0.7415730337, 
                    "cum_size": 0.3988919668
                }, 
                {
                    "cum_lift": 0.808988764, 
                    "cum_size": 0.4986149584
                }, 
                {
                    "cum_lift": 0.8651685393, 
                    "cum_size": 0.5983379501
                }, 
                {
                    "cum_lift": 0.9101123596, 
                    "cum_size": 0.6980609418
                }, 
                {
                    "cum_lift": 0.9550561798, 
                    "cum_size": 0.7977839335
                }, 
                {
                    "cum_lift": 0.9887640449, 
                    "cum_size": 0.8975069252
                }, 
                {
                    "cum_lift": 1.0, 
                    "cum_size": 1.0
                }
            ]
        ], 
        "wizard": {
            "positives": 78, 
            "total": 361
        }, 
        "bins": [
            {
                "cum_lift": 0.2808988764, 
                "bin_pos_prop": 0.6944444444, 
                "bin_min": 0.6772943701, 
                "percentile_idx": 0, 
                "cum_size": 0.0997229917, 
                "bin_lift": 2.8167915106, 
                "bin_max": 0.8761625364
            }, 
            {
                "cum_lift": 0.4943820225, 
                "bin_pos_prop": 0.5277777778, 
                "bin_min": 0.6005606346, 
                "percentile_idx": 1, 
                "cum_size": 0.1994459834, 
                "bin_lift": 2.1407615481, 
                "bin_max": 0.6772943701
            }, 
            {
                "cum_lift": 0.6516853933, 
                "bin_pos_prop": 0.3888888889, 
                "bin_min": 0.5235639768, 
                "percentile_idx": 2, 
                "cum_size": 0.2991689751, 
                "bin_lift": 1.5774032459, 
                "bin_max": 0.6005606346
            }, 
            {
                "cum_lift": 0.7640449438, 
                "bin_pos_prop": 0.2777777778, 
                "bin_min": 0.444444869, 
                "percentile_idx": 3, 
                "cum_size": 0.3988919668, 
                "bin_lift": 1.1267166042, 
                "bin_max": 0.5235639768
            }, 
            {
                "cum_lift": 0.8314606742, 
                "bin_pos_prop": 0.1666666667, 
                "bin_min": 0.3853250459, 
                "percentile_idx": 4, 
                "cum_size": 0.4986149584, 
                "bin_lift": 0.6760299625, 
                "bin_max": 0.444444869
            }, 
            {
                "cum_lift": 0.8876404494, 
                "bin_pos_prop": 0.1388888889, 
                "bin_min": 0.3131492203, 
                "percentile_idx": 5, 
                "cum_size": 0.5983379501, 
                "bin_lift": 0.5633583021, 
                "bin_max": 0.3853250459
            }, 
            {
                "cum_lift": 0.9325842697, 
                "bin_pos_prop": 0.1111111111, 
                "bin_min": 0.2340817217, 
                "percentile_idx": 6, 
                "cum_size": 0.6980609418, 
                "bin_lift": 0.4506866417, 
                "bin_max": 0.3131492203
            }, 
            {
                "cum_lift": 0.9775280899, 
                "bin_pos_prop": 0.1111111111, 
                "bin_min": 0.1806632672, 
                "percentile_idx": 7, 
                "cum_size": 0.7977839335, 
                "bin_lift": 0.4506866417, 
                "bin_max": 0.2340817217
            }, 
            {
                "cum_lift": 0.9887640449, 
                "bin_pos_prop": 0.0277777778, 
                "bin_min": 0.087461185, 
                "percentile_idx": 8, 
                "cum_size": 0.8975069252, 
                "bin_lift": 0.1126716604, 
                "bin_max": 0.1806632672
            }, 
            {
                "cum_lift": 1.0, 
                "bin_pos_prop": 0.027027027, 
                "bin_min": 0.0023818235, 
                "percentile_idx": 9, 
                "cum_size": 1.0, 
                "bin_lift": 0.1096264804, 
                "bin_max": 0.087461185
            }
        ]
    }, 
    "probaAware": true, 
    "usedThreshold": 0.47500000000000003, 
    "probaPercentiles": [
        0.009328935920987245, 
        0.0192021237196656, 
        0.02983314494768523, 
        0.03519728110947548, 
        0.04036364744182099, 
        0.05597081297544784, 
        0.058793273926611996, 
        0.0685317882472655, 
        0.08218567559481177, 
        0.08746118498878613, 
        0.09794432714467212, 
        0.1124035511139373, 
        0.13289691278717608, 
        0.14104079945161935, 
        0.15217134778061828, 
        0.16295721146042919, 
        0.1676874796052059, 
        0.17453799824267924, 
        0.17863499091757046, 
        0.18066326718401246, 
        0.188328773357826, 
        0.1924582094834157, 
        0.20021815164677725, 
        0.20502320629675183, 
        0.20739177205344916, 
        0.20928652651120105, 
        0.21382393497371782, 
        0.22114671190970936, 
        0.22846309976565923, 
        0.23408172170960154, 
        0.24001742694639305, 
        0.24921458278919467, 
        0.2571928201873468, 
        0.26108515544559086, 
        0.27321659203370746, 
        0.2776798261300157, 
        0.28759182652508, 
        0.29273889188346025, 
        0.30018444439218844, 
        0.3131492203420012, 
        0.3163663927843369, 
        0.3269065266958384, 
        0.3340043149836581, 
        0.3406865955226335, 
        0.34515784946960215, 
        0.35471660125593507, 
        0.3592450113763581, 
        0.3679868543598268, 
        0.3780035658094253, 
        0.38532504593542277, 
        0.39321840852303974, 
        0.397707583094175, 
        0.40038564983899966, 
        0.4073891970000811, 
        0.4096436850989484, 
        0.4126039623971782, 
        0.4210521591250543, 
        0.4289137758494494, 
        0.4390839057100858, 
        0.4444448689967284, 
        0.45191056610009284, 
        0.4637367813171062, 
        0.4709963927341961, 
        0.47923884094933, 
        0.4863184984956275, 
        0.490476167388602, 
        0.49960292670843154, 
        0.5090368449544748, 
        0.5180322608267239, 
        0.5235639768378765, 
        0.5286289142721726, 
        0.5365931367984862, 
        0.5418839648616628, 
        0.5453507291222944, 
        0.5606272295834671, 
        0.5722178961328184, 
        0.5799021592422743, 
        0.5816347348773716, 
        0.5892011788811695, 
        0.600560634605351, 
        0.6049143884577503, 
        0.6083469378690328, 
        0.6110998963281836, 
        0.6159178107480987, 
        0.6223178003468823, 
        0.629690451514002, 
        0.6374423192333671, 
        0.65634465398983, 
        0.6623926747370392, 
        0.6772943701253047, 
        0.6864793795504156, 
        0.7001343711445064, 
        0.7170126617642847, 
        0.7234285232791233, 
        0.7333749186364943, 
        0.7650521818720863, 
        0.8039607852729053, 
        0.813287731115791, 
        0.8605578903446636
    ], 
    "rocVizData": [
        [
            {
                "y": 0.0, 
                "x": 0.0, 
                "p": 1.8761625363826182
            }, 
            {
                "y": 0.10112359550561797, 
                "x": 0.011029411764705883, 
                "p": 0.80265764478556578
            }, 
            {
                "y": 0.15730337078651685, 
                "x": 0.018382352941176471, 
                "p": 0.73337491863649429
            }, 
            {
                "y": 0.2808988764044944, 
                "x": 0.029411764705882353, 
                "p": 0.68729098181778259
            }, 
            {
                "y": 0.34831460674157305, 
                "x": 0.05514705882352941, 
                "p": 0.64190785877034418
            }, 
            {
                "y": 0.38202247191011235, 
                "x": 0.073529411764705885, 
                "p": 0.62594061232335108
            }, 
            {
                "y": 0.4157303370786517, 
                "x": 0.10294117647058823, 
                "p": 0.60845861155804681
            }, 
            {
                "y": 0.4943820224719101, 
                "x": 0.10294117647058823, 
                "p": 0.60073028897527403
            }, 
            {
                "y": 0.5280898876404494, 
                "x": 0.125, 
                "p": 0.58155826092202756
            }, 
            {
                "y": 0.550561797752809, 
                "x": 0.15441176470588236, 
                "p": 0.56062722958346711
            }, 
            {
                "y": 0.5955056179775281, 
                "x": 0.16911764705882354, 
                "p": 0.54076407372485902
            }, 
            {
                "y": 0.651685393258427, 
                "x": 0.18382352941176472, 
                "p": 0.52550184365371588
            }, 
            {
                "y": 0.6853932584269663, 
                "x": 0.20955882352941177, 
                "p": 0.50469635561734794
            }, 
            {
                "y": 0.7303370786516854, 
                "x": 0.22794117647058823, 
                "p": 0.48631849849562753
            }, 
            {
                "y": 0.7528089887640449, 
                "x": 0.25735294117647056, 
                "p": 0.46381335657757927
            }, 
            {
                "y": 0.7752808988764045, 
                "x": 0.35661764705882354, 
                "p": 0.40764180385219623
            }, 
            {
                "y": 0.8202247191011236, 
                "x": 0.36764705882352944, 
                "p": 0.39926084548284718
            }, 
            {
                "y": 0.8314606741573034, 
                "x": 0.41176470588235292, 
                "p": 0.36908737062409686
            }, 
            {
                "y": 0.8539325842696629, 
                "x": 0.44485294117647056, 
                "p": 0.3487670218633982
            }, 
            {
                "y": 0.8764044943820225, 
                "x": 0.48529411764705882, 
                "p": 0.32662371273392166
            }, 
            {
                "y": 0.898876404494382, 
                "x": 0.51470588235294112, 
                "p": 0.30635280175371848
            }, 
            {
                "y": 0.9101123595505618, 
                "x": 0.56617647058823528, 
                "p": 0.27321659203370752
            }, 
            {
                "y": 0.93258426966292129, 
                "x": 0.625, 
                "p": 0.23408172170960154
            }, 
            {
                "y": 0.9662921348314607, 
                "x": 0.65808823529411764, 
                "p": 0.21054972772622868
            }, 
            {
                "y": 0.9662921348314607, 
                "x": 0.7095588235294118, 
                "p": 0.19719489353405931
            }, 
            {
                "y": 0.97752808988764039, 
                "x": 0.7720588235294118, 
                "p": 0.1733568911788069
            }, 
            {
                "y": 0.9887640449438202, 
                "x": 0.88602941176470584, 
                "p": 0.079978226112624173
            }, 
            {
                "y": 1.0, 
                "x": 1.0, 
                "p": 0.0023818235035855399
            }
        ], 
        [
            {
                "y": 0.010416666666666666, 
                "x": 0.0, 
                "p": 0.90992334346807269
            }, 
            {
                "y": 0.052083333333333336, 
                "x": 0.011320754716981131, 
                "p": 0.79773038830523846
            }, 
            {
                "y": 0.10416666666666667, 
                "x": 0.01509433962264151, 
                "p": 0.77318166545879319
            }, 
            {
                "y": 0.14583333333333334, 
                "x": 0.026415094339622643, 
                "p": 0.73992594251298816
            }, 
            {
                "y": 0.19791666666666666, 
                "x": 0.037735849056603772, 
                "p": 0.72545107673962039
            }, 
            {
                "y": 0.29166666666666669, 
                "x": 0.052830188679245285, 
                "p": 0.6823147744189173
            }, 
            {
                "y": 0.375, 
                "x": 0.067924528301886791, 
                "p": 0.64807808356274932
            }, 
            {
                "y": 0.42708333333333331, 
                "x": 0.083018867924528297, 
                "p": 0.62653342250804145
            }, 
            {
                "y": 0.45833333333333331, 
                "x": 0.10188679245283019, 
                "p": 0.60870592261692869
            }, 
            {
                "y": 0.48958333333333331, 
                "x": 0.12075471698113208, 
                "p": 0.59637602710100424
            }, 
            {
                "y": 0.52083333333333337, 
                "x": 0.13962264150943396, 
                "p": 0.57887477505798557
            }, 
            {
                "y": 0.55208333333333337, 
                "x": 0.16981132075471697, 
                "p": 0.55393031188478214
            }, 
            {
                "y": 0.58333333333333337, 
                "x": 0.19622641509433963, 
                "p": 0.52770014460619374
            }, 
            {
                "y": 0.625, 
                "x": 0.21132075471698114, 
                "p": 0.49175557117353141
            }, 
            {
                "y": 0.65625, 
                "x": 0.2339622641509434, 
                "p": 0.46320816548990335
            }, 
            {
                "y": 0.69791666666666663, 
                "x": 0.24528301886792453, 
                "p": 0.44814447883956987
            }, 
            {
                "y": 0.70833333333333337, 
                "x": 0.29433962264150942, 
                "p": 0.43642422514966517
            }, 
            {
                "y": 0.73958333333333337, 
                "x": 0.31320754716981131, 
                "p": 0.41112804138094483
            }, 
            {
                "y": 0.77083333333333337, 
                "x": 0.33584905660377357, 
                "p": 0.38390907721160333
            }, 
            {
                "y": 0.78125, 
                "x": 0.38113207547169814, 
                "p": 0.36251650359058618
            }, 
            {
                "y": 0.80208333333333337, 
                "x": 0.41509433962264153, 
                "p": 0.34448819079605508
            }, 
            {
                "y": 0.8125, 
                "x": 0.46415094339622642, 
                "p": 0.32592721227583815
            }, 
            {
                "y": 0.83333333333333337, 
                "x": 0.50188679245283019, 
                "p": 0.30695455026192531
            }, 
            {
                "y": 0.86458333333333337, 
                "x": 0.52075471698113207, 
                "p": 0.29947195241422198
            }, 
            {
                "y": 0.875, 
                "x": 0.63773584905660374, 
                "p": 0.250602842436211
            }, 
            {
                "y": 0.90625, 
                "x": 0.65660377358490563, 
                "p": 0.24042344527435108
            }, 
            {
                "y": 0.9375, 
                "x": 0.67924528301886788, 
                "p": 0.2317498833708751
            }, 
            {
                "y": 0.94791666666666663, 
                "x": 0.72075471698113203, 
                "p": 0.20173304639896006
            }, 
            {
                "y": 0.96875, 
                "x": 0.75471698113207553, 
                "p": 0.17788656989605492
            }, 
            {
                "y": 0.97916666666666663, 
                "x": 0.80000000000000004, 
                "p": 0.15492455819136683
            }, 
            {
                "y": 0.98958333333333337, 
                "x": 0.96981132075471699, 
                "p": 0.028782470001574075
            }, 
            {
                "y": 1.0, 
                "x": 1.0, 
                "p": 0.006524323131949874
            }
        ], 
        [
            {
                "y": 0.010416666666666666, 
                "x": 0.0, 
                "p": 0.91693197379392555
            }, 
            {
                "y": 0.072916666666666671, 
                "x": 0.0075471698113207548, 
                "p": 0.81796572889481789
            }, 
            {
                "y": 0.11458333333333333, 
                "x": 0.018867924528301886, 
                "p": 0.75800546043050165
            }, 
            {
                "y": 0.19791666666666666, 
                "x": 0.022641509433962263, 
                "p": 0.70800728735445029
            }, 
            {
                "y": 0.30208333333333331, 
                "x": 0.030188679245283019, 
                "p": 0.66723483289533891
            }, 
            {
                "y": 0.34375, 
                "x": 0.041509433962264149, 
                "p": 0.63950981351733061
            }, 
            {
                "y": 0.38541666666666669, 
                "x": 0.052830188679245285, 
                "p": 0.61845553282882837
            }, 
            {
                "y": 0.42708333333333331, 
                "x": 0.067924528301886791, 
                "p": 0.60773950069466753
            }, 
            {
                "y": 0.45833333333333331, 
                "x": 0.086792452830188674, 
                "p": 0.59262373934154888
            }, 
            {
                "y": 0.48958333333333331, 
                "x": 0.10943396226415095, 
                "p": 0.56723696012662561
            }, 
            {
                "y": 0.52083333333333337, 
                "x": 0.12830188679245283, 
                "p": 0.54601555990565054
            }, 
            {
                "y": 0.54166666666666663, 
                "x": 0.1811320754716981, 
                "p": 0.51080601035913997
            }, 
            {
                "y": 0.57291666666666663, 
                "x": 0.20754716981132076, 
                "p": 0.49218034914624148
            }, 
            {
                "y": 0.60416666666666663, 
                "x": 0.22641509433962265, 
                "p": 0.4765081719188119
            }, 
            {
                "y": 0.64583333333333337, 
                "x": 0.23773584905660378, 
                "p": 0.4676339570387516
            }, 
            {
                "y": 0.67708333333333337, 
                "x": 0.26415094339622641, 
                "p": 0.44169364178045872
            }, 
            {
                "y": 0.70833333333333337, 
                "x": 0.28301886792452829, 
                "p": 0.43064083938394437
            }, 
            {
                "y": 0.72916666666666663, 
                "x": 0.32075471698113206, 
                "p": 0.41050672783093911
            }, 
            {
                "y": 0.77083333333333337, 
                "x": 0.35094339622641507, 
                "p": 0.38899931108659946
            }, 
            {
                "y": 0.78125, 
                "x": 0.39245283018867927, 
                "p": 0.36833327730905735
            }, 
            {
                "y": 0.82291666666666663, 
                "x": 0.4037735849056604, 
                "p": 0.35966843970682483
            }, 
            {
                "y": 0.84375, 
                "x": 0.43773584905660379, 
                "p": 0.33151862325034931
            }, 
            {
                "y": 0.88541666666666663, 
                "x": 0.52075471698113207, 
                "p": 0.28320398376042472
            }, 
            {
                "y": 0.91666666666666663, 
                "x": 0.54339622641509433, 
                "p": 0.25967899655794713
            }, 
            {
                "y": 0.91666666666666663, 
                "x": 0.61886792452830186, 
                "p": 0.21800788448092731
            }, 
            {
                "y": 0.9375, 
                "x": 0.65660377358490563, 
                "p": 0.20299615312102509
            }, 
            {
                "y": 0.95833333333333337, 
                "x": 0.73962264150943391, 
                "p": 0.16222302729698787
            }, 
            {
                "y": 0.98958333333333337, 
                "x": 0.77358490566037741, 
                "p": 0.14907221882748123
            }, 
            {
                "y": 1.0, 
                "x": 1.0, 
                "p": 0.011652580825629573
            }
        ], 
        [
            {
                "y": 0.01282051282051282, 
                "x": 0.0, 
                "p": 0.90016569641129496
            }, 
            {
                "y": 0.076923076923076927, 
                "x": 0.0070671378091872791, 
                "p": 0.79650484909354435
            }, 
            {
                "y": 0.11538461538461539, 
                "x": 0.028268551236749116, 
                "p": 0.72446386101843752
            }, 
            {
                "y": 0.19230769230769232, 
                "x": 0.035335689045936397, 
                "p": 0.69520420561637519
            }, 
            {
                "y": 0.24358974358974358, 
                "x": 0.042402826855123678, 
                "p": 0.67342953878275313
            }, 
            {
                "y": 0.28205128205128205, 
                "x": 0.060070671378091869, 
                "p": 0.63624568885288402
            }, 
            {
                "y": 0.33333333333333331, 
                "x": 0.063604240282685506, 
                "p": 0.62652580900100463
            }, 
            {
                "y": 0.37179487179487181, 
                "x": 0.077738515901060068, 
                "p": 0.60652080358498417
            }, 
            {
                "y": 0.41025641025641024, 
                "x": 0.095406360424028266, 
                "p": 0.57794867222263668
            }, 
            {
                "y": 0.46153846153846156, 
                "x": 0.10600706713780919, 
                "p": 0.56044691042758377
            }, 
            {
                "y": 0.51282051282051277, 
                "x": 0.12367491166077739, 
                "p": 0.5483934851448431
            }, 
            {
                "y": 0.55128205128205132, 
                "x": 0.14134275618374559, 
                "p": 0.52169482624929353
            }, 
            {
                "y": 0.5641025641025641, 
                "x": 0.1872791519434629, 
                "p": 0.50362888121891525
            }, 
            {
                "y": 0.62820512820512819, 
                "x": 0.19434628975265017, 
                "p": 0.49385362207714567
            }, 
            {
                "y": 0.66666666666666663, 
                "x": 0.20848056537102475, 
                "p": 0.46595889256972151
            }, 
            {
                "y": 0.67948717948717952, 
                "x": 0.26148409893992935, 
                "p": 0.4353413893494173
            }, 
            {
                "y": 0.69230769230769229, 
                "x": 0.31448763250883394, 
                "p": 0.4027826362573384
            }, 
            {
                "y": 0.73076923076923073, 
                "x": 0.33568904593639576, 
                "p": 0.3860148038652087
            }, 
            {
                "y": 0.78205128205128205, 
                "x": 0.37102473498233218, 
                "p": 0.36772030931358329
            }, 
            {
                "y": 0.79487179487179482, 
                "x": 0.44876325088339225, 
                "p": 0.34841573000214154
            }, 
            {
                "y": 0.84615384615384615, 
                "x": 0.46643109540636041, 
                "p": 0.33677800984553163
            }, 
            {
                "y": 0.85897435897435892, 
                "x": 0.50883392226148405, 
                "p": 0.28972254873118297
            }, 
            {
                "y": 0.88461538461538458, 
                "x": 0.53356890459363959, 
                "p": 0.27147253359357004
            }, 
            {
                "y": 0.89743589743589747, 
                "x": 0.59363957597173145, 
                "p": 0.23695102790792416
            }, 
            {
                "y": 0.92307692307692313, 
                "x": 0.62544169611307421, 
                "p": 0.21452293853045001
            }, 
            {
                "y": 0.9358974358974359, 
                "x": 0.70318021201413428, 
                "p": 0.17775968030480879
            }, 
            {
                "y": 0.96153846153846156, 
                "x": 0.74204946996466437, 
                "p": 0.14383109378692072
            }, 
            {
                "y": 0.98717948717948723, 
                "x": 0.77738515901060068, 
                "p": 0.1288751252056132
            }, 
            {
                "y": 1.0, 
                "x": 1.0, 
                "p": 0.0035554208190983366
            }
        ], 
        [
            {
                "y": 0.011235955056179775, 
                "x": 0.0, 
                "p": 0.91904127580744299
            }, 
            {
                "y": 0.0898876404494382, 
                "x": 0.0036764705882352941, 
                "p": 0.79944875864101916
            }, 
            {
                "y": 0.1348314606741573, 
                "x": 0.011029411764705883, 
                "p": 0.75218349553770725
            }, 
            {
                "y": 0.1797752808988764, 
                "x": 0.022058823529411766, 
                "p": 0.71747424250211977
            }, 
            {
                "y": 0.23595505617977527, 
                "x": 0.029411764705882353, 
                "p": 0.69299740934780363
            }, 
            {
                "y": 0.30337078651685395, 
                "x": 0.044117647058823532, 
                "p": 0.64673564062304389
            }, 
            {
                "y": 0.33707865168539325, 
                "x": 0.0625, 
                "p": 0.61261808707697474
            }, 
            {
                "y": 0.4044943820224719, 
                "x": 0.07720588235294118, 
                "p": 0.58363513226233499
            }, 
            {
                "y": 0.4943820224719101, 
                "x": 0.08455882352941177, 
                "p": 0.56645370483598134
            }, 
            {
                "y": 0.5280898876404494, 
                "x": 0.10661764705882353, 
                "p": 0.54922006098683296
            }, 
            {
                "y": 0.5842696629213483, 
                "x": 0.13235294117647059, 
                "p": 0.52875873675418394
            }, 
            {
                "y": 0.6067415730337079, 
                "x": 0.18014705882352941, 
                "p": 0.49958925225476464
            }, 
            {
                "y": 0.6404494382022472, 
                "x": 0.20220588235294118, 
                "p": 0.48557441061787415
            }, 
            {
                "y": 0.6741573033707865, 
                "x": 0.25, 
                "p": 0.45631520773855949
            }, 
            {
                "y": 0.7303370786516854, 
                "x": 0.26470588235294118, 
                "p": 0.44734462348859566
            }, 
            {
                "y": 0.7415730337078652, 
                "x": 0.30882352941176472, 
                "p": 0.43243426381892663
            }, 
            {
                "y": 0.7752808988764045, 
                "x": 0.34558823529411764, 
                "p": 0.41343718886844594
            }, 
            {
                "y": 0.797752808988764, 
                "x": 0.39338235294117646, 
                "p": 0.38015881018169706
            }, 
            {
                "y": 0.8202247191011236, 
                "x": 0.4264705882352941, 
                "p": 0.35797300201137155
            }, 
            {
                "y": 0.8539325842696629, 
                "x": 0.45220588235294118, 
                "p": 0.3299657004674596
            }, 
            {
                "y": 0.8539325842696629, 
                "x": 0.51102941176470584, 
                "p": 0.30523587486402309
            }, 
            {
                "y": 0.88764044943820219, 
                "x": 0.5404411764705882, 
                "p": 0.29422358418227218
            }, 
            {
                "y": 0.898876404494382, 
                "x": 0.62867647058823528, 
                "p": 0.24096512358485864
            }, 
            {
                "y": 0.9213483146067416, 
                "x": 0.6875, 
                "p": 0.21077759017916098
            }, 
            {
                "y": 0.9550561797752809, 
                "x": 0.75735294117647056, 
                "p": 0.16920134681788274
            }, 
            {
                "y": 0.9662921348314607, 
                "x": 0.82352941176470584, 
                "p": 0.12900005735366876
            }, 
            {
                "y": 0.9887640449438202, 
                "x": 0.88970588235294112, 
                "p": 0.093179280707485365
            }, 
            {
                "y": 1.0, 
                "x": 1.0, 
                "p": 0.003822794498883334
            }
        ]
    ], 
    "densityData": {
        "1": {
            "incorrect": [
                0.7154323043113244, 
                0.7948764653027475, 
                0.8717851894676677, 
                0.9449855313849942, 
                1.0137520451825692, 
                1.07785987588155, 
                1.1375733428473258, 
                1.1935686609083018, 
                1.2467993564387982, 
                1.2983220101274071, 
                1.3491066265122065, 
                1.3998589823411747, 
                1.4508811201757013, 
                1.5019908255306431, 
                1.5525122652615055, 
                1.6013393643053073, 
                1.647062690281069, 
                1.68814136609711, 
                1.723095319284318, 
                1.7506909318841934, 
                1.7700950940835025, 
                1.7809782746867946, 
                1.783555379939634, 
                1.7785623886114121, 
                1.767175469458423, 
                1.7508861839746481, 
                1.7313505915102974, 
                1.7102313194396526, 
                1.6890502079785035, 
                1.66906567745199, 
                1.6511843966034738, 
                1.6359120427454474, 
                1.6233436319335397, 
                1.6131904574198326, 
                1.6048382035113062, 
                1.597429171907405, 
                1.589960542438411, 
                1.5813899928176243, 
                1.5707397426978873, 
                1.5571902262500459, 
                1.5401552906165477, 
                1.5193322256624078, 
                1.494722117756018, 
                1.4666188820946038, 
                1.435568574203013, 
                1.402303783605527, 
                1.36766060107142, 
                1.3324874251187422, 
                1.2975554955562938, 
                1.2634804796560104, 
                1.2306628501112846, 
                1.1992524748366404, 
                1.1691401286163001, 
                1.139975854969075, 
                1.1112115085587304, 
                1.0821625799966645, 
                1.052082683867314, 
                1.020242993859103, 
                0.9860085428214529, 
                0.948903752659775, 
                0.9086608396059884, 
                0.8652467700538506, 
                0.8188670054279397, 
                0.7699470345712353, 
                0.7190952410983412, 
                0.6670525941091661, 
                0.6146356875547437, 
                0.5626796623252125, 
                0.5119866034486361, 
                0.4632833710982558, 
                0.41719087229338825, 
                0.3742049090445233, 
                0.3346872815922757, 
                0.2988649833373042, 
                0.26683513686326504, 
                0.23857367871733787, 
                0.21394649055391576, 
                0.19272244038742492, 
                0.17458840652191082, 
                0.15916664705525424, 
                0.1460347890816537, 
                0.13474828706482406, 
                0.12486456730739943, 
                0.11596741258926849, 
                0.10768963219534268, 
                0.09973185690729823, 
                0.09187547751720286, 
                0.08398830532156075, 
                0.07602238629045537, 
                0.06800439522666661, 
                0.06001998935931322, 
                0.05219423852032022, 
                0.04467064341022141, 
                0.037591248238997135, 
                0.03107997317637099, 
                0.02523062968821958, 
                0.020100277195705896, 
                0.015707783862812227, 
                0.012036798701727401, 
                0.009041913303858291
            ], 
            "incorrectMedian": 0.31424630030558309, 
            "correct": [
                0.04876361845431017, 
                0.05743987937420463, 
                0.0670980075501057, 
                0.0778177084409867, 
                0.08970110394558425, 
                0.10287347195480927, 
                0.11747969191478305, 
                0.13367578504358424, 
                0.15161565327224044, 
                0.17143395773458386, 
                0.1932268991132037, 
                0.21703331322885977, 
                0.2428188318267903, 
                0.2704657784574547, 
                0.2997709381282265, 
                0.33045240390388975, 
                0.3621654902477423, 
                0.39452639902609804, 
                0.4271411460637769, 
                0.4596364095894732, 
                0.49168860278346876, 
                0.5230476766666365, 
                0.5535529066121438, 
                0.5831390920618139, 
                0.6118330166966568, 
                0.6397414459203377, 
                0.6670331483465987, 
                0.6939182226065431, 
                0.7206282624292366, 
                0.7474005609467818, 
                0.7744686913923295, 
                0.8020605416318807, 
                0.8304034236690437, 
                0.8597344601117956, 
                0.890313301490344, 
                0.9224335501556484, 
                0.9564291901674138, 
                0.9926728886059809, 
                1.0315641787388388, 
                1.0735070952552932, 
                1.1188785619507418, 
                1.1679904454220296, 
                1.2210494035334918, 
                1.2781192532671397, 
                1.3390904437175268, 
                1.403660365437872, 
                1.4713268122838603, 
                1.541395199811071, 
                1.612998453208961, 
                1.6851271118238358, 
                1.7566663793842898, 
                1.8264366714512479, 
                1.893234618493704, 
                1.955872289617117, 
                2.013213347016637, 
                2.064205658279274, 
                2.1079103825763803, 
                2.14352762499315, 
                2.170418472494854, 
                2.188122749123944, 
                2.1963713783740872, 
                2.195092026392527, 
                2.1844068532219425, 
                2.164621737347317, 
                2.1362071592825957, 
                2.099771845534467, 
                2.056031071021789, 
                2.0057720196735263, 
                1.9498187210669846, 
                1.8889988354629001, 
                1.8241140641533147, 
                1.7559153810583934, 
                1.6850837733950659, 
                1.6122168452292167, 
                1.537821492714548, 
                1.4623128339556177, 
                1.3860195457733744, 
                1.3091955949744303, 
                1.2320379689184284, 
                1.1547094058291008, 
                1.0773643862653839, 
                1.0001759314334837, 
                0.92336024892741, 
                0.8471961370759443, 
                0.7720364014486968, 
                0.6983093495900572, 
                0.6265096095009021, 
                0.5571788801308915, 
                0.4908785436550589, 
                0.4281571315168225, 
                0.3695162710509167, 
                0.31537885912555547, 
                0.2660628176813337, 
                0.22176297157729866, 
                0.18254250130483646, 
                0.14833424070081197, 
                0.11895098739360181, 
                0.09410311338533212, 
                0.07342119563523669, 
                0.056481164031446346
            ], 
            "correctMedian": 0.59896770590193216
        }, 
        "0": {
            "incorrect": [
                0.05648116403144649, 
                0.07342119563523689, 
                0.09410311338533241, 
                0.11895098739360203, 
                0.1483342407008128, 
                0.18254250130483718, 
                0.22176297157729954, 
                0.2660628176813348, 
                0.31537885912555663, 
                0.3695162710509179, 
                0.4281571315168235, 
                0.4908785436550595, 
                0.5571788801308935, 
                0.6265096095009026, 
                0.6983093495900603, 
                0.7720364014486955, 
                0.8471961370759429, 
                0.9233602489274109, 
                1.000175931433482, 
                1.0773643862653848, 
                1.1547094058291028, 
                1.2320379689184262, 
                1.3091955949744303, 
                1.386019545773373, 
                1.4623128339556204, 
                1.537821492714548, 
                1.6122168452292183, 
                1.6850837733950719, 
                1.7559153810583918, 
                1.8241140641533162, 
                1.8889988354629017, 
                1.9498187210669882, 
                2.0057720196735263, 
                2.056031071021787, 
                2.0997718455344723, 
                2.1362071592825957, 
                2.164621737347315, 
                2.1844068532219403, 
                2.195092026392523, 
                2.1963713783740912, 
                2.188122749123944, 
                2.1704184724948523, 
                2.1435276249931463, 
                2.1079103825763785, 
                2.064205658279274, 
                2.0132133470166336, 
                1.9558722896171188, 
                1.8932346184937106, 
                1.8264366714512494, 
                1.7566663793842865, 
                1.6851271118238371, 
                1.612998453208958, 
                1.5413951998110684, 
                1.4713268122838603, 
                1.4036603654378694, 
                1.3390904437175233, 
                1.2781192532671433, 
                1.2210494035334918, 
                1.1679904454220276, 
                1.1188785619507418, 
                1.0735070952552912, 
                1.031564178738835, 
                0.9926728886059809, 
                0.9564291901674156, 
                0.922433550155646, 
                0.8903133014903448, 
                0.859734460111794, 
                0.8304034236690437, 
                0.8020605416318807, 
                0.7744686913923309, 
                0.7474005609467804, 
                0.7206282624292354, 
                0.6939182226065431, 
                0.6670331483465999, 
                0.6397414459203383, 
                0.611833016696659, 
                0.5831390920618149, 
                0.5535529066121438, 
                0.5230476766666365, 
                0.49168860278346876, 
                0.4596364095894736, 
                0.42714114606377707, 
                0.39452639902609804, 
                0.3621654902477417, 
                0.3304524039038899, 
                0.29977093812822586, 
                0.2704657784574547, 
                0.2428188318267903, 
                0.21703331322885938, 
                0.19322689911320326, 
                0.17143395773458348, 
                0.15161565327224022, 
                0.13367578504358407, 
                0.11747969191478279, 
                0.102873471954809, 
                0.08970110394558402, 
                0.07781770844098657, 
                0.06709800755010539, 
                0.05743987937420443, 
                0.04876361845431015
            ], 
            "incorrectMedian": 0.40103229409806768, 
            "correct": [
                0.009041913303858236, 
                0.012036798701727369, 
                0.015707783862812186, 
                0.020100277195705823, 
                0.02523062968821952, 
                0.03107997317637095, 
                0.037591248238997066, 
                0.04467064341022139, 
                0.05219423852032015, 
                0.06001998935931314, 
                0.0680043952266667, 
                0.07602238629045537, 
                0.08398830532156079, 
                0.0918754775172029, 
                0.09973185690729823, 
                0.10768963219534276, 
                0.1159674125892687, 
                0.12486456730739977, 
                0.13474828706482417, 
                0.14603478908165377, 
                0.15916664705525443, 
                0.1745884065219113, 
                0.1927224403874257, 
                0.21394649055391596, 
                0.2385736787173383, 
                0.26683513686326454, 
                0.298864983337305, 
                0.33468728159227595, 
                0.37420490904452397, 
                0.41719087229338747, 
                0.4632833710982583, 
                0.5119866034486361, 
                0.5626796623252099, 
                0.6146356875547476, 
                0.6670525941091672, 
                0.7190952410983424, 
                0.7699470345712325, 
                0.818867005427939, 
                0.8652467700538522, 
                0.9086608396059884, 
                0.9489037526597784, 
                0.9860085428214521, 
                1.0202429938591049, 
                1.0520826838673158, 
                1.0821625799966634, 
                1.1112115085587304, 
                1.139975854969072, 
                1.1691401286163012, 
                1.1992524748366393, 
                1.2306628501112835, 
                1.2634804796560126, 
                1.2975554955562927, 
                1.3324874251187293, 
                1.3676606010714236, 
                1.4023037836055319, 
                1.4355685742030169, 
                1.4666188820946116, 
                1.4947221177560153, 
                1.5193322256623956, 
                1.5401552906165585, 
                1.5571902262500488, 
                1.5707397426978968, 
                1.5813899928176187, 
                1.5899605424384209, 
                1.597429171907412, 
                1.604838203511315, 
                1.6131904574198268, 
                1.623343631933541, 
                1.6359120427454446, 
                1.651184396603465, 
                1.669065677451999, 
                1.6890502079785035, 
                1.710231319439642, 
                1.7313505915103033, 
                1.7508861839746481, 
                1.7671754694584183, 
                1.7785623886114215, 
                1.7835553799396309, 
                1.780978274686801, 
                1.7700950940834916, 
                1.7506909318842059, 
                1.7230953192843148, 
                1.68814136609711, 
                1.6470626902810732, 
                1.601339364305303, 
                1.5525122652615124, 
                1.5019908255306378, 
                1.4508811201757101, 
                1.399858982341181, 
                1.349106626512209, 
                1.2983220101274013, 
                1.2467993564387883, 
                1.193568660908301, 
                1.1375733428473298, 
                1.0778598758815443, 
                1.013752045182571, 
                0.9449855313849967, 
                0.8717851894676654, 
                0.794876465302746, 
                0.7154323043113231
            ], 
            "correctMedian": 0.68575369969441657
        }
    }, 
    "perCutData": {
        "fp": [
            272, 
            264, 
            251, 
            241, 
            232, 
            228, 
            219, 
            208, 
            192, 
            175, 
            162, 
            152, 
            140, 
            132, 
            120, 
            111, 
            98, 
            83, 
            74, 
            67, 
            58, 
            50, 
            42, 
            38, 
            29, 
            20, 
            15, 
            12, 
            8, 
            6, 
            5, 
            4, 
            4, 
            3, 
            2, 
            1, 
            0, 
            0, 
            0, 
            0
        ], 
        "f1": [
            0.39734535366776935, 
            0.40193148717574045, 
            0.41195438219560093, 
            0.42173285077395101, 
            0.43325188184035068, 
            0.44193135337565936, 
            0.44924379968257516, 
            0.45837836372548413, 
            0.47172800135585058, 
            0.47810959649494722, 
            0.48929562133516163, 
            0.50059058259623224, 
            0.51122648662594605, 
            0.52258673142380085, 
            0.52571471403431791, 
            0.53323382386110973, 
            0.53945366270496042, 
            0.55220232615944786, 
            0.56614269319535404, 
            0.56230121503197394, 
            0.54818279808172143, 
            0.56034436334718341, 
            0.54815089307589882, 
            0.5235302495508013, 
            0.51006027282719357, 
            0.46745278155614783, 
            0.41718341913947066, 
            0.37847152129500022, 
            0.3244165135801701, 
            0.25817075041799165, 
            0.19914684794367721, 
            0.1646218907913457, 
            0.1254947773501924, 
            0.072229388915710319, 
            0.05150606304565588, 
            0.030995728212223055, 
            0.01775515826409732, 
            0.0, 
            0.0, 
            0.0
        ], 
        "cut": [
            0.0, 
            0.025000000000000001, 
            0.050000000000000003, 
            0.075000000000000011, 
            0.10000000000000001, 
            0.125, 
            0.15000000000000002, 
            0.17500000000000002, 
            0.20000000000000001, 
            0.22500000000000001, 
            0.25, 
            0.27500000000000002, 
            0.30000000000000004, 
            0.32500000000000001, 
            0.35000000000000003, 
            0.375, 
            0.40000000000000002, 
            0.42500000000000004, 
            0.45000000000000001, 
            0.47500000000000003, 
            0.5, 
            0.52500000000000002, 
            0.55000000000000004, 
            0.57500000000000007, 
            0.60000000000000009, 
            0.625, 
            0.65000000000000002, 
            0.67500000000000004, 
            0.70000000000000007, 
            0.72500000000000009, 
            0.75, 
            0.77500000000000002, 
            0.80000000000000004, 
            0.82500000000000007, 
            0.85000000000000009, 
            0.875, 
            0.90000000000000002, 
            0.92500000000000004, 
            0.95000000000000007, 
            0.97500000000000009
        ], 
        "recallstd": [
            0.0, 
            0.0, 
            0.0041666666666666519, 
            0.0053101115802664618, 
            0.0053790077148754469, 
            0.0083707289124864605, 
            0.011446582618412068, 
            0.010239499567086674, 
            0.010268773942797706, 
            0.012699503610023994, 
            0.019430801025777693, 
            0.015967623981663986, 
            0.017992373762533265, 
            0.025569120499147297, 
            0.023479023356407096, 
            0.03333029647351992, 
            0.034850541012417101, 
            0.030285500212248264, 
            0.035258946318394109, 
            0.047401485356611643, 
            0.043012698030107641, 
            0.041283502162277268, 
            0.031786963477866498, 
            0.048625624275022546, 
            0.055850583371908659, 
            0.042611072618016457, 
            0.031550459007951739, 
            0.025453186764870475, 
            0.036405935576617705, 
            0.031379192399634596, 
            0.021501853656645802, 
            0.008843303732255451, 
            0.023185930206310167, 
            0.011880834673124915, 
            0.0049637880270995156, 
            0.0094370392387097234, 
            0.0045739976685430271, 
            0.0, 
            0.0, 
            0.0
        ], 
        "mccstd": [
            0.0, 
            0.018287840640506092, 
            0.017359912169467782, 
            0.015885124611872595, 
            0.015633298624540964, 
            0.022375455421190304, 
            0.019268533458482836, 
            0.011276535192611514, 
            0.019221950874476978, 
            0.019912840549414002, 
            0.035010312442925587, 
            0.025794796892888248, 
            0.023629729426439941, 
            0.031595927880023376, 
            0.025840448382435835, 
            0.024274511124302858, 
            0.022672914668181852, 
            0.019913152805095261, 
            0.017820046297151889, 
            0.02980316391577183, 
            0.027599152445525028, 
            0.024952884850983306, 
            0.025622376087394535, 
            0.022017348860733563, 
            0.030604955967116931, 
            0.028787340042376451, 
            0.042579297361434558, 
            0.032720592833679313, 
            0.039341757090455766, 
            0.047276924571881887, 
            0.046955546962116297, 
            0.025179298264624207, 
            0.049113685118247971, 
            0.04150061195407808, 
            0.021119979084352949, 
            0.060956792216909222, 
            0.037063326225471177, 
            0.0, 
            0.0, 
            0.0
        ], 
        "recall": [
            1.0, 
            1.0, 
            0.99791666666666679, 
            0.99566947565543062, 
            0.9934222846441948, 
            0.99117509363295875, 
            0.97706892826274849, 
            0.96167711034284076, 
            0.9526991501008355, 
            0.92591832324978396, 
            0.90411264765197341, 
            0.8924067271679631, 
            0.87428694900605008, 
            0.8548815182944397, 
            0.81880581964851618, 
            0.78032987611639304, 
            0.75579624027657732, 
            0.72949618265629501, 
            0.69902945836934605, 
            0.65974863151829433, 
            0.60281439066551423, 
            0.58196665226159605, 
            0.53208009219245178, 
            0.4754735666954768, 
            0.43552650532987613, 
            0.36640917602996248, 
            0.30596369922212618, 
            0.26410796600403341, 
            0.21457072889657161, 
            0.16084521751656583, 
            0.11723386632094497, 
            0.093334053586862573, 
            0.06944504465571881, 
            0.038322889657159312, 
            0.02678082685105157, 
            0.015872587150677037, 
            0.0089779602420051851, 
            0.0, 
            0.0, 
            0.0
        ], 
        "mcc": [
            0.0, 
            0.066156093036811747, 
            0.12039543057727978, 
            0.15624179872058974, 
            0.19041302235102003, 
            0.21186212453095532, 
            0.22405119256367373, 
            0.23983171997837846, 
            0.26514800551077189, 
            0.27076586220707594, 
            0.28678132755286617, 
            0.30603959327499491, 
            0.3218961690796725, 
            0.33835018360949232, 
            0.3393779219452463, 
            0.34886078899468187, 
            0.35770603125282607, 
            0.37738743764632848, 
            0.4002611216327871, 
            0.39793592120267851, 
            0.38489761308312204, 
            0.40937388714605555, 
            0.4063881978138692, 
            0.39293303703659177, 
            0.39672279006793126, 
            0.37632119394074942, 
            0.34288628526182136, 
            0.32186007631480607, 
            0.28907161870233861, 
            0.24287715050983164, 
            0.20635424127720978, 
            0.19310784927913471, 
            0.16466839753780577, 
            0.11340561468531137, 
            0.1084431726548802, 
            0.082620554537316024, 
            0.073532215030809991, 
            0.0, 
            0.0, 
            0.0
        ], 
        "precision": [
            0.24819944598337954, 
            0.25175864339163601, 
            0.25980677862306922, 
            0.26779638958521546, 
            0.27730633563966894, 
            0.28457676770602103, 
            0.29186069642371343, 
            0.30117468770597611, 
            0.31372645952245815, 
            0.32260859504847333, 
            0.33567289257552657, 
            0.34822960227741656, 
            0.36162221499430802, 
            0.37698803160221911, 
            0.38783608482935339, 
            0.40574179237482183, 
            0.42000022683020066, 
            0.44472843800195322, 
            0.4765993704284644, 
            0.49112081390824114, 
            0.50383915728453543, 
            0.54191857552876477, 
            0.56765076967029349, 
            0.58761202697674775, 
            0.62328218745802444, 
            0.65364997492657062, 
            0.65844538044538026, 
            0.67090340756038436, 
            0.67632941770872801, 
            0.66220331392745191, 
            0.66392156862745089, 
            0.69902097902097904, 
            0.69820179820179828, 
            0.6528571428571428, 
            0.77333333333333332, 
            0.73333333333333328, 
            1.0, 
            1.0, 
            1.0, 
            1.0
        ], 
        "tp": [
            89, 
            89, 
            89, 
            88, 
            88, 
            88, 
            88, 
            87, 
            86, 
            84, 
            83, 
            81, 
            80, 
            78, 
            76, 
            74, 
            72, 
            69, 
            68, 
            66, 
            61, 
            58, 
            50, 
            48, 
            44, 
            34, 
            29, 
            25, 
            21, 
            15, 
            12, 
            9, 
            9, 
            3, 
            3, 
            0, 
            0, 
            0, 
            0, 
            0
        ], 
        "f1std": [
            0.023698759844083834, 
            0.022619741899847647, 
            0.021883630363667271, 
            0.022357211061197559, 
            0.02237505885922304, 
            0.020400433856333486, 
            0.02192955753543915, 
            0.022980805837929896, 
            0.022761849173495483, 
            0.024250066553456122, 
            0.022778115555189517, 
            0.026516451261761703, 
            0.028299126851734639, 
            0.030822128105329329, 
            0.030075093129831466, 
            0.02858845702792721, 
            0.025621853383078205, 
            0.02228294173859862, 
            0.017564426321690873, 
            0.020003631775319598, 
            0.024484810164441449, 
            0.020618090676903417, 
            0.023799627506474033, 
            0.030384854700492472, 
            0.040568793029469842, 
            0.03593469775938328, 
            0.039463530369834285, 
            0.031913085989988058, 
            0.045387631910893282, 
            0.045673011777276631, 
            0.035282586294349001, 
            0.015335832285918291, 
            0.039200107926680119, 
            0.021826402762247524, 
            0.0088911927612462666, 
            0.018363383809312614, 
            0.0090418098350181011, 
            0.0, 
            0.0, 
            0.0
        ], 
        "tn": [
            0, 
            8, 
            21, 
            31, 
            40, 
            44, 
            53, 
            64, 
            80, 
            97, 
            110, 
            120, 
            132, 
            140, 
            152, 
            161, 
            174, 
            189, 
            198, 
            205, 
            214, 
            222, 
            230, 
            234, 
            243, 
            252, 
            257, 
            260, 
            264, 
            266, 
            267, 
            268, 
            268, 
            269, 
            270, 
            271, 
            272, 
            272, 
            272, 
            272
        ], 
        "precisionstd": [
            0.018257348535494836, 
            0.01751133442921389, 
            0.017349659411925754, 
            0.01799521577102204, 
            0.018216494119513277, 
            0.016770859283340218, 
            0.017719599154119671, 
            0.019434350769574352, 
            0.01956661880667418, 
            0.021705743723763916, 
            0.02024471971420028, 
            0.024250742294707962, 
            0.026078105125776407, 
            0.029764589260297694, 
            0.030309447621692971, 
            0.029774768474466959, 
            0.026017132674511927, 
            0.023041663553531731, 
            0.020304724171423285, 
            0.014364678637740309, 
            0.022460312308826794, 
            0.018266540960527954, 
            0.038709255848868293, 
            0.03723124170206258, 
            0.038338340289828202, 
            0.051513624781343428, 
            0.066223396950846267, 
            0.056142302454771316, 
            0.061547659323005634, 
            0.084874648762750901, 
            0.097406586329474673, 
            0.069483328261206567, 
            0.11461654748391602, 
            0.12774336517776091, 
            0.18666666666666668, 
            0.38873012632302001, 
            0.0, 
            0.0, 
            0.0, 
            0.0
        ], 
        "accuracystd": [
            0.018257348535494836, 
            0.014907062656037348, 
            0.015212775864538479, 
            0.016749270313386137, 
            0.013296398891966755, 
            0.013727990795971052, 
            0.015999478202984644, 
            0.015611083438897916, 
            0.018324471366804665, 
            0.021342227461781955, 
            0.022802344185325962, 
            0.01781488663802052, 
            0.012706199380808532, 
            0.017659143989483889, 
            0.0131104261121321, 
            0.0128741828682795, 
            0.010275477557335974, 
            0.0051377387786679593, 
            0.0057039502166132813, 
            0.01195957514954179, 
            0.010003030518153912, 
            0.017396474756905905, 
            0.015131856270080481, 
            0.010511726294188546, 
            0.010275477557335972, 
            0.0073079811403174138, 
            0.0082917615219367195, 
            0.010003030518153917, 
            0.011700117496921257, 
            0.0099722991689750566, 
            0.014699722062516992, 
            0.015806473814611765, 
            0.01974352319247143, 
            0.019975353326670296, 
            0.018738542410291156, 
            0.019398494626051647, 
            0.018240529233412024, 
            0.018257348535494818, 
            0.018257348535494818, 
            0.018257348535494818
        ], 
        "hammingLoss": [
            0.75180055401662049, 
            0.73739612188365666, 
            0.7058171745152354, 
            0.67645429362880871, 
            0.64376731301939061, 
            0.61994459833795013, 
            0.59335180055401648, 
            0.56288088642659284, 
            0.52853185595567864, 
            0.50083102493074794, 
            0.46759002770083102, 
            0.44099722991689749, 
            0.41385041551246537, 
            0.38670360110803326, 
            0.36565096952908582, 
            0.33795013850415512, 
            0.31911357340720226, 
            0.29252077562326873, 
            0.26481994459833802, 
            0.25373961218836566, 
            0.2454293628808864, 
            0.22603878116343493, 
            0.21717451523545708, 
            0.21329639889196678, 
            0.20554016620498614, 
            0.20554016620498614, 
            0.21108033240997229, 
            0.21440443213296398, 
            0.21994459833795013, 
            0.22770083102493074, 
            0.23324099722991684, 
            0.23490304709141271, 
            0.23822714681440443, 
            0.24376731301939056, 
            0.24432132963988923, 
            0.2454293628808864, 
            0.24598337950138499, 
            0.24819944598337954, 
            0.24819944598337954, 
            0.24819944598337954
        ], 
        "hammingLossstd": [
            0.018257348535494818, 
            0.01490706265603736, 
            0.015212775864538446, 
            0.016749270313386116, 
            0.013296398891966755, 
            0.013727990795971062, 
            0.015999478202984641, 
            0.015611083438897918, 
            0.018324471366804693, 
            0.021342227461781962, 
            0.022802344185325951, 
            0.017814886638020531, 
            0.012706199380808549, 
            0.017659143989483924, 
            0.013110426112132105, 
            0.012874182868279503, 
            0.010275477557335974, 
            0.0051377387786679714, 
            0.0057039502166132969, 
            0.011959575149541775, 
            0.010003030518153891, 
            0.017396474756905901, 
            0.015131856270080511, 
            0.010511726294188513, 
            0.010275477557335953, 
            0.007307981140317399, 
            0.0082917615219367091, 
            0.010003030518153896, 
            0.011700117496921266, 
            0.009972299168975074, 
            0.014699722062517007, 
            0.015806473814611748, 
            0.01974352319247143, 
            0.019975353326670307, 
            0.018738542410291152, 
            0.019398494626051629, 
            0.018240529233411996, 
            0.018257348535494836, 
            0.018257348535494836, 
            0.018257348535494836
        ], 
        "fn": [
            0, 
            0, 
            0, 
            1, 
            1, 
            1, 
            1, 
            2, 
            3, 
            5, 
            6, 
            8, 
            9, 
            11, 
            13, 
            15, 
            17, 
            20, 
            21, 
            23, 
            28, 
            31, 
            39, 
            41, 
            45, 
            55, 
            60, 
            64, 
            68, 
            74, 
            77, 
            80, 
            80, 
            86, 
            86, 
            89, 
            89, 
            89, 
            89, 
            89
        ], 
        "accuracy": [
            0.24819944598337954, 
            0.26260387811634345, 
            0.29418282548476454, 
            0.32354570637119118, 
            0.35623268698060945, 
            0.38005540166204987, 
            0.4066481994459834, 
            0.43711911357340727, 
            0.4714681440443213, 
            0.49916897506925206, 
            0.53240997229916898, 
            0.55900277008310262, 
            0.58614958448753463, 
            0.61329639889196674, 
            0.63434903047091407, 
            0.66204986149584477, 
            0.68088642659279774, 
            0.70747922437673127, 
            0.73518005540166198, 
            0.7462603878116344, 
            0.75457063711911354, 
            0.7739612188365651, 
            0.78282548476454294, 
            0.78670360110803317, 
            0.79445983379501395, 
            0.79445983379501384, 
            0.78891966759002763, 
            0.7855955678670361, 
            0.7800554016620499, 
            0.77229916897506912, 
            0.76675900277008302, 
            0.76509695290858715, 
            0.76177285318559551, 
            0.7562326869806093, 
            0.75567867036011083, 
            0.75457063711911343, 
            0.75401662049861495, 
            0.75180055401662049, 
            0.75180055401662049, 
            0.75180055401662049
        ]
    }, 
    "optimalThreshold": 0.47500000000000003, 
    "tiMetrics": {
        "liftstd": 0.058776514129626735, 
        "auc": 0.78943719640963339, 
        "logLossstd": 0.011983603525487354, 
        "aucstd": 0.011743711192037638, 
        "logLoss": 0.5022787143724543, 
        "lift": 1.8187444980633181
    }
}