{
    "rf_max_features": 0, 
    "gbt_max_feature_prop": 0.0, 
    "xgboost_base_score": 0.0, 
    "gbt_n_estimators": 0, 
    "mtries": -1, 
    "knn_leaf_size": 0, 
    "gbt_learning_rate": 0.0, 
    "rf_njobs": 0, 
    "xgboost_max_depth": 0, 
    "computeLearningCurves": false, 
    "mllib_logit_grid": {
        "max_iter": 30, 
        "enabled": false, 
        "reg_param": [
            0.1
        ], 
        "enet_param": [
            0.0
        ]
    }, 
    "mllib_naive_bayes_grid": {
        "enabled": false, 
        "lambda": [
            1.0
        ]
    }, 
    "min_rows": 10, 
    "gbt_max_depth": 0, 
    "knn_p": 0, 
    "vertica_reg_epsilon": 0.0, 
    "nbins": 20, 
    "xgboost_silent": false, 
    "l2": 0.0, 
    "l1": 0.0, 
    "n_jobs": 0, 
    "xgboost_scale_pos_weight": 0.0, 
    "rate": 0.0, 
    "lars_K": 0, 
    "xgboost_seed": 0, 
    "xgboost_gamma": 0.0, 
    "xgboost_min_child_weight": 0.0, 
    "C": 0.0, 
    "xgboost_subsample": 0.0, 
    "mllib_rf_grid": {
        "cache_node_ids": false, 
        "subset_strategy": "auto", 
        "subsampling_rate": 1.0, 
        "impurity": "gini", 
        "max_bins": 32, 
        "enabled": false, 
        "step_size": [
            0.1
        ], 
        "checkpoint_interval": 10, 
        "min_instance_per_node": 1, 
        "min_info_gain": 0.0, 
        "max_memory_mb": 256, 
        "num_trees": [
            20
        ], 
        "seed": 1337, 
        "max_depth": [
            5
        ]
    }, 
    "l1_ratio": 0.0, 
    "tweedie_variance_power": 0.0, 
    "rf_max_feature_prop": 0.0, 
    "rf_classifier_grid": {
        "n_jobs": 4, 
        "max_tree_depth": [
            5, 
            10, 
            15, 
            20
        ], 
        "selection_mode": "auto", 
        "enabled": true, 
        "min_samples_leaf": [
            1, 
            10, 
            100
        ], 
        "n_estimators": [
            100
        ], 
        "max_feature_prop": 0.3, 
        "max_features": [
            0
        ]
    }, 
    "max_ensemble_nodes_serialized": 6000, 
    "gamma": 0.0, 
    "lambda": 1e-05, 
    "learn_rate": 0.1, 
    "family": "gaussian", 
    "dtc_max_depth": 0, 
    "gbt_min_samples_leaf": 0, 
    "input_dropout_ratio": 0.0, 
    "alpha": 0.0, 
    "lars_max_features": 0, 
    "rf_max_tree_depth": 0, 
    "rf_estimators": 0, 
    "tol": 0.0, 
    "coef0": 0.0, 
    "max_depth": 5, 
    "ntrees": 50, 
    "adaptive_rate": 1, 
    "epsilon": 1e-06, 
    "xgboost_colsample_bytree": 0.0, 
    "xgboost_max_delta_step": 0.0, 
    "mllib_gbt_grid": {
        "cache_node_ids": false, 
        "subset_strategy": "auto", 
        "subsampling_rate": 1.0, 
        "impurity": "gini", 
        "max_bins": 32, 
        "enabled": false, 
        "step_size": [
            0.1
        ], 
        "checkpoint_interval": 10, 
        "min_instance_per_node": 1, 
        "min_info_gain": 0.0, 
        "max_memory_mb": 256, 
        "num_trees": [
            20
        ], 
        "seed": 1337, 
        "max_depth": [
            5
        ]
    }, 
    "autoOptimizeThreshold": true, 
    "xgboost_colsample_bylevel": 0.0, 
    "beta_epsilon": 0.0001, 
    "mllib_linreg_grid": {
        "max_iter": 30, 
        "enabled": false, 
        "reg_param": [
            0.1
        ], 
        "enet_param": [
            0.0
        ]
    }, 
    "xgboost_lambda": 0.0, 
    "xgboost_alpha": 0.0, 
    "forcedClassifierThreshold": 0.0, 
    "n_folds": 0, 
    "rate_annealing": 0.0, 
    "xgboost_impute_missing": false, 
    "gbt_max_features": 0, 
    "xgboost_learning_rate": 0.0, 
    "xgboost_early_stopping_rounds": 0, 
    "xgboost_n_estimators": 0, 
    "xgboost_missing": 0.0, 
    "standardize": 1, 
    "xgboost_enable_early_stopping": false, 
    "knn_k": 0, 
    "max_iter": 0, 
    "xgboost_nthread": 0, 
    "gridLength": 12, 
    "metrics": {
        "customEvaluationMetricGIB": true, 
        "customEvaluationMetricNeedsProba": false, 
        "thresholdOptimizationMetric": "F1", 
        "liftPoint": 0.4, 
        "costMatrixWeights": {
            "fnGain": 0.0, 
            "tpGain": 1.0, 
            "tnGain": 0.0, 
            "fpGain": -0.3
        }, 
        "evaluationMetric": "ROC_AUC"
    }, 
    "rho": 0.95, 
    "rf_min_samples_leaf": 0, 
    "dtc_min_samples_leaf": 0, 
    "mllib_dt_grid": {
        "cache_node_ids": false, 
        "max_bins": 32, 
        "enabled": false, 
        "checkpoint_interval": 10, 
        "min_instance_per_node": 1, 
        "min_info_gain": 0.0, 
        "max_memory_mb": 256, 
        "max_depth": [
            5
        ]
    }, 
    "knn_distance_weighting": false, 
    "algorithm": "RANDOM_FOREST_CLASSIFICATION", 
    "grid_search_params": {
        "nIter": 0, 
        "nJobs": -1, 
        "randomized": true, 
        "shuffleIterations": 1, 
        "mode": "KFOLD", 
        "timeout": 0, 
        "splitRatio": 0.8, 
        "nFolds": 3, 
        "stratified": true
    }, 
    "vertica_reg_iterations": 0, 
    "sample_rate": 0.6666
}