{
  "state": "DONE",
  "preSearchDescription": {
    "gridLength": 12,
    "importantParams": [
      {
        "name": "trees",
        "vals": [
          "100"
        ]
      },
      {
        "name": "depth",
        "vals": [
          "5",
          "10",
          "15",
          "20"
        ]
      },
      {
        "name": "min_samples",
        "vals": [
          "1",
          "10",
          "100"
        ]
      }
    ]
  },
  "postSearchDescription": {
    "importantParams": [
      {
        "name": "trees",
        "val": "100"
      },
      {
        "name": "depth",
        "val": "10"
      },
      {
        "name": "min_samples",
        "val": "10"
      }
    ]
  },
  "modelId": "m1",
  "progress": {
    "top_level_todo": [],
    "stack": [],
    "top_level_done": [
      {
        "name": "Loading source dataset",
        "time": 14
      },
      {
        "name": "Collecting statistics",
        "time": 25
      },
      {
        "name": "Preprocessing input",
        "time": 31385
      },
      {
        "name": "Fitting global model",
        "time": 27808
      },
      {
        "name": "Saving model",
        "time": 15
      },
      {
        "name": "Computing global stats",
        "time": 504
      },
      {
        "name": "Fitting folds",
        "time": 195946
      }
    ]
  },
  "startTime": 1519401098620,
  "endTime": 1519401354433,
  "preprocessingTime": 31426,
  "trainingTime": 224387
}