{
  "projectKey": "DKU_PREDICTIVE_MAINTENANCE",
  "id": "Scenario_re-build_for_PM",
  "type": "step_based",
  "name": "Scenario re-build for PM",
  "active": true,
  "versionTag": {
    "versionNumber": 2,
    "lastModifiedBy": {
      "login": "itrivedi"
    },
    "lastModifiedOn": 1545163234234
  },
  "checklists": {
    "checklists": []
  },
  "delayedTriggersBehavior": {
    "delayWhileRunning": true,
    "squashDelayedTriggers": true,
    "suppressTriggersWhileRunning": true
  },
  "tags": [],
  "triggers": [
    {
      "id": "zSgEY4mD",
      "type": "temporal",
      "name": "PM15mins",
      "delay": 5,
      "active": true,
      "params": {
        "frequency": "Minutely",
        "daysOfWeek": [
          "Saturday"
        ],
        "dayOfMonth": 1,
        "minute": 15,
        "hour": 2,
        "count": 15
      }
    }
  ],
  "reporters": [],
  "params": {
    "steps": [
      {
        "id": "build_2_true_d_Assets_at_high_priority_d_Assets_at_risk",
        "type": "build_flowitem",
        "name": "Step #1",
        "runConditionType": "RUN_IF_STATUS_MATCH",
        "runConditionStatuses": [
          "SUCCESS",
          "WARNING"
        ],
        "runConditionExpression": "",
        "resetScenarioStatus": false,
        "params": {
          "builds": [
            {
              "type": "DATASET",
              "itemId": "Assets_at_high_priority",
              "partitionsSpec": ""
            },
            {
              "type": "DATASET",
              "itemId": "Assets_at_risk",
              "partitionsSpec": ""
            }
          ],
          "jobType": "RECURSIVE_FORCED_BUILD",
          "refreshHiveMetastore": true,
          "proceedOnFailure": false
        }
      }
    ]
  },
  "automationLocal": false
}