{
    "charts": [
        {
            "refreshableSelection": {
                "autoRefreshSample": false, 
                "selection": {
                    "maxRecords": 30000, 
                    "partitionSelectionMethod": "ALL", 
                    "targetRatio": 0.02, 
                    "samplingMethod": "HEAD_SEQUENTIAL"
                }, 
                "_refreshTrigger": 0
            }, 
            "def": {
                "userEditedName": false, 
                "showLegend": true, 
                "axis1LogScale": false, 
                "disableSafetyLimits": false, 
                "yDimension": [], 
                "groupDimension": [], 
                "includeZero": true, 
                "sizeMeasure": [], 
                "xMeasure": [], 
                "useLiveProcessingIfAvailable": true, 
                "mapGridOptions": {
                    "gridLatDeg": 0.6, 
                    "gridLonDeg": 0.6
                }, 
                "uaXDimension": [], 
                "smoothing": false, 
                "yMeasure": [], 
                "type": "grouped_columns", 
                "tooltipMeasures": [], 
                "uaSize": [], 
                "variant": "normal", 
                "bubblesOptions": {
                    "defaultRadius": 5.0
                }, 
                "hexbinRadius": 0, 
                "uaTooltip": [], 
                "xDimension": [], 
                "uaColor": [], 
                "boxplotValue": [], 
                "colorMeasure": [], 
                "boxplotBreakdownDim": [], 
                "mapOptions": {
                    "tilesLayer": "mapquest-std", 
                    "lockSquareGrid": false
                }, 
                "name": "Chart", 
                "axis2LogScale": false, 
                "geometry": [], 
                "uaYDimension": [], 
                "colorOptions": {
                    "ccScaleMode": "NORMAL", 
                    "singleColor": "#659a88", 
                    "colorPalette": "default", 
                    "transparency": 0.75
                }
            }
        }
    ]
}