{
  "checklists": {
    "checklists": []
  }, 
  "creationTag": {
    "lastModifiedBy": {
      "login": "admin"
    }, 
    "lastModifiedOn": 1486394066184, 
    "versionNumber": 0
  }, 
  "listed": true, 
  "name": "Model results", 
  "owner": "admin", 
  "pages": [
    {
      "grid": {
        "tiles": [
          {
            "autoLoad": true, 
            "box": {
              "height": 4, 
              "left": 0, 
              "top": 6, 
              "width": 8
            }, 
            "clickAction": "DO_NOTHING", 
            "displayMode": "INSIGHT", 
            "insightId": "w573Wai", 
            "insightType": "saved-model_report", 
            "resizeImageMode": "ORIG_SIZE", 
            "showTitle": "YES", 
            "tileParams": {
              "displayMode": "r_scatter"
            }, 
            "tileType": "INSIGHT"
          }, 
          {
            "autoLoad": true, 
            "box": {
              "height": 3, 
              "left": 0, 
              "top": 2, 
              "width": 4
            }, 
            "clickAction": "OPEN_INSIGHT", 
            "displayMode": "INSIGHT", 
            "insightId": "u1O6WbE", 
            "insightType": "dataset_table", 
            "resizeImageMode": "ORIG_SIZE", 
            "showTitle": "YES", 
            "tileParams": {
              "showDescription": true, 
              "showMeaning": false, 
              "showName": true, 
              "showProgressBar": false, 
              "showStorageType": false
            }, 
            "tileType": "INSIGHT"
          }, 
          {
            "autoLoad": true, 
            "box": {
              "height": 5, 
              "left": 4, 
              "top": 0, 
              "width": 8
            }, 
            "clickAction": "OPEN_INSIGHT", 
            "displayMode": "INSIGHT", 
            "insightId": "3MYXRaY", 
            "insightType": "chart", 
            "resizeImageMode": "ORIG_SIZE", 
            "showTitle": "YES", 
            "tileParams": {
              "autoPlayAnimation": true, 
              "showLegend": false, 
              "showTooltips": true, 
              "showXAxis": true, 
              "showYAxis": true
            }, 
            "tileType": "INSIGHT", 
            "title": "Predicted vs observed consumption for the year 2012"
          }, 
          {
            "autoLoad": true, 
            "box": {
              "height": 2, 
              "left": 0, 
              "top": 0, 
              "width": 4
            }, 
            "clickAction": "DO_NOTHING", 
            "displayMode": "INSIGHT", 
            "resizeImageMode": "ORIG_SIZE", 
            "showTitle": "NO", 
            "tileParams": {
              "isTransparent": false, 
              "text": "The model does better for site ID01 than for others, this is confirmed by the MAPE scores per site visible below.\n\nWe can see that to improve the model we would have to first concentrate on what happens at site ID18, as it scores the worst currently.\n\n#####If you look at model validation for site 18 and 31, you will see that our model currently has a critical problem... Will you spot it? What could we do?", 
              "textAlign": "RIGHT"
            }, 
            "tileType": "TEXT"
          }, 
          {
            "autoLoad": true, 
            "box": {
              "height": 1, 
              "left": 0, 
              "top": 5, 
              "width": 12
            }, 
            "clickAction": "DO_NOTHING", 
            "displayMode": "INSIGHT", 
            "resizeImageMode": "ORIG_SIZE", 
            "showTitle": "NO", 
            "tileParams": {
              "isTransparent": false, 
              "text": "# Model training information\n<hr>", 
              "textAlign": "CENTER"
            }, 
            "tileType": "TEXT"
          }, 
          {
            "autoLoad": true, 
            "box": {
              "height": 6, 
              "left": 0, 
              "top": 10, 
              "width": 8
            }, 
            "clickAction": "DO_NOTHING", 
            "displayMode": "INSIGHT", 
            "insightId": "tK6Drtx", 
            "insightType": "saved-model_report", 
            "resizeImageMode": "ORIG_SIZE", 
            "showTitle": "YES", 
            "tileParams": {
              "displayMode": "coefficients"
            }, 
            "tileType": "INSIGHT"
          }, 
          {
            "autoLoad": true, 
            "box": {
              "height": 8, 
              "left": 8, 
              "top": 6, 
              "width": 4
            }, 
            "clickAction": "DO_NOTHING", 
            "displayMode": "INSIGHT", 
            "insightId": "m2ZfwT2", 
            "insightType": "saved-model_report", 
            "resizeImageMode": "ORIG_SIZE", 
            "showTitle": "YES", 
            "tileParams": {
              "displayMode": "algorithm"
            }, 
            "tileType": "INSIGHT"
          }
        ]
      }, 
      "id": "CXoARU4", 
      "showTitle": false, 
      "title": "Ridge results and information"
    }, 
    {
      "grid": {
        "tiles": [
          {
            "autoLoad": true, 
            "box": {
              "height": 4, 
              "left": 5, 
              "top": 0, 
              "width": 7
            }, 
            "clickAction": "DO_NOTHING", 
            "displayMode": "INSIGHT", 
            "insightId": "RFrFG00", 
            "insightType": "chart", 
            "resizeImageMode": "ORIG_SIZE", 
            "showTitle": "YES", 
            "tileParams": {
              "autoPlayAnimation": true, 
              "showLegend": true, 
              "showTooltips": true, 
              "showXAxis": true, 
              "showYAxis": true
            }, 
            "tileType": "INSIGHT", 
            "title": "Difference between predicted and actual consumption as a function of temperature"
          }, 
          {
            "autoLoad": true, 
            "box": {
              "height": 4, 
              "left": 0, 
              "top": 0, 
              "width": 5
            }, 
            "clickAction": "DO_NOTHING", 
            "displayMode": "INSIGHT", 
            "insightId": "USu1STI", 
            "insightType": "chart", 
            "resizeImageMode": "ORIG_SIZE", 
            "showTitle": "YES", 
            "tileParams": {
              "autoPlayAnimation": true, 
              "showLegend": false, 
              "showTooltips": true, 
              "showXAxis": true, 
              "showYAxis": true
            }, 
            "tileType": "INSIGHT", 
            "title": "Difference between predicted and actual consumption as a function of time"
          }
        ]
      }, 
      "id": "bBrYrC9", 
      "showTitle": true, 
      "title": "Model validation for site 01"
    }, 
    {
      "grid": {
        "tiles": [
          {
            "autoLoad": true, 
            "box": {
              "height": 4, 
              "left": 5, 
              "top": 0, 
              "width": 7
            }, 
            "clickAction": "DO_NOTHING", 
            "displayMode": "INSIGHT", 
            "insightId": "HPuvxjo", 
            "insightType": "chart", 
            "resizeImageMode": "ORIG_SIZE", 
            "showTitle": "YES", 
            "tileParams": {
              "autoPlayAnimation": true, 
              "showLegend": true, 
              "showTooltips": true, 
              "showXAxis": true, 
              "showYAxis": true
            }, 
            "tileType": "INSIGHT", 
            "title": "Difference between predicted and actual consumption as a function of temperature"
          }, 
          {
            "autoLoad": true, 
            "box": {
              "height": 4, 
              "left": 0, 
              "top": 0, 
              "width": 5
            }, 
            "clickAction": "DO_NOTHING", 
            "displayMode": "INSIGHT", 
            "insightId": "i2yQqgN", 
            "insightType": "chart", 
            "resizeImageMode": "ORIG_SIZE", 
            "showTitle": "YES", 
            "tileParams": {
              "autoPlayAnimation": true, 
              "showLegend": false, 
              "showTooltips": true, 
              "showXAxis": true, 
              "showYAxis": true
            }, 
            "tileType": "INSIGHT", 
            "title": "Difference between predicted and actual consumption as a function of time"
          }
        ]
      }, 
      "id": "bBrYrC9", 
      "showTitle": true, 
      "title": "Model validation for site 18"
    }, 
    {
      "grid": {
        "tiles": [
          {
            "autoLoad": true, 
            "box": {
              "height": 4, 
              "left": 5, 
              "top": 0, 
              "width": 7
            }, 
            "clickAction": "DO_NOTHING", 
            "displayMode": "INSIGHT", 
            "insightId": "sWHebJT", 
            "insightType": "chart", 
            "resizeImageMode": "ORIG_SIZE", 
            "showTitle": "YES", 
            "tileParams": {
              "autoPlayAnimation": true, 
              "showLegend": true, 
              "showTooltips": true, 
              "showXAxis": true, 
              "showYAxis": true
            }, 
            "tileType": "INSIGHT", 
            "title": "Difference between predicted and actual consumption as a function of temperature"
          }, 
          {
            "autoLoad": true, 
            "box": {
              "height": 4, 
              "left": 0, 
              "top": 0, 
              "width": 5
            }, 
            "clickAction": "DO_NOTHING", 
            "displayMode": "INSIGHT", 
            "insightId": "nQx1E0Y", 
            "insightType": "chart", 
            "resizeImageMode": "ORIG_SIZE", 
            "showTitle": "YES", 
            "tileParams": {
              "autoPlayAnimation": true, 
              "showLegend": false, 
              "showTooltips": true, 
              "showXAxis": true, 
              "showYAxis": true
            }, 
            "tileType": "INSIGHT", 
            "title": "Difference between predicted and actual consumption as a function of time"
          }
        ]
      }, 
      "id": "bBrYrC9", 
      "showTitle": true, 
      "title": "Model validation for site 31"
    }
  ], 
  "showGrid": true, 
  "tags": [], 
  "versionTag": {
    "lastModifiedBy": {
      "login": "admin"
    }, 
    "lastModifiedOn": 1510740743467, 
    "versionNumber": 78
  }
}