{
  "checklists": {
    "checklists": []
  }, 
  "creationTag": {
    "lastModifiedBy": {
      "login": "admin"
    }, 
    "lastModifiedOn": 1485789901665, 
    "versionNumber": 3
  }, 
  "listed": true, 
  "name": "Sites consumption", 
  "owner": "admin", 
  "pages": [
    {
      "grid": {
        "tiles": [
          {
            "autoLoad": true, 
            "box": {
              "height": 4, 
              "left": 0, 
              "top": 0, 
              "width": 3
            }, 
            "clickAction": "DO_NOTHING", 
            "displayMode": "INSIGHT", 
            "resizeImageMode": "ORIG_SIZE", 
            "showTitle": "NO", 
            "tileParams": {
              "isTransparent": false, 
              "text": "**We can see here that the consumption for sites #18 and #31 are much smaller than for site #1.**\nNote that the vertical axis is in logarithmic scale!\n\n<br>\n**In the graphs on other slides variations have to be compared with absolute values, pay attention to the vertical axis.**", 
              "textAlign": "LEFT"
            }, 
            "tileType": "TEXT"
          }, 
          {
            "autoLoad": true, 
            "box": {
              "height": 4, 
              "left": 3, 
              "top": 0, 
              "width": 9
            }, 
            "clickAction": "OPEN_INSIGHT", 
            "displayMode": "INSIGHT", 
            "insightId": "8osCQv1", 
            "insightType": "chart", 
            "resizeImageMode": "ORIG_SIZE", 
            "showTitle": "YES", 
            "tileParams": {
              "showLegend": false, 
              "showTooltips": false, 
              "showXAxis": true, 
              "showYAxis": true
            }, 
            "tileType": "INSIGHT"
          }
        ]
      }, 
      "id": "CXoARU4", 
      "showTitle": true, 
      "title": "Overview : all sites"
    }, 
    {
      "grid": {
        "tiles": [
          {
            "autoLoad": true, 
            "box": {
              "height": 2, 
              "left": 0, 
              "top": 0, 
              "width": 5
            }, 
            "clickAction": "OPEN_INSIGHT", 
            "displayMode": "INSIGHT", 
            "insightId": "SegT6fh", 
            "insightType": "chart", 
            "resizeImageMode": "ORIG_SIZE", 
            "showTitle": "YES", 
            "tileParams": {
              "showLegend": false, 
              "showTooltips": true, 
              "showXAxis": true, 
              "showYAxis": true
            }, 
            "tileType": "INSIGHT", 
            "title": "Per weekday"
          }, 
          {
            "autoLoad": true, 
            "box": {
              "height": 3, 
              "left": 0, 
              "top": 2, 
              "width": 5
            }, 
            "clickAction": "OPEN_INSIGHT", 
            "displayMode": "INSIGHT", 
            "insightId": "qwWw6qy", 
            "insightType": "chart", 
            "resizeImageMode": "ORIG_SIZE", 
            "showTitle": "YES", 
            "tileParams": {
              "showLegend": false, 
              "showTooltips": true, 
              "showXAxis": true, 
              "showYAxis": true
            }, 
            "tileType": "INSIGHT", 
            "title": "Per hour"
          }, 
          {
            "autoLoad": true, 
            "box": {
              "height": 5, 
              "left": 5, 
              "top": 0, 
              "width": 7
            }, 
            "clickAction": "OPEN_INSIGHT", 
            "displayMode": "INSIGHT", 
            "insightId": "05iKiUo", 
            "insightType": "chart", 
            "resizeImageMode": "ORIG_SIZE", 
            "showTitle": "YES", 
            "tileParams": {
              "showLegend": false, 
              "showTooltips": true, 
              "showXAxis": true, 
              "showYAxis": true
            }, 
            "tileType": "INSIGHT", 
            "title": "Consumption as a function of Temperature"
          }
        ]
      }, 
      "id": "CXoARU4", 
      "showTitle": true, 
      "title": "Consumption for site 01"
    }, 
    {
      "grid": {
        "tiles": [
          {
            "autoLoad": true, 
            "box": {
              "height": 1, 
              "left": 0, 
              "top": 12, 
              "width": 12
            }, 
            "clickAction": "DO_NOTHING", 
            "displayMode": "INSIGHT", 
            "resizeImageMode": "ORIG_SIZE", 
            "showTitle": "NO", 
            "tileParams": {
              "isTransparent": true, 
              "text": "# Consumption for site #31\n<hr>", 
              "textAlign": "CENTER"
            }, 
            "tileType": "TEXT"
          }, 
          {
            "autoLoad": true, 
            "box": {
              "height": 3, 
              "left": 0, 
              "top": 13, 
              "width": 5
            }, 
            "clickAction": "OPEN_INSIGHT", 
            "displayMode": "INSIGHT", 
            "insightId": "xF3uoTb", 
            "insightType": "chart", 
            "resizeImageMode": "ORIG_SIZE", 
            "showTitle": "YES", 
            "tileParams": {
              "showLegend": false, 
              "showTooltips": true, 
              "showXAxis": true, 
              "showYAxis": true
            }, 
            "tileType": "INSIGHT", 
            "title": "Per weekday"
          }, 
          {
            "autoLoad": true, 
            "box": {
              "height": 3, 
              "left": 0, 
              "top": 16, 
              "width": 5
            }, 
            "clickAction": "OPEN_INSIGHT", 
            "displayMode": "INSIGHT", 
            "insightId": "X6npMba", 
            "insightType": "chart", 
            "resizeImageMode": "ORIG_SIZE", 
            "showTitle": "YES", 
            "tileParams": {
              "showLegend": false, 
              "showTooltips": true, 
              "showXAxis": true, 
              "showYAxis": true
            }, 
            "tileType": "INSIGHT", 
            "title": "Per hour"
          }, 
          {
            "autoLoad": true, 
            "box": {
              "height": 4, 
              "left": 5, 
              "top": 13, 
              "width": 7
            }, 
            "clickAction": "OPEN_INSIGHT", 
            "displayMode": "INSIGHT", 
            "insightId": "YEWccmP", 
            "insightType": "chart", 
            "resizeImageMode": "ORIG_SIZE", 
            "showTitle": "YES", 
            "tileParams": {
              "showLegend": false, 
              "showTooltips": true, 
              "showXAxis": true, 
              "showYAxis": true
            }, 
            "tileType": "INSIGHT", 
            "title": "Consumption  as a function of Temperature"
          }, 
          {
            "autoLoad": true, 
            "box": {
              "height": 2, 
              "left": 0, 
              "top": 0, 
              "width": 5
            }, 
            "clickAction": "OPEN_INSIGHT", 
            "displayMode": "INSIGHT", 
            "insightId": "26RB3mb", 
            "insightType": "chart", 
            "resizeImageMode": "ORIG_SIZE", 
            "showTitle": "YES", 
            "tileParams": {
              "showLegend": false, 
              "showTooltips": true, 
              "showXAxis": true, 
              "showYAxis": true
            }, 
            "tileType": "INSIGHT", 
            "title": "Per weekday"
          }, 
          {
            "autoLoad": true, 
            "box": {
              "height": 3, 
              "left": 0, 
              "top": 2, 
              "width": 5
            }, 
            "clickAction": "OPEN_INSIGHT", 
            "displayMode": "INSIGHT", 
            "insightId": "5mBdIsr", 
            "insightType": "chart", 
            "resizeImageMode": "ORIG_SIZE", 
            "showTitle": "YES", 
            "tileParams": {
              "showLegend": false, 
              "showTooltips": true, 
              "showXAxis": true, 
              "showYAxis": true
            }, 
            "tileType": "INSIGHT", 
            "title": "Per hour"
          }, 
          {
            "autoLoad": true, 
            "box": {
              "height": 5, 
              "left": 5, 
              "top": 0, 
              "width": 7
            }, 
            "clickAction": "OPEN_INSIGHT", 
            "displayMode": "INSIGHT", 
            "insightId": "0tAYjFO", 
            "insightType": "chart", 
            "resizeImageMode": "ORIG_SIZE", 
            "showTitle": "YES", 
            "tileParams": {
              "showLegend": false, 
              "showTooltips": true, 
              "showXAxis": true, 
              "showYAxis": true
            }, 
            "tileType": "INSIGHT", 
            "title": "Consumption as a function of Temperature"
          }
        ]
      }, 
      "id": "CXoARU4", 
      "showTitle": true, 
      "title": "Consumption for site 18"
    }, 
    {
      "grid": {
        "tiles": [
          {
            "autoLoad": true, 
            "box": {
              "height": 2, 
              "left": 0, 
              "top": 0, 
              "width": 5
            }, 
            "clickAction": "OPEN_INSIGHT", 
            "displayMode": "INSIGHT", 
            "insightId": "sm36QZ9", 
            "insightType": "chart", 
            "resizeImageMode": "ORIG_SIZE", 
            "showTitle": "YES", 
            "tileParams": {
              "showLegend": false, 
              "showTooltips": true, 
              "showXAxis": true, 
              "showYAxis": true
            }, 
            "tileType": "INSIGHT", 
            "title": "Per weekday"
          }, 
          {
            "autoLoad": true, 
            "box": {
              "height": 3, 
              "left": 0, 
              "top": 2, 
              "width": 5
            }, 
            "clickAction": "OPEN_INSIGHT", 
            "displayMode": "INSIGHT", 
            "insightId": "V26WPMr", 
            "insightType": "chart", 
            "resizeImageMode": "ORIG_SIZE", 
            "showTitle": "YES", 
            "tileParams": {
              "showLegend": false, 
              "showTooltips": true, 
              "showXAxis": true, 
              "showYAxis": true
            }, 
            "tileType": "INSIGHT", 
            "title": "Per hour"
          }, 
          {
            "autoLoad": true, 
            "box": {
              "height": 5, 
              "left": 5, 
              "top": 0, 
              "width": 7
            }, 
            "clickAction": "OPEN_INSIGHT", 
            "displayMode": "INSIGHT", 
            "insightId": "OMIYLtQ", 
            "insightType": "chart", 
            "resizeImageMode": "ORIG_SIZE", 
            "showTitle": "YES", 
            "tileParams": {
              "showLegend": false, 
              "showTooltips": true, 
              "showXAxis": true, 
              "showYAxis": true
            }, 
            "tileType": "INSIGHT", 
            "title": "Consumption  as a function of Temperature"
          }
        ]
      }, 
      "id": "CXoARU4", 
      "showTitle": true, 
      "title": "Consumption for site 31"
    }
  ], 
  "showGrid": true, 
  "tags": [], 
  "versionTag": {
    "lastModifiedBy": {
      "login": "admin"
    }, 
    "lastModifiedOn": 1486551503421, 
    "versionNumber": 83
  }
}