{
  "type": "join",
  "neverRecomputeExistingPartitions": false,
  "optionalDependencies": false,
  "customMeta": {
    "kv": {}
  },
  "redispatchPartitioning": false,
  "maxRunningActivities": 0,
  "inputs": {
    "main": {
      "items": [
        {
          "ref": "maintenance_failures",
          "deps": []
        },
        {
          "ref": "usage_data_by_Asset_prepared",
          "deps": []
        },
        {
          "ref": "maintenance_part_consumption_by_Reason",
          "deps": []
        }
      ]
    }
  },
  "outputs": {
    "main": {
      "items": [
        {
          "ref": "Asset_modelisation_table",
          "appendMode": false
        }
      ]
    }
  },
  "versionTag": {
    "versionNumber": 5,
    "lastModifiedBy": {
      "login": "admin"
    },
    "lastModifiedOn": 1519399730680
  },
  "tags": [],
  "checklists": {
    "checklists": []
  }
}