{
  "type": "split",
  "neverRecomputeExistingPartitions": false,
  "optionalDependencies": false,
  "params": {},
  "customMeta": {
    "kv": {}
  },
  "redispatchPartitioning": false,
  "maxRunningActivities": 0,
  "inputs": {
    "main": {
      "items": [
        {
          "ref": "Asset_new_informations_scored",
          "deps": []
        }
      ]
    }
  },
  "outputs": {
    "main": {
      "items": [
        {
          "ref": "Assets_at_high_priority",
          "appendMode": false
        },
        {
          "ref": "Assets_at_risk",
          "appendMode": false
        }
      ]
    }
  },
  "versionTag": {
    "versionNumber": 16,
    "lastModifiedBy": {
      "login": "admin"
    },
    "lastModifiedOn": 1519407865029
  },
  "tags": [],
  "checklists": {
    "checklists": []
  }
}