{
  "checklists": {
    "checklists": []
  }, 
  "creationTag": {
    "lastModifiedBy": {
      "login": "admin"
    }, 
    "lastModifiedOn": 1486551824859, 
    "versionNumber": 0
  }, 
  "dashboardCreationId": "CjL20Ee", 
  "listed": false, 
  "name": "Avg. of consomation by day on data_prepared_2012_predictions", 
  "owner": "admin", 
  "params": {
    "datasetSmartName": "data_prepared_2012_predictions", 
    "def": {
      "axis1LogScale": false, 
      "axis2LogScale": false, 
      "boxplotBreakdownDim": [], 
      "boxplotValue": [], 
      "bubblesOptions": {
        "defaultRadius": 5.0
      }, 
      "colorMeasure": [], 
      "colorOptions": {
        "ccScaleMode": "NORMAL", 
        "colorPalette": "default", 
        "singleColor": "#659a88", 
        "transparency": 0.75
      }, 
      "colorPaletteType": "LINEAR", 
      "computeMode": "NORMAL", 
      "disableSafetyLimits": false, 
      "filters": [], 
      "genericDimension0": [
        {
          "column": "day", 
          "dateParams": {
            "mode": "WEEK"
          }, 
          "filters": [], 
          "generateOthersCategory": true, 
          "isA": "dimension", 
          "maxValues": 0, 
          "numParams": {
            "emptyBinsMode": "ZEROS"
          }, 
          "oneTickPerBin": false, 
          "possibleSorts": [
            {
              "label": "Natural ordering", 
              "sortAscending": true, 
              "type": "NATURAL"
            }, 
            {
              "label": "Average of consomation, descending", 
              "measureIdx": 0, 
              "type": "AGGREGATION"
            }, 
            {
              "label": "Average of consomation, ascending", 
              "measureIdx": 0, 
              "sortAscending": true, 
              "type": "AGGREGATION"
            }, 
            {
              "label": "Average of prediction, descending", 
              "measureIdx": 1, 
              "type": "AGGREGATION"
            }, 
            {
              "label": "Average of prediction, ascending", 
              "measureIdx": 1, 
              "sortAscending": true, 
              "type": "AGGREGATION"
            }, 
            {
              "label": "Average of prediction, descending", 
              "measureIdx": 2, 
              "type": "AGGREGATION"
            }, 
            {
              "label": "Average of prediction, ascending", 
              "measureIdx": 2, 
              "sortAscending": true, 
              "type": "AGGREGATION"
            }
          ], 
          "sort": {
            "label": "Natural ordering", 
            "sortAscending": true, 
            "type": "NATURAL"
          }, 
          "type": "DATE"
        }
      ], 
      "genericDimension1": [], 
      "genericMeasures": [
        {
          "column": "consomation", 
          "computeMode": "NORMAL", 
          "computeModeDim": 1, 
          "displayAxis": "axis1", 
          "displayType": "column", 
          "displayed": true, 
          "function": "AVG", 
          "isA": "measure", 
          "type": "NUMERICAL"
        }, 
        {
          "column": "prediction", 
          "computeMode": "NORMAL", 
          "computeModeDim": 1, 
          "displayAxis": "axis1", 
          "displayType": "column", 
          "displayed": true, 
          "function": "AVG", 
          "isA": "measure", 
          "type": "NUMERICAL"
        }
      ], 
      "geometry": [], 
      "groupDimension": [], 
      "hexbinNumber": 20, 
      "hexbinRadius": 20, 
      "hexbinRadiusMode": "NUM_HEXAGONS", 
      "includeZero": true, 
      "mapGridOptions": {
        "gridLatDeg": 0.6, 
        "gridLonDeg": 0.6
      }, 
      "mapOptions": {
        "lockSquareGrid": false, 
        "tilesLayer": "cartodb-positron"
      }, 
      "name": "Avg. of consomation by day", 
      "pieOptions": {
        "donutHoleSize": 50.0
      }, 
      "scatterOptions": {
        "equalScales": false, 
        "identityLine": false
      }, 
      "showLegend": true, 
      "showXAxis": false, 
      "sizeMeasure": [], 
      "smoothing": true, 
      "strokeWidth": 3, 
      "tooltipMeasures": [
        {
          "column": "prediction", 
          "computeMode": "NORMAL", 
          "computeModeDim": 1, 
          "displayAxis": "axis1", 
          "displayType": "column", 
          "displayed": true, 
          "function": "AVG", 
          "isA": "measure", 
          "type": "NUMERICAL"
        }
      ], 
      "type": "lines", 
      "uaColor": [], 
      "uaShape": [], 
      "uaSize": [], 
      "uaTooltip": [], 
      "uaXDimension": [], 
      "uaYDimension": [], 
      "useLiveProcessingIfAvailable": true, 
      "userEditedName": false, 
      "variant": "normal", 
      "xAxisMode": "NORMAL", 
      "xDimension": [], 
      "xMeasure": [], 
      "yAxisMode": "NORMAL", 
      "yDimension": [], 
      "yMeasure": []
    }, 
    "engineType": "LINO", 
    "refreshableSelection": {
      "_refreshTrigger": 6, 
      "autoRefreshSample": false, 
      "selection": {
        "filter": {
          "distinct": false, 
          "enabled": true, 
          "uiData": {
            "conditions": [
              {
                "col": "DATE_LOCAL_parsed", 
                "input": "Site", 
                "num": 0.0, 
                "operator": "contains", 
                "string": "01"
              }
            ], 
            "mode": "&&"
          }
        }, 
        "latestPartitionsN": 1, 
        "maxReadUncompressedBytes": -1, 
        "maxRecords": 10000, 
        "partitionSelectionMethod": "ALL", 
        "samplingMethod": "FULL", 
        "targetRatio": 0.02, 
        "useMemTable": false, 
        "withinFirstN": -1
      }
    }
  }, 
  "tags": [], 
  "type": "chart", 
  "versionTag": {
    "lastModifiedBy": {
      "login": "admin"
    }, 
    "lastModifiedOn": 1486553533125, 
    "versionNumber": 13
  }
}