{
  "type": "clustering_training",
  "neverRecomputeExistingPartitions": false,
  "optionalDependencies": false,
  "params": {
    "containerSelection": {
      "containerMode": "INHERIT"
    }
  },
  "customMeta": {
    "kv": {}
  },
  "redispatchPartitioning": false,
  "maxRunningActivities": 0,
  "inputs": {
    "main": {
      "items": [
        {
          "ref": "stage_claims_latest",
          "deps": []
        }
      ]
    }
  },
  "outputs": {
    "main": {
      "items": [
        {
          "ref": "KdBCfNSk",
          "appendMode": false
        }
      ]
    }
  },
  "versionTag": {
    "versionNumber": 0,
    "lastModifiedBy": {
      "login": "jsutphin"
    },
    "lastModifiedOn": 1545112205149
  },
  "creationTag": {
    "versionNumber": 0,
    "lastModifiedBy": {
      "login": "jsutphin"
    },
    "lastModifiedOn": 1545112205149
  },
  "tags": [],
  "checklists": {
    "checklists": []
  }
}