{
  "checklists": {
    "checklists": []
  }, 
  "customMeta": {
    "kv": {}
  }, 
  "inputs": {
    "main": {
      "items": [
        {
          "deps": [], 
          "ref": "crm_prepared"
        }
      ]
    }
  }, 
  "neverRecomputeExistingPartitions": false, 
  "optionalDependencies": false, 
  "outputs": {
    "main": {
      "items": [
        {
          "appendMode": false, 
          "ref": "8A6fb5O8"
        }
      ]
    }
  }, 
  "params": {}, 
  "redispatchPartitioning": false, 
  "tags": [], 
  "type": "prediction_training", 
  "versionTag": {
    "lastModifiedBy": {
      "login": "admin"
    }, 
    "lastModifiedOn": 1510826492459, 
    "versionNumber": 3
  }
}