{
  "charts": [], 
  "checklists": {
    "checklists": []
  }, 
  "creationTag": {
    "lastModifiedBy": {
      "displayName": "Administrator", 
      "login": "admin"
    }, 
    "lastModifiedOn": 1449157836009, 
    "versionNumber": 0
  }, 
  "inputDatasetSmartName": "crm_prepared", 
  "name": "Analyze crm_prepared", 
  "script": {
    "charts": [], 
    "chartsEngine": "LINO", 
    "explorationFilters": [], 
    "explorationSampling": {
      "_refreshTrigger": 0, 
      "autoRefreshSample": false, 
      "selection": {
        "maxRecords": 30000, 
        "partitionSelectionMethod": "ALL", 
        "samplingMethod": "HEAD_SEQUENTIAL", 
        "targetRatio": 0.02
      }
    }, 
    "exploreUIParams": {}, 
    "steps": [], 
    "tags": [], 
    "vizSampling": {
      "_refreshTrigger": 0, 
      "autoRefreshSample": false
    }
  }, 
  "tags": [], 
  "versionTag": {
    "lastModifiedBy": {
      "displayName": "Administrator", 
      "login": "admin"
    }, 
    "lastModifiedOn": 1449157836009, 
    "versionNumber": 0
  }
}