{
  "dashboardAuthorizations": {
    "allAuthorized": false,
    "authorizations": [
      {
        "objectRef": {
          "objectId": "",
          "objectType": "DATASET"
        },
        "modes": [
          "READ"
        ]
      },
      {
        "objectRef": {
          "objectId": "new_customers_scored",
          "objectType": "DATASET"
        },
        "modes": [
          "READ"
        ]
      },
      {
        "objectRef": {
          "objectId": "8A6fb5O8",
          "objectType": "SAVED_MODEL"
        },
        "modes": [
          "READ"
        ]
      }
    ]
  },
  "exposedObjects": {
    "objects": []
  },
  "projectType": "REGULAR",
  "bundleExporterSettings": {
    "exportOptions": {
      "exportUploads": false,
      "exportManagedFS": false,
      "exportAnalysisModels": false,
      "exportSavedModels": false,
      "exportManagedFolders": false,
      "exportAllInputDatasets": false,
      "exportAllDatasets": false,
      "exportAllInputManagedFolders": false,
      "exportGitRepository": false,
      "exportInsightsData": false,
      "useManualPluginsInfo": false,
      "includedDatasetsData": [],
      "includedSavedModels": [],
      "includedManagedFolders": []
    }
  },
  "owner": "itrivedi",
  "permissions": [],
  "additionalDashboardUsers": {
    "users": []
  },
  "tutorialProject": true,
  "tutorialId": "DKU_CUSTOMER_LIFETIME_VALUE",
  "settings": {
    "flowAnchorSourcesAndSinks": true,
    "gitCommitMode": "AUTO",
    "disableAutomaticTriggers": false,
    "integrations": {
      "integrations": []
    },
    "flowBuildSettings": {
      "mergeSparkPipelines": false,
      "pruneBeforeSparkPipelines": false
    },
    "limitsSettings": {
      "memSampleBytes": {
        "soft": -1,
        "hard": -1
      },
      "shakerMemTableBytes": {
        "soft": -1,
        "hard": -1
      },
      "attachmentBytes": {
        "soft": -1,
        "hard": -1
      }
    },
    "relocationSettings": {
      "sqlLikeRecipesInitializationMode": "RESOLVED_TABLE_REFERENCES"
    },
    "recipeEnginesPreferences": {
      "forbiddenEngines": [],
      "enginesPreferenceOrder": [],
      "forbiddenByRecipeType": {},
      "preferenceByRecipeType": {}
    },
    "codeEnvs": {
      "python": {
        "useBuiltinEnv": true,
        "preventOverride": false
      },
      "r": {
        "useBuiltinEnv": true,
        "preventOverride": false
      }
    },
    "container": {
      "containerMode": "NONE"
    },
    "datasetsCreationSettings": {
      "useGlobal": true,
      "preferedStorageFormats": "CSV_ESCAPING_NOGZIP_FORHIVE,CSV_EXCEL_GZIP,PARQUET_HIVE",
      "virtualizable": false,
      "allowUploadsWithoutConnection": true
    },
    "hiveEngineCreationSettings": {
      "useGlobal": true,
      "executionEngine": "HIVECLI_LOCAL"
    },
    "sparkEngineCreationSettings": {
      "useGlobal": true,
      "useGlobalMetastore": false
    },
    "impalaEngineCreationSettings": {
      "useGlobal": true,
      "streamMode": true
    },
    "wikiSettings": {
      "promoted": true
    },
    "cluster": {
      "clusterMode": "INHERIT"
    }
  },
  "name": "BLUE Customer Lifetime Value for itrivedi",
  "imgPattern": 4,
  "metrics": {
    "probes": [],
    "engineConfig": {
      "padRunsWithMetrics": false,
      "hive": {
        "active": true,
        "extraConf": []
      },
      "basic": {},
      "dss": {
        "active": true,
        "selection": {
          "useMemTable": false,
          "filter": {
            "distinct": false,
            "enabled": false
          },
          "partitionSelectionMethod": "ALL",
          "latestPartitionsN": 1,
          "ordering": {
            "enabled": false,
            "rules": []
          },
          "samplingMethod": "FULL",
          "maxRecords": -1,
          "targetRatio": 0.02,
          "withinFirstN": -1,
          "maxReadUncompressedBytes": -1
        }
      },
      "sql": {
        "active": true
      },
      "impala": {
        "active": true
      },
      "python": {}
    },
    "displayedState": {
      "columns": [],
      "metrics": []
    }
  },
  "metricsChecks": {
    "runOnBuild": false,
    "checks": [],
    "displayedState": {
      "checks": []
    }
  },
  "versionTag": {
    "versionNumber": 13,
    "lastModifiedBy": {
      "login": "itrivedi"
    },
    "lastModifiedOn": 1545168755117
  },
  "description": "In this project, we want to predict how much net profit each new customer is going to bring us in total. In other words, we\u0027re **looking to predict our Customer Lifetime Value!** \n\nTo do this, you\u0027ll learn how to combine data from several different sources, enrich it, and build and deploy a model on it.\n\n# Business goals\nThe goal is to build a model to predict how much money a customer will spend, based on his first interactions on our website.\nTo do this, we\u0027ll be using lots of types of data: web traffic data, and historical customer purchases, enriched with open data on countries (GDP).\n\n# How do we do this?\n\nWe have collected several different types of data from our historical customers:\n- Demographic information (age, gender, location)\n- Their actions on our website\n- The marketing campaigns they received\n- Their previous purchases\n\nIn addition, we\u0027re going to use data about their location to enrich our dataset.\n\nUsing a preparation step, we\u0027re going to start by joining the different data sources. Then we\u0027ll enrich that data in order to train the model. Then, we can copy the recipe and apply it to new data, so we can score new users using our model!\n\n# Explore the sample project\n\n- Start by taking a look at the flow to see the different steps of data preparation and machine learning that are needed for this project.\n\n\u003cp class\u003d\"text-center\"\u003e\n\u003ca href\u003d\"/projects/DKU_CUSTOMER_LIFETIME_VALUE/flow/\"  class\u003d\"btn btn-datasets-color btn-cta-big-mod\"\u003e\u003ci class\u003d\"icon-dku-sample_project\" class\u003d\"btn-cta-big-mod-icon\" /\u003e\u0026nbsp;Flow\u003c/a\u003e\u003cbr/\u003e\u003cbr/\u003e\n\u003c/p\u003e\n\n- Take a look at how we clean and analyse historical data, and enrich it with geographic data: \n\n\u003cp class\u003d\"text-center\"\u003e\n\u003ca href\u003d\"/projects/DKU_CUSTOMER_LIFETIME_VALUE/recipes/prepare_crm_prepared/\"  class\u003d\"btn btn-datasets-color btn-cta-big-mod\"\u003e\u003ci class\u003d\"icon-dku-sample_project\" class\u003d\"btn-cta-big-mod-icon\" /\u003e\u0026nbsp;Visual Preparation\u003c/a\u003e\u003cbr/\u003e\u003cbr/\u003e\n\u003c/p\u003e\n\n- Check out our random forest algorithm to predict how much revenue will come from each client.\n\n\u003cp class\u003d\"text-center\"\u003e\n\u003ca href\u003d\"/projects/DKU_CUSTOMER_LIFETIME_VALUE/savedmodels/8A6fb5O8/versions/\"  class\u003d\"btn btn-datasets-color btn-cta-big-mod\"\u003e\u003ci class\u003d\"icon-dku-sample_project\" class\u003d\"btn-cta-big-mod-icon\" /\u003e\u0026nbsp;Model\u003c/a\u003e\u003cbr/\u003e\u003cbr/\u003e\n\u003c/p\u003e\n\n- Finally, check out the output dataset we got after we\u0027ve deployed the model on our new users. It\u0027s published on the dashboard! You can see the column predicting the lifetime value on the right.\n\n\u003cp class\u003d\"text-center\"\u003e\n\u003ca href\u003d\"/projects/DKU_CUSTOMER_LIFETIME_VALUE/dashboards/DTp3MvZ_default-dashboard/view/xA3Q68u\"  class\u003d\"btn btn-datasets-color btn-cta-big-mod\"\u003e\u003ci class\u003d\"icon-dku-sample_project\" class\u003d\"btn-cta-big-mod-icon\" /\u003e\u0026nbsp;Dashboard with the Scored Dataset\u003c/a\u003e\u003cbr/\u003e\u003cbr/\u003e\n\u003c/p\u003e\n\n\u003ca name\u003d\"MORE\"\u003e\n#Related content\n\u003c/a\u003e\n\nIf you want more resources (and we know you do), check these out: \n\n- our [machine learning tutorial](http://www.dataiku.com/learn/guide/tutorials/machine-learning.html) so you can build your first machine learning model in DSS on your own\n- the [churn sample project](/projects/DKU_CHURN/), where you\u0027ll see not only ont but 2 models in one flow\n- [an article](http://www.dataiku.com/learn/guide/academy/machine-learning/interpret-model-output-part-1.html) on how to monitor your model\u0027s performance\n- and [a blogpost](http://www.dataiku.com/blog/2016/03/30/automation-scenarios-another-step-towars-a-successful-model-deployment.html) to help you with your next step, putting your algorithm into production with automations.",
  "shortDesc": "Predicting Customer Lifetime Value using web traffic data, and historical customer purchases.",
  "tags": [
    "sample_project",
    "sample"
  ],
  "checklists": {
    "checklists": []
  }
}