{
  "projectKey": "DKU_ENERGY_CONSUMPTION",
  "id": "Build_for_EC",
  "type": "step_based",
  "name": "Build for EC",
  "active": true,
  "versionTag": {
    "versionNumber": 7,
    "lastModifiedBy": {
      "login": "itrivedi"
    },
    "lastModifiedOn": 1545163335452
  },
  "checklists": {
    "checklists": []
  },
  "delayedTriggersBehavior": {
    "delayWhileRunning": true,
    "squashDelayedTriggers": true,
    "suppressTriggersWhileRunning": true
  },
  "tags": [],
  "triggers": [
    {
      "id": "oDOxds8H",
      "type": "temporal",
      "name": "EC1h",
      "delay": 5,
      "active": true,
      "params": {
        "frequency": "Hourly",
        "daysOfWeek": [
          "Saturday"
        ],
        "dayOfMonth": 1,
        "minute": 1,
        "hour": 2,
        "count": 5
      }
    }
  ],
  "reporters": [],
  "params": {
    "steps": [
      {
        "id": "build_0_true_d_scores",
        "type": "build_flowitem",
        "name": "Step #1",
        "runConditionType": "RUN_IF_STATUS_MATCH",
        "runConditionStatuses": [
          "SUCCESS",
          "WARNING"
        ],
        "runConditionExpression": "",
        "resetScenarioStatus": false,
        "params": {
          "builds": [
            {
              "type": "DATASET",
              "itemId": "data_prepared_2012_predictions",
              "partitionsSpec": ""
            }
          ],
          "jobType": "RECURSIVE_BUILD",
          "refreshHiveMetastore": true,
          "proceedOnFailure": false
        }
      }
    ]
  },
  "automationLocal": false
}