{
  "type": "Filesystem",
  "managed": true,
  "formatType": "csv",
  "checklists": {
    "checklists": []
  },
  "checks": [],
  "customMeta": {
    "kv": {}
  },
  "flowOptions": {
    "virtualizable": false,
    "rebuildBehavior": "NORMAL",
    "crossProjectBuildBehavior": "DEFAULT"
  },
  "readWriteOptions": {
    "preserveOrder": false,
    "writeBuckets": 1,
    "forceSingleOutputFile": false,
    "defaultReadOrdering": {
      "enabled": false,
      "rules": []
    }
  },
  "formatParams": {
    "style": "unix",
    "charset": "utf8",
    "separator": "\t",
    "quoteChar": "\"",
    "escapeChar": "\\",
    "dateSerializationFormat": "ISO",
    "arrayMapFormat": "json",
    "hiveSeparators": [
      "\u0002",
      "\u0003",
      "\u0004",
      "\u0005",
      "\u0006",
      "\u0007",
      "\b"
    ],
    "skipRowsBeforeHeader": 0,
    "parseHeaderRow": false,
    "skipRowsAfterHeader": 0,
    "probableNumberOfRecords": 0,
    "normalizeBooleans": false,
    "normalizeDoubles": true,
    "readAdditionalColumnsBehavior": "INSERT_IN_DATA_WARNING",
    "readMissingColumnsBehavior": "DISCARD_SILENT",
    "readDataTypeMismatchBehavior": "DISCARD_WARNING",
    "writeDataTypeMismatchBehavior": "DISCARD_WARNING",
    "fileReadFailureBehavior": "FAIL",
    "compress": "gz"
  },
  "partitioning": {
    "ignoreNonMatchingFile": false,
    "considerMissingRequestedPartitionsAsEmpty": false,
    "dimensions": []
  },
  "versionTag": {
    "versionNumber": 3,
    "lastModifiedBy": {
      "login": "admin"
    },
    "lastModifiedOn": 1486544429238
  },
  "creationTag": {
    "versionNumber": 0,
    "lastModifiedBy": {
      "login": "admin"
    },
    "lastModifiedOn": 1486544429243
  },
  "tags": [
    "creator_admin"
  ],
  "params": {
    "connection": "filesystem_managed",
    "path": "/DKU_ENERGY_CONSUMPTION.data_prepared_2011",
    "notReadyIfEmpty": false,
    "filesSelectionRules": {
      "mode": "ALL",
      "excludeRules": [],
      "includeRules": [],
      "explicitFiles": []
    }
  },
  "schema": {
    "columns": [
      {
        "name": "day",
        "type": "date"
      },
      {
        "name": "DATE_LOCAL_parsed",
        "type": "date",
        "maxLength": 1000
      },
      {
        "name": "month",
        "type": "bigint",
        "maxLength": 1000
      },
      {
        "name": "week_day",
        "type": "bigint",
        "maxLength": 1000
      },
      {
        "name": "hour",
        "type": "bigint",
        "maxLength": 1000
      },
      {
        "name": "consomation",
        "type": "bigint",
        "maxLength": 1000
      },
      {
        "name": "temperature",
        "type": "double",
        "maxLength": 1000
      },
      {
        "name": "Site",
        "type": "string",
        "maxLength": 1000
      },
      {
        "name": "NAF_code",
        "type": "string",
        "maxLength": 1000
      },
      {
        "name": "consomation_day",
        "type": "double"
      },
      {
        "name": "temperature_day",
        "type": "double"
      },
      {
        "name": "consomation_previous_day",
        "type": "double"
      },
      {
        "name": "consomation_day_of_previous_week",
        "type": "double"
      },
      {
        "name": "temperature_week_avg",
        "type": "double"
      },
      {
        "name": "temperature_previous_day",
        "type": "double"
      }
    ],
    "userModified": true
  },
  "metrics": {
    "probes": [],
    "engineConfig": {
      "padRunsWithMetrics": false,
      "hive": {
        "active": true,
        "extraConf": [],
        "addDkuUdf": false
      },
      "basic": {},
      "dss": {
        "active": true,
        "selection": {
          "samplingMethod": "FULL",
          "partitionSelectionMethod": "ALL",
          "maxRecords": 10000,
          "targetRatio": 0.02
        }
      },
      "sql": {
        "active": true
      },
      "impala": {
        "active": true
      },
      "python": {}
    },
    "displayedState": {
      "metrics": []
    }
  },
  "metricsChecks": {
    "runOnBuild": false,
    "checks": [],
    "displayedState": {
      "checks": []
    }
  }
}