{
  "type": "r",
  "neverRecomputeExistingPartitions": false,
  "optionalDependencies": false,
  "params": {
    "envSelection": {
      "envMode": "INHERIT"
    },
    "skipPrerunValidate": false
  },
  "customMeta": {
    "kv": {}
  },
  "redispatchPartitioning": false,
  "inputs": {
    "main": {
      "items": [
        {
          "ref": "data_prepared_2012_predictions",
          "deps": []
        }
      ]
    }
  },
  "outputs": {
    "main": {
      "items": [
        {
          "ref": "scores",
          "appendMode": false
        }
      ]
    }
  },
  "versionTag": {
    "versionNumber": 21,
    "lastModifiedBy": {
      "login": "admin"
    },
    "lastModifiedOn": 1510829558503
  },
  "tags": [],
  "checklists": {
    "checklists": []
  }
}