{
  "type": "prediction_scoring",
  "neverRecomputeExistingPartitions": false,
  "optionalDependencies": false,
  "params": {},
  "customMeta": {
    "kv": {}
  },
  "redispatchPartitioning": false,
  "inputs": {
    "model": {
      "items": [
        {
          "ref": "4wUI1vp8",
          "deps": []
        }
      ]
    },
    "main": {
      "items": [
        {
          "ref": "data_prepared_2012",
          "deps": []
        }
      ]
    }
  },
  "outputs": {
    "main": {
      "items": [
        {
          "ref": "data_prepared_2012_predictions",
          "appendMode": false
        }
      ]
    }
  },
  "versionTag": {
    "versionNumber": 1,
    "lastModifiedBy": {
      "login": "admin"
    },
    "lastModifiedOn": 1486545696599
  },
  "tags": [],
  "checklists": {
    "checklists": []
  }
}