{
  "dashboardAuthorizations": {
    "allAuthorized": false,
    "authorizations": [
      {
        "objectRef": {
          "objectId": "crm_and_web_history_enriched",
          "objectType": "DATASET"
        },
        "modes": [
          "READ"
        ]
      },
      {
        "objectRef": {
          "objectId": "revenue_prediction",
          "objectType": "DATASET"
        },
        "modes": [
          "READ"
        ]
      },
      {
        "objectRef": {
          "objectId": "",
          "objectType": "DATASET"
        },
        "modes": [
          "READ"
        ]
      },
      {
        "objectRef": {
          "objectId": "Custom report on predicted revenue",
          "objectType": "JUPYTER_NOTEBOOK"
        },
        "modes": [
          "READ"
        ]
      },
      {
        "objectRef": {
          "objectId": "web_last_month_enriched",
          "objectType": "DATASET"
        },
        "modes": [
          "READ"
        ]
      },
      {
        "objectRef": {
          "objectId": "Vs6j4B8H",
          "objectType": "SAVED_MODEL"
        },
        "modes": [
          "READ"
        ]
      }
    ]
  },
  "exposedObjects": {
    "objects": []
  },
  "projectType": "REGULAR",
  "bundleExporterSettings": {
    "exportOptions": {
      "exportUploads": false,
      "exportManagedFS": false,
      "exportAnalysisModels": false,
      "exportSavedModels": false,
      "exportManagedFolders": false,
      "exportAllInputDatasets": false,
      "exportAllDatasets": false,
      "exportAllInputManagedFolders": false,
      "exportGitRepository": false,
      "exportInsightsData": false,
      "useManualPluginsInfo": false,
      "includedDatasetsData": [],
      "includedSavedModels": [],
      "includedManagedFolders": []
    }
  },
  "owner": "jyancey",
  "permissions": [],
  "additionalDashboardUsers": {
    "users": []
  },
  "tutorialProject": true,
  "tutorialId": "DKU_TSHIRTS",
  "settings": {
    "flowAnchorSourcesAndSinks": true,
    "gitCommitMode": "AUTO",
    "disableAutomaticTriggers": false,
    "integrations": {
      "integrations": []
    },
    "flowBuildSettings": {
      "mergeSparkPipelines": false,
      "pruneBeforeSparkPipelines": false
    },
    "limitsSettings": {
      "memSampleBytes": {
        "soft": -1,
        "hard": -1
      },
      "shakerMemTableBytes": {
        "soft": -1,
        "hard": -1
      },
      "attachmentBytes": {
        "soft": -1,
        "hard": -1
      }
    },
    "relocationSettings": {
      "sqlLikeRecipesInitializationMode": "RESOLVED_TABLE_REFERENCES"
    },
    "recipeEnginesPreferences": {
      "forbiddenEngines": [],
      "enginesPreferenceOrder": [],
      "forbiddenByRecipeType": {},
      "preferenceByRecipeType": {}
    },
    "codeEnvs": {
      "python": {
        "useBuiltinEnv": true,
        "preventOverride": false
      },
      "r": {
        "useBuiltinEnv": true,
        "preventOverride": false
      }
    },
    "container": {
      "containerMode": "NONE"
    },
    "datasetsCreationSettings": {
      "useGlobal": true,
      "preferedStorageFormats": "CSV_ESCAPING_NOGZIP_FORHIVE,CSV_EXCEL_GZIP,PARQUET_HIVE",
      "virtualizable": false,
      "allowUploadsWithoutConnection": true
    },
    "hiveEngineCreationSettings": {
      "useGlobal": true,
      "executionEngine": "HIVECLI_LOCAL"
    },
    "sparkEngineCreationSettings": {
      "useGlobal": true,
      "useGlobalMetastore": false
    },
    "impalaEngineCreationSettings": {
      "useGlobal": true,
      "streamMode": true
    },
    "wikiSettings": {
      "promoted": false
    },
    "cluster": {
      "clusterMode": "INHERIT"
    }
  },
  "name": "BLUE Dataiku TShirts for jyancey",
  "imgPattern": 1,
  "metrics": {
    "probes": [],
    "engineConfig": {
      "padRunsWithMetrics": false,
      "hive": {
        "active": true,
        "extraConf": []
      },
      "basic": {},
      "dss": {
        "active": true,
        "selection": {
          "useMemTable": false,
          "filter": {
            "distinct": false,
            "enabled": false
          },
          "partitionSelectionMethod": "ALL",
          "latestPartitionsN": 1,
          "ordering": {
            "enabled": false,
            "rules": []
          },
          "samplingMethod": "FULL",
          "maxRecords": -1,
          "targetRatio": 0.02,
          "withinFirstN": -1,
          "maxReadUncompressedBytes": -1
        }
      },
      "sql": {
        "active": true
      },
      "impala": {
        "active": true
      },
      "python": {}
    },
    "displayedState": {
      "columns": [],
      "metrics": []
    }
  },
  "metricsChecks": {
    "runOnBuild": false,
    "checks": [],
    "displayedState": {
      "checks": []
    }
  },
  "versionTag": {
    "versionNumber": 13,
    "lastModifiedBy": {
      "login": "itrivedi"
    },
    "lastModifiedOn": 1545168834380
  },
  "description": "_This project offers a slightly different look at the Haiku T-Shirt company from the [Tutorials](https://www.dataiku.com/learn/guide/tutorials/basics.html)_\n\n\u003cbr/\u003e\n# Revenue prediction\n\nIn this project you\u0027ll learn how to predict the monthly revenue of new customers once they completed their first purchase.\nThis is done by :\n\n1. Using historical CRM data mixed with users interactions on the web site to build a predictive model,\n2. Updating this model with the most recent data to get the best possible predictions,\n3. Use this up-to-date model to predict how much revenue new customers will generate this month.\n\n\u003cbr/\u003e\n# Visit the sample project\n\n\n1. The Graphical Flow of the data and model processing.\u003cbr/\u003e\n\u003cp class\u003d\"text-center\"\u003e\n\u003ca href\u003d\"/projects/DKU_TSHIRTS/flow/\"  class\u003d\"btn btn-datasets-color btn-cta-big-mod\"\u003e\u003ci class\u003d\"icon-dku-sample_project\" class\u003d\"btn-cta-big-mod-icon\" /\u003e\u0026nbsp;Flow\u003c/a\u003e\u003cbr/\u003e\u003cbr/\u003e\n\u003c/p\u003e\n\n2. Insights related to customers and revenue prediction.\nNote that some charts requires the installation of the [Reverse Geocoding](https://www.dataiku.com/community/plugins/info/geoadmin.html) plugin.\n\u003cp class\u003d\"text-center\"\u003e\n\u003ca href\u003d\"/projects/DKU_TSHIRTS/dashboards/\"  class\u003d\"btn btn-datasets-color btn-cta-big-mod\"\u003e\u003ci class\u003d\"icon-dku-sample_project\" class\u003d\"btn-cta-big-mod-icon\" /\u003e\u0026nbsp;Dashboards\u003c/a\u003e\u003cbr/\u003e\u003cbr/\u003e\n\u003c/p\u003e\n\n\n3. Train a predictive model to learn about the key factors impacting revenue.\n\u003cp class\u003d\"text-center\"\u003e\n\u003ca href\u003d\"/projects/DKU_TSHIRTS/analysis/xXTYPWEJ/\"  class\u003d\"btn btn-datasets-color btn-cta-big-mod\"\u003e\u003ci class\u003d\"icon-dku-sample_project\" class\u003d\"btn-cta-big-mod-icon\" /\u003e\u0026nbsp;Machine learning analysis\u003c/a\u003e\u003cbr/\u003e\u003cbr/\u003e\n\u003c/p\u003e\n\n\n4. Deploy that Machine Learning Model to update it regularly and forecast new customers\u0027 revenue accurately.\n\u003cp class\u003d\"text-center\"\u003e\n\u003ca href\u003d\"/projects/DKU_TSHIRTS/analysis/gPd2KlKo/\"  class\u003d\"btn btn-datasets-color btn-cta-big-mod\"\u003e\u003ci class\u003d\"icon-dku-sample_project\" class\u003d\"btn-cta-big-mod-icon\" /\u003e\u0026nbsp;Machine learning models\u003c/a\u003e\u003cbr/\u003e\u003cbr/\u003e\n\u003c/p\u003e\n\n\n\u003cbr/\u003e\n#More on this topic\n\n\n1.  The tutorials related to this project :\n    * Basics [https://www.dataiku.com/learn/guide/tutorials/basics.html](https://www.dataiku.com/learn/guide/tutorials/basics.html) \n    * From Lab to Flow [https://www.dataiku.com/learn/guide/tutorials/lab.html](https://www.dataiku.com/learn/guide/tutorials/lab.html)\n    * Your first Machine Learning model [https://www.dataiku.com/learn/guide/tutorials/machine-learning.html](https://www.dataiku.com/learn/guide/tutorials/machine-learning.html)\n2.  BLOG : Understand DSS visual grammar [http://doc.dataiku.com/dss/latest/flow/index.html?highlight\u003dvisual%20grammar](http://doc.dataiku.com/dss/latest/flow/index.html?highlight\u003dvisual%20grammar)\n3.  VIDEO : 15 minutes to Deploy your Predictive Application : [https://www.dataiku.com/learn/guide/free-training/deploy-predictive-application.html](https://www.dataiku.com/learn/guide/free-training/deploy-predictive-application.html)",
  "shortDesc": "This project offers a slightly different look at the Haiku T-Shirt company from the [Tutorials](https://www.dataiku.com/learn/guide/tutorials/basics.html)",
  "tags": [
    "sample_project",
    "sample"
  ],
  "checklists": {
    "checklists": []
  }
}