{
  "tags": {
    "Revenue !": {},
    "Revenue Prediction": {},
    "Revenue ?": {},
    "Prediction": {},
    "Update model": {},
    "Regression": {},
    "Data processing": {},
    "Predictive intelligence": {},
    "Model assessment": {},
    "Business intelligence": {},
    "Shared": {},
    "Machine Learning": {},
    "sample": {
      "color": "#2BB2AD"
    },
    "sample_project": {},
    "Source data": {},
    "Best model": {},
    "Features preparation": {},
    "Processed data": {},
    "Training data": {},
    "Model creation": {},
    "SAMPLE_PROJECT": {},
    "creator_admin": {}
  }
}