{
  "projectKey": "LABELOUTLIERCLAIMS",
  "id": "TRIGGERONNEWRECORDS",
  "type": "step_based",
  "name": "triggerOnNewRecords",
  "active": true,
  "versionTag": {
    "versionNumber": 9,
    "lastModifiedBy": {
      "login": "jsutphin"
    },
    "lastModifiedOn": 1545150576027
  },
  "checklists": {
    "checklists": []
  },
  "delayedTriggersBehavior": {
    "delayWhileRunning": true,
    "squashDelayedTriggers": true,
    "suppressTriggersWhileRunning": true
  },
  "tags": [],
  "triggers": [
    {
      "id": "8d56fwF9",
      "type": "follow_scenariorun",
      "name": "labelOutliers",
      "delay": 30,
      "active": true,
      "params": {
        "projectKey": "GENSPARKCLAIMS",
        "scenarioId": "SCENARIO1"
      },
      "graceDelaySettings": {
        "delay": 0,
        "checkAgainAfterGraceDelay": false
      }
    }
  ],
  "reporters": [],
  "params": {
    "steps": [
      {
        "id": "build_0_true_d_stage_claims_latest_filtered_scored",
        "type": "build_flowitem",
        "name": "Step #1",
        "runConditionType": "RUN_IF_STATUS_MATCH",
        "runConditionStatuses": [
          "SUCCESS",
          "WARNING"
        ],
        "runConditionExpression": "",
        "resetScenarioStatus": false,
        "params": {
          "builds": [
            {
              "type": "DATASET",
              "itemId": "stage_claims_latest_filtered_scored",
              "partitionsSpec": ""
            },
            {
              "type": "DATASET",
              "itemId": "stage_claims_latest_byday",
              "partitionsSpec": ""
            }
          ],
          "jobType": "RECURSIVE_FORCED_BUILD",
          "refreshHiveMetastore": true,
          "proceedOnFailure": false
        }
      }
    ]
  },
  "automationLocal": false
}