{
  "dashboardAuthorizations": {
    "allAuthorized": false,
    "authorizations": [
      {
        "objectRef": {
          "objectId": "stage_claims_hdfs",
          "objectType": "DATASET"
        },
        "modes": [
          "READ"
        ]
      },
      {
        "objectRef": {
          "objectId": "stage_provider_specialties",
          "objectType": "DATASET"
        },
        "modes": []
      }
    ]
  },
  "exposedObjects": {
    "objects": [
      {
        "type": "DATASET",
        "localName": "stage_claims_hdfs_distinct",
        "rules": [
          {
            "targetProject": "LABELOUTLIERCLAIMS",
            "appearOnFlow": true
          }
        ]
      },
      {
        "type": "DATASET",
        "localName": "stage_claim_lines_hdfs",
        "rules": [
          {
            "targetProject": "LABELOUTLIERCLAIMS",
            "appearOnFlow": true
          },
          {
            "targetProject": "LABELOUTLIERS2_HDFS",
            "appearOnFlow": true
          },
          {
            "targetProject": "OUTLIERSSEMIYEARLY",
            "appearOnFlow": true
          }
        ]
      },
      {
        "type": "DATASET",
        "localName": "stage_claims_hdfs",
        "rules": [
          {
            "targetProject": "LABELOUTLIERS2_HDFS",
            "appearOnFlow": true
          },
          {
            "targetProject": "LABELOUTLIERCLAIMS",
            "appearOnFlow": true
          },
          {
            "targetProject": "OUTLIERSSEMIYEARLY",
            "appearOnFlow": true
          }
        ]
      },
      {
        "type": "DATASET",
        "localName": "stage_provider_specialties",
        "rules": [
          {
            "targetProject": "LABELOUTLIERCLAIMS",
            "appearOnFlow": true
          },
          {
            "targetProject": "OUTLIERSSEMIYEARLY",
            "appearOnFlow": true
          }
        ]
      }
    ]
  },
  "projectType": "REGULAR",
  "bundleExporterSettings": {
    "exportOptions": {
      "exportUploads": false,
      "exportManagedFS": false,
      "exportAnalysisModels": false,
      "exportSavedModels": false,
      "exportManagedFolders": false,
      "exportAllInputDatasets": false,
      "exportAllDatasets": false,
      "exportAllInputManagedFolders": false,
      "exportGitRepository": false,
      "exportInsightsData": false,
      "useManualPluginsInfo": false,
      "includedDatasetsData": [],
      "includedSavedModels": [],
      "includedManagedFolders": []
    }
  },
  "owner": "jsutphin",
  "permissions": [],
  "additionalDashboardUsers": {
    "users": []
  },
  "tutorialProject": false,
  "settings": {
    "flowAnchorSourcesAndSinks": true,
    "gitCommitMode": "AUTO",
    "disableAutomaticTriggers": false,
    "integrations": {
      "integrations": []
    },
    "flowBuildSettings": {
      "mergeSparkPipelines": true,
      "pruneBeforeSparkPipelines": true
    },
    "limitsSettings": {
      "memSampleBytes": {
        "soft": -1,
        "hard": -1
      },
      "shakerMemTableBytes": {
        "soft": -1,
        "hard": -1
      },
      "attachmentBytes": {
        "soft": -1,
        "hard": -1
      }
    },
    "relocationSettings": {
      "sqlLikeRecipesInitializationMode": "RESOLVED_TABLE_REFERENCES"
    },
    "recipeEnginesPreferences": {
      "forbiddenEngines": [],
      "enginesPreferenceOrder": [],
      "forbiddenByRecipeType": {},
      "preferenceByRecipeType": {}
    },
    "codeEnvs": {
      "python": {
        "useBuiltinEnv": false,
        "preventOverride": true,
        "envName": "pyenv1"
      },
      "r": {
        "useBuiltinEnv": true,
        "preventOverride": false
      }
    },
    "container": {
      "containerMode": "NONE"
    },
    "datasetsCreationSettings": {
      "useGlobal": true,
      "preferedStorageFormats": "CSV_ESCAPING_NOGZIP_FORHIVE,CSV_EXCEL_GZIP,PARQUET_HIVE",
      "virtualizable": false,
      "allowUploadsWithoutConnection": true
    },
    "hiveEngineCreationSettings": {
      "useGlobal": true,
      "executionEngine": "HIVECLI_LOCAL"
    },
    "sparkEngineCreationSettings": {
      "useGlobal": true,
      "useGlobalMetastore": false
    },
    "impalaEngineCreationSettings": {
      "useGlobal": true,
      "streamMode": true
    },
    "wikiSettings": {
      "promoted": false
    },
    "cluster": {
      "clusterMode": "INHERIT"
    }
  },
  "name": "GenSparkClaims",
  "metrics": {
    "probes": [],
    "engineConfig": {
      "padRunsWithMetrics": false,
      "hive": {
        "active": true,
        "extraConf": []
      },
      "basic": {},
      "dss": {
        "active": true,
        "selection": {
          "useMemTable": false,
          "filter": {
            "distinct": false,
            "enabled": false
          },
          "partitionSelectionMethod": "ALL",
          "latestPartitionsN": 1,
          "ordering": {
            "enabled": false,
            "rules": []
          },
          "samplingMethod": "FULL",
          "maxRecords": -1,
          "targetRatio": 0.02,
          "withinFirstN": -1,
          "maxReadUncompressedBytes": -1
        }
      },
      "sql": {
        "active": true
      },
      "impala": {
        "active": true
      },
      "python": {}
    },
    "displayedState": {
      "columns": [],
      "metrics": []
    }
  },
  "metricsChecks": {
    "runOnBuild": false,
    "checks": [],
    "displayedState": {
      "checks": []
    }
  },
  "versionTag": {
    "versionNumber": 44,
    "lastModifiedBy": {
      "login": "jsutphin"
    },
    "lastModifiedOn": 1545228937654
  },
  "creationTag": {
    "versionNumber": 0,
    "lastModifiedBy": {
      "login": "jsutphin"
    },
    "lastModifiedOn": 1544193938117
  },
  "shortDesc": "The project *GenSparkClaims* was created by jsutphin on Dec 07th 2018",
  "tags": [
    "imported"
  ],
  "checklists": {
    "checklists": [
      {
        "title": "Your new project\u0027s Todo",
        "createdOn": 0,
        "items": [
          {
            "done": true,
            "text": "Create the project",
            "createdOn": 1544193938117,
            "createdBy": "jsutphin",
            "stateChangedOn": 0
          },
          {
            "done": false,
            "text": "Set a project image (click on the color next to the project title)",
            "createdOn": 1544193938117,
            "createdBy": "jsutphin",
            "stateChangedOn": 0
          },
          {
            "done": false,
            "text": "Import your [first dataset](projects/GENSPARKCLAIMS/datasets/new/)",
            "createdOn": 1544193938117,
            "createdBy": "jsutphin",
            "stateChangedOn": 0
          },
          {
            "done": false,
            "text": "Organize your work by replacing this with a real todo",
            "createdOn": 1544193938117,
            "createdBy": "jsutphin",
            "stateChangedOn": 0
          }
        ]
      }
    ]
  }
}