{
  "type": "MySQL",
  "managed": true,
  "checklists": {
    "checklists": []
  },
  "checks": [],
  "customMeta": {
    "kv": {}
  },
  "flowOptions": {
    "virtualizable": false,
    "rebuildBehavior": "NORMAL",
    "crossProjectBuildBehavior": "DEFAULT"
  },
  "readWriteOptions": {
    "preserveOrder": false,
    "writeBuckets": 1,
    "forceSingleOutputFile": false,
    "defaultReadOrdering": {
      "enabled": false,
      "rules": []
    }
  },
  "partitioning": {
    "ignoreNonMatchingFile": false,
    "considerMissingRequestedPartitionsAsEmpty": false,
    "dimensions": []
  },
  "versionTag": {
    "versionNumber": 1,
    "lastModifiedBy": {
      "login": "jsutphin"
    },
    "lastModifiedOn": 1545118922159
  },
  "creationTag": {
    "versionNumber": 0,
    "lastModifiedBy": {
      "login": "jsutphin"
    },
    "lastModifiedOn": 1545118922157
  },
  "tags": [],
  "params": {
    "useDatetimeForDates": false,
    "connection": "WMA13-mySQL",
    "notReadyIfEmpty": false,
    "mode": "table",
    "partitioningType": "custom",
    "normalizeDoubles": true,
    "table": "${projectKey}_stage_claims_latest_byday",
    "tableCreationMode": "auto",
    "writeInsertBatchSize": 10000,
    "writeJDBCBadDataBehavior": "DISCARD_ROW",
    "readColsWithUnknownTzAsDates": false,
    "readSQLDateColsAsDSSDates": true
  },
  "schema": {
    "columns": [
      {
        "name": "claim_current_status",
        "type": "bigint"
      },
      {
        "name": "clcl_id",
        "type": "bigint"
      },
      {
        "name": "clcl_input_dt",
        "type": "date"
      },
      {
        "name": "new_member_key",
        "type": "bigint"
      },
      {
        "name": "provider_id",
        "type": "string",
        "maxLength": 500
      },
      {
        "name": "claim_lineitem_number",
        "type": "bigint"
      },
      {
        "name": "diagnosis_code",
        "type": "string",
        "maxLength": 500
      },
      {
        "name": "line_item_amount_charged",
        "type": "double"
      },
      {
        "name": "line_item_paid_amount",
        "type": "double"
      },
      {
        "name": "lineitem_units_allowed",
        "type": "bigint"
      },
      {
        "name": "lineitem_units_charged",
        "type": "bigint"
      },
      {
        "name": "procedure_code",
        "type": "string",
        "maxLength": 500
      },
      {
        "name": "provider_entity",
        "type": "string",
        "maxLength": 500
      },
      {
        "name": "provider_specialty",
        "type": "string",
        "maxLength": 500
      },
      {
        "name": "cluster_labels",
        "type": "string",
        "maxLength": 500
      },
      {
        "name": "anomaly_score",
        "type": "double"
      }
    ],
    "userModified": true
  },
  "metrics": {
    "probes": [
      {
        "type": "basic",
        "enabled": true,
        "computeOnBuildMode": "PARTITION",
        "meta": {
          "name": "Basic data",
          "level": 0
        },
        "configuration": {}
      },
      {
        "type": "records",
        "enabled": true,
        "computeOnBuildMode": "NO",
        "meta": {
          "name": "Record count",
          "level": 0
        },
        "configuration": {}
      }
    ],
    "engineConfig": {
      "padRunsWithMetrics": false,
      "hive": {
        "active": true,
        "extraConf": []
      },
      "basic": {},
      "dss": {
        "active": true,
        "selection": {
          "useMemTable": false,
          "filter": {
            "distinct": false,
            "enabled": false
          },
          "partitionSelectionMethod": "ALL",
          "latestPartitionsN": 1,
          "ordering": {
            "enabled": false,
            "rules": []
          },
          "samplingMethod": "FULL",
          "maxRecords": -1,
          "targetRatio": 0.02,
          "withinFirstN": -1,
          "maxReadUncompressedBytes": -1
        }
      },
      "sql": {
        "active": true
      },
      "impala": {
        "active": true
      },
      "python": {}
    },
    "displayedState": {
      "columns": [],
      "metrics": [
        "basic:COUNT_COLUMNS",
        "records:COUNT_RECORDS"
      ]
    }
  },
  "metricsChecks": {
    "runOnBuild": false,
    "checks": [],
    "displayedState": {
      "checks": []
    }
  }
}