{
  "checklists": {
    "checklists": []
  }, 
  "creationTag": {
    "lastModifiedBy": {
      "login": "admin"
    }, 
    "lastModifiedOn": 1485788667654, 
    "versionNumber": 8
  }, 
  "listed": true, 
  "name": "Predictive dashboard", 
  "owner": "admin", 
  "pages": [
    {
      "grid": {
        "tiles": [
          {
            "autoLoad": true, 
            "box": {
              "height": 4, 
              "left": 0, 
              "top": 1, 
              "width": 4
            }, 
            "clickAction": "DO_NOTHING", 
            "displayMode": "INSIGHT", 
            "insightId": "o7Kd05V", 
            "insightType": "chart", 
            "resizeImageMode": "FIT_SIZE", 
            "showTitle": "YES", 
            "tileParams": {
              "autoPlayAnimation": true, 
              "showLegend": false, 
              "showTooltips": true, 
              "showXAxis": true, 
              "showYAxis": true
            }, 
            "tileType": "INSIGHT", 
            "title": "Failure prediction"
          }, 
          {
            "autoLoad": true, 
            "box": {
              "height": 2, 
              "left": 0, 
              "top": 6, 
              "width": 12
            }, 
            "clickAction": "OPEN_INSIGHT", 
            "displayMode": "INSIGHT", 
            "insightId": "SNVji3F", 
            "insightType": "dataset_table", 
            "resizeImageMode": "ORIG_SIZE", 
            "showTitle": "YES", 
            "tileParams": {
              "showDescription": true, 
              "showMeaning": false, 
              "showName": true, 
              "showProgressBar": false, 
              "showStorageType": false
            }, 
            "tileType": "INSIGHT"
          }, 
          {
            "autoLoad": true, 
            "box": {
              "height": 1, 
              "left": 0, 
              "top": 0, 
              "width": 12
            }, 
            "clickAction": "DO_NOTHING", 
            "displayMode": "INSIGHT", 
            "resizeImageMode": "ORIG_SIZE", 
            "showTitle": "NO", 
            "tileParams": {
              "isTransparent": true, 
              "text": "# Insights visualization\n<hr>", 
              "textAlign": "CENTER"
            }, 
            "tileType": "TEXT"
          }, 
          {
            "autoLoad": true, 
            "box": {
              "height": 4, 
              "left": 4, 
              "top": 1, 
              "width": 3
            }, 
            "clickAction": "DO_NOTHING", 
            "displayMode": "INSIGHT", 
            "resizeImageMode": "ORIG_SIZE", 
            "showTitle": "NO", 
            "tileParams": {
              "isTransparent": false, 
              "text": "###The number of vehicles predicted as failing using the trained model's threshold\n# \u25c4\n<br>\n### <p style=\"text-align:right;\">See the cumulative percentage of your fleet that remains under a given probability of failing</p>\n# <p style=\"text-align:right;\">\u25ba</p>", 
              "textAlign": "LEFT"
            }, 
            "tileType": "TEXT"
          }, 
          {
            "autoLoad": true, 
            "box": {
              "height": 4, 
              "left": 7, 
              "top": 1, 
              "width": 5
            }, 
            "clickAction": "OPEN_INSIGHT", 
            "displayMode": "INSIGHT", 
            "insightId": "c9GDjAY", 
            "insightType": "chart", 
            "resizeImageMode": "ORIG_SIZE", 
            "showTitle": "YES", 
            "tileParams": {
              "autoPlayAnimation": true, 
              "showLegend": false, 
              "showTooltips": true, 
              "showXAxis": true, 
              "showYAxis": true
            }, 
            "tileType": "INSIGHT", 
            "title": "Cumulative precentage of the fleet as a function of failure probability"
          }, 
          {
            "autoLoad": true, 
            "box": {
              "height": 1, 
              "left": 0, 
              "top": 5, 
              "width": 12
            }, 
            "clickAction": "DO_NOTHING", 
            "displayMode": "INSIGHT", 
            "resizeImageMode": "ORIG_SIZE", 
            "showTitle": "NO", 
            "tileParams": {
              "isTransparent": true, 
              "text": "# List of vehicles to park (high risk)\n<hr>", 
              "textAlign": "CENTER"
            }, 
            "tileType": "TEXT"
          }, 
          {
            "autoLoad": true, 
            "box": {
              "height": 1, 
              "left": 0, 
              "top": 8, 
              "width": 12
            }, 
            "clickAction": "DO_NOTHING", 
            "displayMode": "INSIGHT", 
            "resizeImageMode": "ORIG_SIZE", 
            "showTitle": "NO", 
            "tileParams": {
              "isTransparent": true, 
              "text": "# List of vehicles to inspect soon (moderate risk)\n<hr>", 
              "textAlign": "CENTER"
            }, 
            "tileType": "TEXT"
          }, 
          {
            "autoLoad": true, 
            "box": {
              "height": 3, 
              "left": 0, 
              "top": 9, 
              "width": 12
            }, 
            "clickAction": "OPEN_INSIGHT", 
            "displayMode": "INSIGHT", 
            "insightId": "qWmkOWF", 
            "insightType": "dataset_table", 
            "resizeImageMode": "ORIG_SIZE", 
            "showTitle": "YES", 
            "tileParams": {
              "showDescription": true, 
              "showMeaning": false, 
              "showName": true, 
              "showProgressBar": false, 
              "showStorageType": false
            }, 
            "tileType": "INSIGHT"
          }
        ]
      }, 
      "id": "fO8jUGW", 
      "showTitle": false, 
      "title": "Insights & assets at risk"
    }
  ], 
  "showGrid": true, 
  "tags": [], 
  "versionTag": {
    "lastModifiedBy": {
      "login": "admin"
    }, 
    "lastModifiedOn": 1511272210945, 
    "versionNumber": 55
  }
}