{
  "type": "sampling",
  "neverRecomputeExistingPartitions": false,
  "optionalDependencies": false,
  "params": {
    "selection": {
      "useMemTable": false,
      "filter": {
        "distinct": false,
        "enabled": false
      },
      "partitionSelectionMethod": "ALL",
      "latestPartitionsN": 1,
      "ordering": {
        "enabled": false,
        "rules": []
      },
      "samplingMethod": "FULL",
      "maxRecords": 100000,
      "targetRatio": 0.02,
      "withinFirstN": -1,
      "maxReadUncompressedBytes": -1
    },
    "engineType": "SPARK",
    "engineParams": {
      "dssEngineMaxThreads": 4,
      "sparkSQL": {
        "overwriteOutputSchema": false,
        "useGlobalMetastore": false,
        "sparkConfig": {
          "inheritConf": "default",
          "conf": []
        },
        "readParams": {
          "map": {
            "stage_claims_latest": {
              "repartition": 1,
              "cache": false
            },
            "LABELOUTLIERCLAIMS.stage_claims_latest": {
              "repartition": 1,
              "cache": false
            },
            "stage_claims_joined_RDD": {
              "repartition": 1,
              "cache": false
            }
          }
        },
        "pipelineAllowMerge": true,
        "pipelineAllowStart": true
      },
      "impala": {
        "forceStreamMode": true
      },
      "hive": {
        "inheritConf": "default",
        "hiveconf": [],
        "executionEngine": "HIVECLI_LOCAL",
        "addDkuUdf": false,
        "skipPrerunValidate": false
      },
      "lowerCaseSchemaIfEngineRequiresIt": false
    }
  },
  "customMeta": {
    "kv": {}
  },
  "redispatchPartitioning": false,
  "maxRunningActivities": 0,
  "inputs": {
    "main": {
      "items": [
        {
          "ref": "stage_claims_joined_RDD",
          "deps": []
        }
      ]
    }
  },
  "outputs": {
    "main": {
      "items": [
        {
          "ref": "stage_claims_latest_filtered2",
          "appendMode": false
        }
      ]
    }
  },
  "versionTag": {
    "versionNumber": 3,
    "lastModifiedBy": {
      "login": "jsutphin"
    },
    "lastModifiedOn": 1545229346712
  },
  "creationTag": {
    "versionNumber": 0,
    "lastModifiedBy": {
      "login": "jsutphin"
    },
    "lastModifiedOn": 1545225355403
  },
  "tags": [
    "CopyFromProj"
  ],
  "checklists": {
    "checklists": []
  }
}