{
  "type": "clustering_scoring",
  "neverRecomputeExistingPartitions": false,
  "optionalDependencies": false,
  "params": {
    "containerSelection": {
      "containerMode": "INHERIT"
    }
  },
  "customMeta": {
    "kv": {}
  },
  "redispatchPartitioning": false,
  "maxRunningActivities": 0,
  "inputs": {
    "model": {
      "items": [
        {
          "ref": "p6TfH3jr",
          "deps": []
        }
      ]
    },
    "main": {
      "items": [
        {
          "ref": "stage_claims_latest_filtered2",
          "deps": []
        }
      ]
    }
  },
  "outputs": {
    "main": {
      "items": [
        {
          "ref": "stage_claims_latest_filtered_scored2",
          "appendMode": false
        }
      ]
    }
  },
  "versionTag": {
    "versionNumber": 0,
    "lastModifiedBy": {
      "login": "jsutphin"
    },
    "lastModifiedOn": 1545225355405
  },
  "creationTag": {
    "versionNumber": 0,
    "lastModifiedBy": {
      "login": "jsutphin"
    },
    "lastModifiedOn": 1545225355405
  },
  "tags": [
    "CopyFromProj"
  ],
  "checklists": {
    "checklists": []
  }
}