{
  "params": {
    "ttPolicy": "SPLIT_SINGLE_DATASET",
    "ssdSplitMode": "RANDOM",
    "splitBeforePrepare": true,
    "ssdSelection": {
      "useMemTable": false,
      "filter": {
        "distinct": false,
        "enabled": false
      },
      "partitionSelectionMethod": "ALL",
      "latestPartitionsN": 1,
      "ordering": {
        "enabled": false,
        "rules": []
      },
      "samplingMethod": "FULL",
      "maxRecords": 100000,
      "targetRatio": 0.02,
      "withinFirstN": -1,
      "maxReadUncompressedBytes": -1
    },
    "ssdTrainingRatio": 0.8,
    "ssdSeed": 1337,
    "kfold": true,
    "nFolds": 5,
    "instanceIdRefresher": 0,
    "subSamplingSeed": 1337
  },
  "generationDate": 1519401036164,
  "policyId": "type\u003dSPLIT_SINGLE_DATASET,split\u003dRANDOM_KFOLD,splitBeforePrepare\u003dtrue,ds\u003dAsset_modelisation_table,sel\u003d(method\u003dfull),r\u003d0.8,s\u003d1337",
  "instanceId": "21fa6b249f8284a3a68c4f1fbcae8b69-0",
  "format": "csv1",
  "schema": {
    "userModified": false,
    "columns": [
      {
        "name": "Asset",
        "type": "string",
        "timestampNoTzAsDate": false,
        "maxLength": -1
      },
      {
        "name": "failure_bin",
        "type": "bigint",
        "timestampNoTzAsDate": false,
        "maxLength": -1
      },
      {
        "name": "Time_begin_exploitation",
        "type": "bigint",
        "timestampNoTzAsDate": false,
        "maxLength": -1
      },
      {
        "name": "Initial_km",
        "type": "double",
        "timestampNoTzAsDate": false,
        "maxLength": -1
      },
      {
        "name": "nb_km",
        "type": "double",
        "timestampNoTzAsDate": false,
        "maxLength": -1
      },
      {
        "name": "R044_Quantity_sum",
        "type": "bigint",
        "timestampNoTzAsDate": false,
        "maxLength": -1
      },
      {
        "name": "R064_Quantity_sum",
        "type": "bigint",
        "timestampNoTzAsDate": false,
        "maxLength": -1
      },
      {
        "name": "R119_Quantity_sum",
        "type": "bigint",
        "timestampNoTzAsDate": false,
        "maxLength": -1
      },
      {
        "name": "R193_Quantity_sum",
        "type": "bigint",
        "timestampNoTzAsDate": false,
        "maxLength": -1
      },
      {
        "name": "R364_Quantity_sum",
        "type": "bigint",
        "timestampNoTzAsDate": false,
        "maxLength": -1
      },
      {
        "name": "R396_Quantity_sum",
        "type": "bigint",
        "timestampNoTzAsDate": false,
        "maxLength": -1
      },
      {
        "name": "R417_Quantity_sum",
        "type": "bigint",
        "timestampNoTzAsDate": false,
        "maxLength": -1
      },
      {
        "name": "R446_Quantity_sum",
        "type": "bigint",
        "timestampNoTzAsDate": false,
        "maxLength": -1
      },
      {
        "name": "R565_Quantity_sum",
        "type": "bigint",
        "timestampNoTzAsDate": false,
        "maxLength": -1
      },
      {
        "name": "R575_Quantity_sum",
        "type": "bigint",
        "timestampNoTzAsDate": false,
        "maxLength": -1
      },
      {
        "name": "R606_Quantity_sum",
        "type": "bigint",
        "timestampNoTzAsDate": false,
        "maxLength": -1
      },
      {
        "name": "R707_Quantity_sum",
        "type": "bigint",
        "timestampNoTzAsDate": false,
        "maxLength": -1
      },
      {
        "name": "R782_Quantity_sum",
        "type": "bigint",
        "timestampNoTzAsDate": false,
        "maxLength": -1
      },
      {
        "name": "R783_Quantity_sum",
        "type": "bigint",
        "timestampNoTzAsDate": false,
        "maxLength": -1
      },
      {
        "name": "Quantity_sum",
        "type": "bigint",
        "timestampNoTzAsDate": false,
        "maxLength": -1
      }
    ]
  },
  "fullPath": "full-21fa6b249f8284a3a68c4f1fbcae8b69-0.csv",
  "trainRows": 0,
  "testRows": 0,
  "fullRows": 1805
}