{
  "state": "DONE",
  "sampleWeightsEnabled": false,
  "modelId": "NA",
  "progress": {
    "top_level_todo": [
      "Loading train set",
      "Preprocessing data"
    ],
    "stack": [],
    "top_level_done": [
      {
        "name": "Collecting statistics",
        "time": 15905
      },
      {
        "name": "Fitting model",
        "time": 19874
      },
      {
        "name": "Saving model",
        "time": 6
      },
      {
        "name": "Scoring model",
        "time": 31312
      }
    ]
  },
  "startTime": 1545111996364,
  "endTime": 1545112109450,
  "preprocessingTime": 16425,
  "trainingTime": 69393,
  "fullRows": 10000
}